glottocode,language_name,lang_family,lang_family_count,domains_of_use,speaker_number,speaker_number_trends,transmission,elcat_endangerment,country_count,max_gdp_percapita,avg_gdp_percapita,max_internet,avg_internet,max_urban,avg_urban,max_urban_growth,avg_urban_growth,official,regional,national,minority,widely_spoken,area_Africa,area_Australia,area_Eurasia,area_North America,area_Papunesia,area_South America
guri1248,Muno,,0.0,,3,,,endangered,1,3006.70564478923,3006.70564478923,18.81159973,18.81159973,15.4061816403333,15.4061816403333,4.06785501758394,4.06785501758394,0,0,0,0,0,0,0,0,0,1,0
pawa1255,Pawaia,,0.0,,2,,,threatened,1,3006.70564478923,3006.70564478923,18.81159973,18.81159973,15.4061816403333,15.4061816403333,4.06785501758394,4.06785501758394,0,0,0,0,0,0,0,0,0,1,0
dama1272,Damal,,0.0,,2,2,2,threatened,1,4925.43048751861,4925.43048751861,72.78075544,72.78075544,58.7509635387997,58.7509635387997,1.89719567962498,1.89719567962498,0,0,0,0,0,0,0,0,0,1,0
kusu1250,Kusunda,,0.0,5,5,5,5,critically endangered,1,1447.31004458428,1447.31004458428,46.32189941,46.32189941,66.772343163029,66.772343163029,0.196822600544043,0.196822600544043,0,0,0,0,0,0,0,1,0,0,0
vile1241,Vilela,,0.0,,,,,dormant,1,13969.7836603737,13969.7836603737,89.66715228,89.66715228,92.2742315972952,92.2742315972952,0.432261342079918,0.432261342079918,0,0,0,0,0,0,0,0,0,0,1
tuni1252,Tunica,,0.0,,,,,awakening,1,84534.0407841548,84534.0407841548,94.69380188,94.69380188,80.1247798047184,80.1247798047184,1.04286346807884,1.04286346807884,0,0,0,0,0,0,0,0,1,0,0
arut1244,Arutani,,0.0,5,5,5,5,critically endangered,2,10310.5488778166,7264.069952125255,84.46347227,80.57118697,89.285859883201,88.5908574182578,0.724401697459186,0.5671100519386305,0,0,0,0,0,0,0,0,0,0,1
yetf1238,Yetfa,,0.0,,2,,,threatened,2,4925.43048751861,3966.06806615392,72.78075544,45.796177584999995,58.7509635387997,37.0785725895665,4.06785501758394,2.9825253486044603,0,0,0,0,0,0,0,0,0,1,0
muni1258,Muniche,,0.0,,,,,dormant,1,8452.37167056621,8452.37167056621,81.95705992,81.95705992,85.1912729600355,85.1912729600355,1.57651042813743,1.57651042813743,0,0,0,0,0,0,0,0,0,0,1
taia1239,Taiap,,0.0,,4,,3,severely endangered,1,3006.70564478923,3006.70564478923,18.81159973,18.81159973,15.4061816403333,15.4061816403333,4.06785501758394,4.06785501758394,0,0,0,0,0,0,0,0,0,1,0
klam1254,Klamath-Modoc,,0.0,,,,,awakening,1,84534.0407841548,84534.0407841548,94.69380188,94.69380188,80.1247798047184,80.1247798047184,1.04286346807884,1.04286346807884,0,0,0,0,0,0,0,0,1,0,0
cayu1262,Cayubaba,,0.0,,,,,dormant,1,4421.16609889999,4421.16609889999,79.70469666,79.70469666,71.2361453773988,71.2361453773988,1.82370068528301,1.82370068528301,1,0,0,0,0,0,0,0,0,0,1
yama1264,Yámana,,0.0,,,,,dormant,1,16709.8893972307,16709.8893972307,95.590243,95.590243,88.9950908479196,88.9950908479196,0.739019575786262,0.739019575786262,0,0,0,0,0,0,0,0,0,0,1
shom1245,Shom Peng,,0.0,,3,,1,threatened,1,2694.73780859961,2694.73780859961,64.9434967,64.9434967,35.3788972368389,35.3788972368389,1.77423382325139,1.77423382325139,0,0,0,0,0,0,0,1,0,0,0
bira1253,Ongota,,0.0,5,5,,5,critically endangered,1,1133.88279681719,1133.88279681719,21.94129944,21.94129944,23.6222839355469,23.6222839355469,4.99846973014755,4.99846973014755,0,0,0,0,0,1,0,0,0,0,0
yele1255,Yele,,0.0,,2,,,threatened,1,3006.70564478923,3006.70564478923,18.81159973,18.81159973,15.4061816403333,15.4061816403333,4.06785501758394,4.06785501758394,0,0,0,0,0,0,0,0,0,1,0
pele1245,Pele-Ata,,0.0,,2,,,threatened,1,3006.70564478923,3006.70564478923,18.81159973,18.81159973,15.4061816403333,15.4061816403333,4.06785501758394,4.06785501758394,0,0,0,0,0,0,0,0,0,1,0
iton1250,Itonama,,0.0,,5,,5,critically endangered,1,4421.16609889999,4421.16609889999,79.70469666,79.70469666,71.2361453773988,71.2361453773988,1.82370068528301,1.82370068528301,1,0,0,0,0,0,0,0,0,0,1
usku1243,Usku,,0.0,,3,,1,threatened,1,4925.43048751861,4925.43048751861,72.78075544,72.78075544,58.7509635387997,58.7509635387997,1.89719567962498,1.89719567962498,0,0,0,0,0,0,0,0,0,1,0
lavu1241,Lavukaleve,,0.0,2,2,1,1,threatened,1,1933.55538435227,1933.55538435227,29.04070091,29.04070091,30.6617188562194,30.6617188562194,4.52267698306251,4.52267698306251,0,0,0,0,0,0,0,0,0,1,0
molo1262,Molof,,0.0,,3,,,endangered,1,4925.43048751861,4925.43048751861,72.78075544,72.78075544,58.7509635387997,58.7509635387997,1.89719567962498,1.89719567962498,0,0,0,0,0,0,0,0,0,1,0
wara1303,Warao,,0.0,,1,,,vulnerable,3,29675.2443873316,13618.208324460256,87.4,82.35990092,89.285859883201,60.5092545306155,0.889793534914993,0.6393969407346387,0,0,0,0,0,0,0,0,0,0,1
saus1247,Sause,,0.0,,3,3,,endangered,1,4925.43048751861,4925.43048751861,72.78075544,72.78075544,58.7509635387997,58.7509635387997,1.89719567962498,1.89719567962498,0,0,0,0,0,0,0,0,0,1,0
kimk1238,Kimki,,0.0,1,3,,,threatened,1,4925.43048751861,4925.43048751861,72.78075544,72.78075544,58.7509635387997,58.7509635387997,1.89719567962498,1.89719567962498,0,0,0,0,0,0,0,0,0,1,0
fasu1242,Fasu,,0.0,,2,,,threatened,1,3006.70564478923,3006.70564478923,18.81159973,18.81159973,15.4061816403333,15.4061816403333,4.06785501758394,4.06785501758394,0,0,0,0,0,0,0,0,0,1,0
buru1296,Burushaski,,0.0,,0,4,2,threatened,2,2694.73780859961,2086.755294189785,64.9434967,61.09824835,39.1734368360905,37.2761670364647,2.41802539576733,2.09612960950936,0,0,0,0,0,0,0,1,0,0,0
cofa1242,Cofán,,0.0,2,2,1,0,vulnerable,2,7919.20886825345,7396.957304009726,79.34543299,78.25908207,78.5210811866115,70.87938721318585,1.3876355674663,1.2087038887622,0,0,0,0,0,0,0,0,0,0,1
iran1263,Irántxe-Münkü,,0.0,,3,,,severely endangered,1,10310.5488778166,10310.5488778166,84.46347227,84.46347227,87.8958549533146,87.8958549533146,0.724401697459186,0.724401697459186,0,0,0,0,0,0,0,0,0,0,1
chit1248,Chitimacha,,0.0,,,,,awakening,1,84534.0407841548,84534.0407841548,94.69380188,94.69380188,80.1247798047184,80.1247798047184,1.04286346807884,1.04286346807884,0,0,0,0,0,0,0,0,1,0,0
wage1238,Wageman,,0.0,,4,4,,severely endangered,1,64603.9856308464,64603.9856308464,96.13140106,96.13140106,87.6021469990446,87.6021469990446,2.12571289816265,2.12571289816265,0,0,0,0,0,0,1,0,0,0,0
lara1258,Laragia,,0.0,,5,5,5,critically endangered,1,64603.9856308464,64603.9856308464,96.13140106,96.13140106,87.6021469990446,87.6021469990446,2.12571289816265,2.12571289816265,0,0,0,0,0,0,1,0,0,0,0
mawe1251,Mawes,,0.0,,3,,,endangered,1,4925.43048751861,4925.43048751861,72.78075544,72.78075544,58.7509635387997,58.7509635387997,1.89719567962498,1.89719567962498,0,0,0,0,0,0,0,0,0,1,0
mass1263,Massep,,0.0,,4,,,severely endangered,1,4925.43048751861,4925.43048751861,72.78075544,72.78075544,58.7509635387997,58.7509635387997,1.89719567962498,1.89719567962498,0,0,0,0,0,0,0,0,0,1,0
wiru1244,Wiru,,0.0,,1,,,vulnerable,1,3006.70564478923,3006.70564478923,18.81159973,18.81159973,15.4061816403333,15.4061816403333,4.06785501758394,4.06785501758394,0,0,0,0,0,0,0,0,0,1,0
wadj1254,Wadjiginy,,0.0,,4,,,severely endangered,1,64603.9856308464,64603.9856308464,96.13140106,96.13140106,87.6021469990446,87.6021469990446,2.12571289816265,2.12571289816265,0,0,0,0,0,0,1,0,0,0,0
puin1248,Puinave,,0.0,,2,,,threatened,2,7919.20886825345,6068.39994734368,79.34543299,78.01216733000001,89.285859883201,83.90347053490625,1.3876355674663,0.8987269869421874,0,0,0,0,0,0,0,0,0,0,1
dibi1240,Dibiyaso,,0.0,,2,,,threatened,1,3006.70564478923,3006.70564478923,18.81159973,18.81159973,15.4061816403333,15.4061816403333,4.06785501758394,4.06785501758394,0,0,0,0,0,0,0,0,0,1,0
sulk1246,Sulka,,0.0,,2,,,threatened,1,3006.70564478923,3006.70564478923,18.81159973,18.81159973,15.4061816403333,15.4061816403333,4.06785501758394,4.06785501758394,0,0,0,0,0,0,0,0,0,1,0
pyuu1245,Pyu,,0.0,,4,,2,endangered,2,4925.43048751861,3966.06806615392,72.78075544,45.796177584999995,58.7509635387997,37.0785725895665,4.06785501758394,2.9825253486044603,0,0,0,0,0,0,0,0,0,1,0
yale1246,Yale,,0.0,,3,,,endangered,1,3006.70564478923,3006.70564478923,18.81159973,18.81159973,15.4061816403333,15.4061816403333,4.06785501758394,4.06785501758394,0,0,0,0,0,0,0,0,0,1,0
seri1257,Seri,,0.0,1,3,,1,threatened,1,14185.7812248529,14185.7812248529,83.12233799,83.12233799,79.7538805976118,79.7538805976118,1.2127000253117,1.2127000253117,0,0,0,0,0,0,0,0,1,0,0
cams1241,Camsá,,0.0,,2,,,threatened,1,7919.20886825345,7919.20886825345,79.34543299,79.34543299,78.5210811866115,78.5210811866115,1.3876355674663,1.3876355674663,0,0,0,0,0,0,0,0,0,0,1
cent2045,Jalaa,,0.0,,4,,5,critically endangered,1,1084.16041805436,1084.16041805436,41.21139908,41.21139908,62.9755675573659,62.9755675573659,3.3628832591496,3.3628832591496,0,0,0,0,0,1,0,0,0,0,0
pira1253,Pirahã,,0.0,,3,,0,vulnerable,1,10310.5488778166,10310.5488778166,84.46347227,84.46347227,87.8958549533146,87.8958549533146,0.724401697459186,0.724401697459186,0,0,0,0,0,0,0,0,0,0,1
boga1247,Bogaya,,0.0,,3,,,endangered,1,3006.70564478923,3006.70564478923,18.81159973,18.81159973,15.4061816403333,15.4061816403333,4.06785501758394,4.06785501758394,0,0,0,0,0,0,0,0,0,1,0
sand1273,Sandawe,,0.0,,1,,,vulnerable,1,1186.71691894531,1186.71691894531,31.16209984,31.16209984,36.1684458862992,36.1684458862992,4.8107084931504,4.8107084931504,0,0,0,0,0,1,0,0,0,0,0
leco1242,Leco,,0.0,,,,,dormant,1,4421.16609889999,4421.16609889999,79.70469666,79.70469666,71.2361453773988,71.2361453773988,1.82370068528301,1.82370068528301,1,0,0,0,0,0,0,0,0,0,1
pume1238,Pumé,,0.0,,2,,,threatened,2,7919.20886825345,6068.39994734368,79.34543299,78.01216733000001,89.285859883201,83.90347053490625,1.3876355674663,0.8987269869421874,0,0,0,0,0,0,0,0,0,0,1
savo1255,Savosavo,,0.0,2,2,,,threatened,1,1933.55538435227,1933.55538435227,29.04070091,29.04070091,30.6617188562194,30.6617188562194,4.52267698306251,4.52267698306251,0,0,0,0,0,0,0,0,0,1,0
tiwi1244,Tiwi,,0.0,,2,,,threatened,1,64603.9856308464,64603.9856308464,96.13140106,96.13140106,87.6021469990446,87.6021469990446,2.12571289816265,2.12571289816265,0,0,0,0,0,0,1,0,0,0,0
gaga1251,Gaagudju,,0.0,,,,,dormant,1,64603.9856308464,64603.9856308464,96.13140106,96.13140106,87.6021469990446,87.6021469990446,2.12571289816265,2.12571289816265,0,0,0,0,0,0,1,0,0,0,0
sius1254,Siuslaw,,0.0,,,,,dormant,1,84534.0407841548,84534.0407841548,94.69380188,94.69380188,80.1247798047184,80.1247798047184,1.04286346807884,1.04286346807884,0,0,0,0,0,0,0,0,1,0,0
umbu1235,Umbugarla,,0.0,,,,,dormant,1,64603.9856308464,64603.9856308464,96.13140106,96.13140106,87.6021469990446,87.6021469990446,2.12571289816265,2.12571289816265,0,0,0,0,0,0,1,0,0,0,0
taus1253,Taushiro,,0.0,,5,,,critically endangered,1,8452.37167056621,8452.37167056621,81.95705992,81.95705992,85.1912729600355,85.1912729600355,1.57651042813743,1.57651042813743,0,0,0,0,0,0,0,0,0,0,1
urar1246,Urarina,,0.0,,2,,,threatened,1,8452.37167056621,8452.37167056621,81.95705992,81.95705992,85.1912729600355,85.1912729600355,1.57651042813743,1.57651042813743,0,0,0,0,0,0,0,0,0,0,1
wash1253,Washo,,0.0,,4,,,severely endangered,1,84534.0407841548,84534.0407841548,94.69380188,94.69380188,80.1247798047184,80.1247798047184,1.04286346807884,1.04286346807884,0,0,0,0,0,0,0,0,1,0,0
pura1257,Purari,,0.0,,2,,,threatened,1,3006.70564478923,3006.70564478923,18.81159973,18.81159973,15.4061816403333,15.4061816403333,4.06785501758394,4.06785501758394,0,0,0,0,0,0,0,0,0,1,0
tini1245,Tinigua,,0.0,,5,,,critically endangered,1,7919.20886825345,7919.20886825345,79.34543299,79.34543299,78.5210811866115,78.5210811866115,1.3876355674663,1.3876355674663,0,0,0,0,0,0,0,0,0,0,1
aika1237,Aikanã,,0.0,,3,0,0,vulnerable,1,10310.5488778166,10310.5488778166,84.46347227,84.46347227,87.8958549533146,87.8958549533146,0.724401697459186,0.724401697459186,0,0,0,0,0,0,0,0,0,0,1
yera1243,Yerakai,,0.0,,3,,,endangered,1,3006.70564478923,3006.70564478923,18.81159973,18.81159973,15.4061816403333,15.4061816403333,4.06785501758394,4.06785501758394,0,0,0,0,0,0,0,0,0,1,0
laal1242,Laal,,0.0,,3,,,endangered,1,961.55975562506,961.55975562506,12.62689972,12.62689972,26.9315292389497,26.9315292389497,7.20534416894141,7.20534416894141,0,0,0,0,0,1,0,0,0,0,0
else1239,Elseng,,0.0,,3,,,endangered,1,4925.43048751861,4925.43048751861,72.78075544,72.78075544,58.7509635387997,58.7509635387997,1.89719567962498,1.89719567962498,0,0,0,0,0,0,0,0,0,1,0
tana1288,Tanahmerah,,0.0,,3,,,endangered,1,4925.43048751861,4925.43048751861,72.78075544,72.78075544,58.7509635387997,58.7509635387997,1.89719567962498,1.89719567962498,0,0,0,0,0,0,0,0,0,1,0
kuja1239,Kujarge,,0.0,,3,,,endangered,1,961.55975562506,961.55975562506,12.62689972,12.62689972,26.9315292389497,26.9315292389497,7.20534416894141,7.20534416894141,0,0,0,0,0,1,0,0,0,0,0
abun1252,Abun,,0.0,,2,,,threatened,1,4925.43048751861,4925.43048751861,72.78075544,72.78075544,58.7509635387997,58.7509635387997,1.89719567962498,1.89719567962498,0,0,0,0,0,0,0,0,0,1,0
cand1248,Candoshi-Shapra,,0.0,,2,0,0,threatened,1,8452.37167056621,8452.37167056621,81.95705992,81.95705992,85.1912729600355,85.1912729600355,1.57651042813743,1.57651042813743,0,0,0,0,0,0,0,0,0,0,1
momu1241,Momuna,,0.0,,2,,,threatened,1,4925.43048751861,4925.43048751861,72.78075544,72.78075544,58.7509635387997,58.7509635387997,1.89719567962498,1.89719567962498,0,0,0,0,0,0,0,0,0,1,0
kano1245,Kanoê,,0.0,,5,,,critically endangered,1,10310.5488778166,10310.5488778166,84.46347227,84.46347227,87.8958549533146,87.8958549533146,0.724401697459186,0.724401697459186,0,0,0,0,0,0,0,0,0,0,1
yuwa1244,Hoti,,0.0,,3,,,endangered,1,4217.59102643391,4217.59102643391,76.67890167,76.67890167,89.285859883201,89.285859883201,0.409818406418075,0.409818406418075,0,0,0,0,0,0,0,0,0,0,1
papi1255,Papi,,0.0,,4,,,severely endangered,1,3006.70564478923,3006.70564478923,18.81159973,18.81159973,15.4061816403333,15.4061816403333,4.06785501758394,4.06785501758394,0,0,0,0,0,0,0,0,0,1,0
morb1239,Mor (Bomberai Peninsula),,0.0,,4,4,,severely endangered,1,4925.43048751861,4925.43048751861,72.78075544,72.78075544,58.7509635387997,58.7509635387997,1.89719567962498,1.89719567962498,0,0,0,0,0,0,0,0,0,1,0
moro1289,Marori,,0.0,4,3,4,2,endangered,1,4925.43048751861,4925.43048751861,72.78075544,72.78075544,58.7509635387997,58.7509635387997,1.89719567962498,1.89719567962498,0,0,0,0,0,0,0,0,0,1,0
bilu1245,Bilua,,0.0,,2,,,threatened,2,3006.70564478923,2470.13051457075,29.04070091,23.92615032,30.6617188562194,23.03395024827635,4.52267698306251,4.295266000323226,0,0,0,0,0,0,0,0,0,1,0
kibi1239,Kibiri,,0.0,,2,,,threatened,1,3006.70564478923,3006.70564478923,18.81159973,18.81159973,15.4061816403333,15.4061816403333,4.06785501758394,4.06785501758394,0,0,0,0,0,0,0,0,0,1,0
bang1363,Bangime,,0.0,,2,,,threatened,1,1094.61949265799,1094.61949265799,36.80149841,36.80149841,31.6075621182225,31.6075621182225,4.87178721321357,4.87178721321357,1,0,0,0,0,1,0,0,0,0,0
kolp1236,Kol (Papua New Guinea),,0.0,,2,,,threatened,1,3006.70564478923,3006.70564478923,18.81159973,18.81159973,15.4061816403333,15.4061816403333,4.06785501758394,4.06785501758394,0,0,0,0,0,0,0,0,0,1,0
waor1240,Waorani,,0.0,,2,,,threatened,1,6874.705739766,6874.705739766,77.17273115,77.17273115,63.2376932397602,63.2376932397602,1.0297722100581,1.0297722100581,0,0,0,0,0,0,0,0,0,0,1
kute1249,Kutenai,,0.0,,4,5,5,critically endangered,2,84534.0407841548,69437.19425331405,94.69380188,94.52355194,82.7002565766633,81.41251819069086,3.17427570128175,2.108569584680295,0,0,0,0,0,0,0,0,1,0,0
kung1259,Kungarakany,,0.0,,,,,dormant,1,64603.9856308464,64603.9856308464,96.13140106,96.13140106,87.6021469990446,87.6021469990446,2.12571289816265,2.12571289816265,0,0,0,0,0,0,1,0,0,0,0
burm1264,Burmeso,,0.0,,3,,,endangered,1,4925.43048751861,4925.43048751861,72.78075544,72.78075544,58.7509635387997,58.7509635387997,1.89719567962498,1.89719567962498,0,0,0,0,0,0,0,0,0,1,0
anem1249,Anem,,0.0,,3,,,endangered,1,3006.70564478923,3006.70564478923,18.81159973,18.81159973,15.4061816403333,15.4061816403333,4.06785501758394,4.06785501758394,0,0,0,0,0,0,0,0,0,1,0
touo1238,Touo,,0.0,,2,,,threatened,2,3006.70564478923,2470.13051457075,29.04070091,23.92615032,30.6617188562194,23.03395024827635,4.52267698306251,4.295266000323226,0,0,0,0,0,0,0,0,0,1,0
kaki1249,Kaki Ae,,0.0,,3,,,endangered,1,3006.70564478923,3006.70564478923,18.81159973,18.81159973,15.4061816403333,15.4061816403333,4.06785501758394,4.06785501758394,0,0,0,0,0,0,0,0,0,1,0
karo1304,Karuk,,0.0,,4,,,severely endangered,1,84534.0407841548,84534.0407841548,94.69380188,94.69380188,80.1247798047184,80.1247798047184,1.04286346807884,1.04286346807884,0,0,0,0,0,0,0,0,1,0,0
kapo1250,Kapori,,0.0,,3,,0,vulnerable,1,4925.43048751861,4925.43048751861,72.78075544,72.78075544,58.7509635387997,58.7509635387997,1.89719567962498,1.89719567962498,0,0,0,0,0,0,0,0,0,1,0
taru1236,Taruma,,0.0,,5,5,5,critically endangered,2,29675.2443873316,19992.8966325741,84.46347227,83.73213668,87.8958549533146,57.1867864709358,0.724401697459186,0.671490289165017,0,0,0,0,0,0,0,0,0,0,1
suar1238,Asabano,,0.0,,3,,1,threatened,1,3006.70564478923,3006.70564478923,18.81159973,18.81159973,15.4061816403333,15.4061816403333,4.06785501758394,4.06785501758394,0,0,0,0,0,0,0,0,0,1,0
abin1243,Abinomn,,0.0,,4,5,,critically endangered,1,4925.43048751861,4925.43048751861,72.78075544,72.78075544,58.7509635387997,58.7509635387997,1.89719567962498,1.89719567962498,0,0,0,0,0,0,0,0,0,1,0
niha1238,Nihali,,0.0,,2,,,threatened,1,2694.73780859961,2694.73780859961,64.9434967,64.9434967,35.3788972368389,35.3788972368389,1.77423382325139,1.77423382325139,0,0,0,0,0,0,0,1,0,0,0
hrus1242,Hruso,,0.0,,2,,,threatened,1,2694.73780859961,2694.73780859961,64.9434967,64.9434967,35.3788972368389,35.3788972368389,1.77423382325139,1.77423382325139,0,0,0,0,0,0,0,1,0,0,0
zuni1245,Zuni,,0.0,,2,,2,threatened,1,84534.0407841548,84534.0407841548,94.69380188,94.69380188,80.1247798047184,80.1247798047184,1.04286346807884,1.04286346807884,0,0,0,0,0,0,0,0,1,0,0
hadz1240,Hadza,,0.0,,3,1,,threatened,1,1186.71691894531,1186.71691894531,31.16209984,31.16209984,36.1684458862992,36.1684458862992,4.8107084931504,4.8107084931504,0,0,0,0,0,1,0,0,0,0,0
puel1244,Puelche,,0.0,,,,,dormant,1,13969.7836603737,13969.7836603737,89.66715228,89.66715228,92.2742315972952,92.2742315972952,0.432261342079918,0.432261342079918,0,0,0,0,0,0,0,0,0,0,1
kuot1243,Kuot,,0.0,,2,,,threatened,1,3006.70564478923,3006.70564478923,18.81159973,18.81159973,15.4061816403333,15.4061816403333,4.06785501758394,4.06785501758394,0,0,0,0,0,0,0,0,0,1,0
mose1249,Mosetén-Chimané,,0.0,,2,0,0,vulnerable,1,4421.16609889999,4421.16609889999,79.70469666,79.70469666,71.2361453773988,71.2361453773988,1.82370068528301,1.82370068528301,1,0,0,0,0,0,0,0,0,0,1
shab1252,Shabo,,0.0,4,3,,3,severely endangered,1,1133.88279681719,1133.88279681719,21.94129944,21.94129944,23.6222839355469,23.6222839355469,4.99846973014755,4.99846973014755,0,0,0,0,0,1,0,0,0,0,0
natc1249,Natchez,,0.0,,,,,awakening,1,84534.0407841548,84534.0407841548,94.69380188,94.69380188,80.1247798047184,80.1247798047184,1.04286346807884,1.04286346807884,0,0,0,0,0,0,0,0,1,0,0
fuln1247,Fulniô,,0.0,,2,,,threatened,1,10310.5488778166,10310.5488778166,84.46347227,84.46347227,87.8958549533146,87.8958549533146,0.724401697459186,0.724401697459186,0,0,0,0,0,0,0,0,0,0,1
yuch1247,Yuchi,,0.0,,5,5,5,critically endangered,1,84534.0407841548,84534.0407841548,94.69380188,94.69380188,80.1247798047184,80.1247798047184,1.04286346807884,1.04286346807884,0,0,0,0,0,0,0,0,1,0,0
mpur1239,Mpur,,0.0,,2,,,threatened,1,4925.43048751861,4925.43048751861,72.78075544,72.78075544,58.7509635387997,58.7509635387997,1.89719567962498,1.89719567962498,0,0,0,0,0,0,0,0,0,1,0
odia1239,Odiai,,0.0,,3,,,endangered,1,3006.70564478923,3006.70564478923,18.81159973,18.81159973,15.4061816403333,15.4061816403333,4.06785501758394,4.06785501758394,0,0,0,0,0,0,0,0,0,1,0
demm1245,Dem,,0.0,,2,,,threatened,1,4925.43048751861,4925.43048751861,72.78075544,72.78075544,58.7509635387997,58.7509635387997,1.89719567962498,1.89719567962498,0,0,0,0,0,0,0,0,0,1,0
kehu1238,Kehu,,0.0,,4,,,severely endangered,1,4925.43048751861,4925.43048751861,72.78075544,72.78075544,58.7509635387997,58.7509635387997,1.89719567962498,1.89719567962498,0,0,0,0,0,0,0,0,0,1,0
kwaz1243,Kwaza,,0.0,,4,,,severely endangered,1,10310.5488778166,10310.5488778166,84.46347227,84.46347227,87.8958549533146,87.8958549533146,0.724401697459186,0.724401697459186,0,0,0,0,0,0,0,0,0,0,1
sape1238,Sapé,,0.0,5,5,5,5,critically endangered,1,4217.59102643391,4217.59102643391,76.67890167,76.67890167,89.285859883201,89.285859883201,0.409818406418075,0.409818406418075,0,0,0,0,0,0,0,0,0,0,1
yura1255,Yuracaré,,0.0,,2,,,threatened,1,4421.16609889999,4421.16609889999,79.70469666,79.70469666,71.2361453773988,71.2361453773988,1.82370068528301,1.82370068528301,1,0,0,0,0,0,0,0,0,0,1
guat1253,Guató,,0.0,,5,5,5,critically endangered,1,10310.5488778166,10310.5488778166,84.46347227,84.46347227,87.8958549533146,87.8958549533146,0.724401697459186,0.724401697459186,0,0,0,0,0,0,0,0,0,0,1
abis1238,Aewa,,0.0,,,,,dormant,1,8452.37167056621,8452.37167056621,81.95705992,81.95705992,85.1912729600355,85.1912729600355,1.57651042813743,1.57651042813743,0,0,0,0,0,0,0,0,0,0,1
mato1253,Mato Grosso Arára,,0.0,,,,,dormant,1,10310.5488778166,10310.5488778166,84.46347227,84.46347227,87.8958549533146,87.8958549533146,0.724401697459186,0.724401697459186,0,0,0,0,0,0,0,0,0,0,1
tabo1241,Tabo,,0.0,,2,,,threatened,1,3006.70564478923,3006.70564478923,18.81159973,18.81159973,15.4061816403333,15.4061816403333,4.06785501758394,4.06785501758394,0,0,0,0,0,0,0,0,0,1,0
trum1247,Trumai,,0.0,,4,5,5,critically endangered,1,10310.5488778166,10310.5488778166,84.46347227,84.46347227,87.8958549533146,87.8958549533146,0.724401697459186,0.724401697459186,0,0,0,0,0,0,0,0,0,0,1
paez1247,Páez,,0.0,,1,,,vulnerable,1,7919.20886825345,7919.20886825345,79.34543299,79.34543299,78.5210811866115,78.5210811866115,1.3876355674663,1.3876355674663,0,0,0,0,0,0,0,0,0,0,1
cani1243,Canichana,,0.0,,,,,dormant,1,4421.16609889999,4421.16609889999,79.70469666,79.70469666,71.2361453773988,71.2361453773988,1.82370068528301,1.82370068528301,1,0,0,0,0,0,0,0,0,0,1
cree1270,Creek,Muskogean,7.0,,2,5,4,severely endangered,1,84534.0407841548,84534.0407841548,94.69380188,94.69380188,80.1247798047184,80.1247798047184,1.04286346807884,1.04286346807884,0,0,0,0,0,0,0,0,1,0,0
mika1239,Mikasuki,Muskogean,7.0,,2,,,threatened,1,84534.0407841548,84534.0407841548,94.69380188,94.69380188,80.1247798047184,80.1247798047184,1.04286346807884,1.04286346807884,0,0,0,0,0,0,0,0,1,0,0
koas1236,Koasati,Muskogean,7.0,,3,,4,severely endangered,1,84534.0407841548,84534.0407841548,94.69380188,94.69380188,80.1247798047184,80.1247798047184,1.04286346807884,1.04286346807884,0,0,0,0,0,0,0,0,1,0,0
alab1237,Alabama,Muskogean,7.0,,3,,,endangered,1,84534.0407841548,84534.0407841548,94.69380188,94.69380188,80.1247798047184,80.1247798047184,1.04286346807884,1.04286346807884,0,0,0,0,0,0,0,0,1,0,0
choc1276,Choctaw,Muskogean,7.0,,1,,,vulnerable,1,84534.0407841548,84534.0407841548,94.69380188,94.69380188,80.1247798047184,80.1247798047184,1.04286346807884,1.04286346807884,0,0,0,0,0,0,0,0,1,0,0
chic1270,Chickasaw,Muskogean,7.0,5,4,,5,critically endangered,1,84534.0407841548,84534.0407841548,94.69380188,94.69380188,80.1247798047184,80.1247798047184,1.04286346807884,1.04286346807884,0,0,0,0,0,0,0,0,1,0,0
mass1262,Massalat,Maban,10.0,,4,,,severely endangered,1,961.55975562506,961.55975562506,12.62689972,12.62689972,26.9315292389497,26.9315292389497,7.20534416894141,7.20534416894141,0,0,0,0,0,1,0,0,0,0,0
kend1253,Kendeje,Maban,10.0,3,2,,,endangered,1,961.55975562506,961.55975562506,12.62689972,12.62689972,26.9315292389497,26.9315292389497,7.20534416894141,7.20534416894141,0,0,0,0,0,1,0,0,0,0,0
kara1484,Karanga,Maban,10.0,,2,,,threatened,1,961.55975562506,961.55975562506,12.62689972,12.62689972,26.9315292389497,26.9315292389497,7.20534416894141,7.20534416894141,0,0,0,0,0,1,0,0,0,0,0
bora1263,Bora,Boran,2.0,,2,,4,severely endangered,3,10310.5488778166,8894.043138878753,84.46347227,81.92198839333334,87.8958549533146,83.86940303332052,1.57651042813743,1.2295158976876388,0,0,0,0,0,0,0,0,0,0,1
muin1242,Muinane,Boran,2.0,,4,,,severely endangered,1,7919.20886825345,7919.20886825345,79.34543299,79.34543299,78.5210811866115,78.5210811866115,1.3876355674663,1.3876355674663,0,0,0,0,0,0,0,0,0,0,1
tago1246,Tagoi,Rashad,2.0,,1,,,vulnerable,1,984.607666015625,984.607666015625,18.60000038,18.60000038,34.8673015510839,34.8673015510839,1.01305651386284,1.01305651386284,0,0,0,0,0,1,0,0,0,0,0
tega1236,Tegali,Rashad,2.0,,1,,,vulnerable,1,984.607666015625,984.607666015625,18.60000038,18.60000038,34.8673015510839,34.8673015510839,1.01305651386284,1.01305651386284,0,0,0,0,0,1,0,0,0,0,0
djin1251,Jingulu,Mirndi,5.0,,4,,,severely endangered,1,64603.9856308464,64603.9856308464,96.13140106,96.13140106,87.6021469990446,87.6021469990446,2.12571289816265,2.12571289816265,0,0,0,0,0,0,1,0,0,0,0
djam1255,Jaminjung-Ngaliwurru,Mirndi,5.0,,4,,,severely endangered,1,64603.9856308464,64603.9856308464,96.13140106,96.13140106,87.6021469990446,87.6021469990446,2.12571289816265,2.12571289816265,0,0,0,0,0,0,1,0,0,0,0
nung1291,Nungali,Mirndi,5.0,,5,,,critically endangered,1,64603.9856308464,64603.9856308464,96.13140106,96.13140106,87.6021469990446,87.6021469990446,2.12571289816265,2.12571289816265,0,0,0,0,0,0,1,0,0,0,0
wamb1258,Wambayan,Mirndi,5.0,,5,,,critically endangered,1,64603.9856308464,64603.9856308464,96.13140106,96.13140106,87.6021469990446,87.6021469990446,2.12571289816265,2.12571289816265,0,0,0,0,0,0,1,0,0,0,0
ngar1283,Ngarnka,Mirndi,5.0,,5,,,critically endangered,1,64603.9856308464,64603.9856308464,96.13140106,96.13140106,87.6021469990446,87.6021469990446,2.12571289816265,2.12571289816265,0,0,0,0,0,0,1,0,0,0,0
ikkk1242,Ik,Kuliak,3.0,1,1,0,0,vulnerable,2,2132.43452097647,1605.17365275232,34.97622513,21.9630280955,31.8937831721599,31.585776496757802,4.92509441786509,3.851761466053815,0,0,0,0,0,1,0,0,0,0,0
sooo1256,Soo,Kuliak,3.0,,3,,4,severely endangered,1,1077.91278452817,1077.91278452817,8.949831061,8.949831061,31.2777698213557,31.2777698213557,4.92509441786509,4.92509441786509,0,0,0,0,0,1,0,0,0,0,0
nyan1313,Nyang'i,Kuliak,3.0,,5,,,critically endangered,1,1077.91278452817,1077.91278452817,8.949831061,8.949831061,31.2777698213557,31.2777698213557,4.92509441786509,4.92509441786509,0,0,0,0,0,1,0,0,0,0,0
hata1243,Hatam,Hatam-Mansim,2.0,,1,,,vulnerable,1,4925.43048751861,4925.43048751861,72.78075544,72.78075544,58.7509635387997,58.7509635387997,1.89719567962498,1.89719567962498,0,0,0,0,0,0,0,0,0,1,0
anda1283,Andai,Arafundi,5.0,,3,,,endangered,1,3006.70564478923,3006.70564478923,18.81159973,18.81159973,15.4061816403333,15.4061816403333,4.06785501758394,4.06785501758394,0,0,0,0,0,0,0,0,0,1,0
awia1234,Awiakay-Karimba,Arafundi,5.0,2,3,,0,threatened,1,3006.70564478923,3006.70564478923,18.81159973,18.81159973,15.4061816403333,15.4061816403333,4.06785501758394,4.06785501758394,0,0,0,0,0,0,0,0,0,1,0
buna1275,Bunaba,Bunaban,2.0,,4,,5,critically endangered,1,64603.9856308464,64603.9856308464,96.13140106,96.13140106,87.6021469990446,87.6021469990446,2.12571289816265,2.12571289816265,0,0,0,0,0,0,1,0,0,0,0
goon1238,Gooniyandi,Bunaban,2.0,4,4,,3,severely endangered,1,64603.9856308464,64603.9856308464,96.13140106,96.13140106,87.6021469990446,87.6021469990446,2.12571289816265,2.12571289816265,0,0,0,0,0,0,1,0,0,0,0
nucl1339,Temein,Temeinic,2.0,,1,,,vulnerable,1,984.607666015625,984.607666015625,18.60000038,18.60000038,34.8673015510839,34.8673015510839,1.01305651386284,1.01305651386284,0,0,0,0,0,1,0,0,0,0,0
tese1238,Tese,Temeinic,2.0,,2,,,threatened,1,984.607666015625,984.607666015625,18.60000038,18.60000038,34.8673015510839,34.8673015510839,1.01305651386284,1.01305651386284,0,0,0,0,0,1,0,0,0,0,0
chiq1248,Lomeriano-Ignaciano Chiquitano,Chiquitano,2.0,,2,,,threatened,2,10310.5488778166,7365.857488358295,84.46347227,82.08408446499999,87.8958549533146,79.5660001653567,1.82370068528301,1.2740511913710981,0,0,0,0,0,0,0,0,0,0,1
uruu1244,Uru,Uru-Chipaya,2.0,,,,,dormant,1,4421.16609889999,4421.16609889999,79.70469666,79.70469666,71.2361453773988,71.2361453773988,1.82370068528301,1.82370068528301,0,0,0,0,0,0,0,0,0,0,1
chip1262,Chipaya,Uru-Chipaya,2.0,,2,,,threatened,1,4421.16609889999,4421.16609889999,79.70469666,79.70469666,71.2361453773988,71.2361453773988,1.82370068528301,1.82370068528301,0,0,0,0,0,0,0,0,0,0,1
kara1499,Kalamang,West Bomberai,3.0,3,3,3,5,severely endangered,1,4925.43048751861,4925.43048751861,72.78075544,72.78075544,58.7509635387997,58.7509635387997,1.89719567962498,1.89719567962498,0,0,0,0,0,0,0,0,0,1,0
boik1241,Boikin,Ndu,13.0,,1,,,vulnerable,1,3006.70564478923,3006.70564478923,18.81159973,18.81159973,15.4061816403333,15.4061816403333,4.06785501758394,4.06785501758394,0,0,0,0,0,0,0,0,0,1,0
ngal1300,Ngala,Ndu,13.0,,3,,,endangered,1,3006.70564478923,3006.70564478923,18.81159973,18.81159973,15.4061816403333,15.4061816403333,4.06785501758394,4.06785501758394,0,0,0,0,0,0,0,0,0,1,0
ambu1247,Ambulas,Ndu,13.0,,1,,,vulnerable,1,3006.70564478923,3006.70564478923,18.81159973,18.81159973,15.4061816403333,15.4061816403333,4.06785501758394,4.06785501758394,0,0,0,0,0,0,0,0,0,1,0
yelo1243,Yalaku,Ndu,13.0,,3,,,endangered,1,3006.70564478923,3006.70564478923,18.81159973,18.81159973,15.4061816403333,15.4061816403333,4.06785501758394,4.06785501758394,0,0,0,0,0,0,0,0,0,1,0
mana1298,Manambu,Ndu,13.0,3,2,,1,threatened,1,3006.70564478923,3006.70564478923,18.81159973,18.81159973,15.4061816403333,15.4061816403333,4.06785501758394,4.06785501758394,0,0,0,0,0,0,0,0,0,1,0
seng1284,Sengo,Ndu,13.0,,3,,,endangered,1,3006.70564478923,3006.70564478923,18.81159973,18.81159973,15.4061816403333,15.4061816403333,4.06785501758394,4.06785501758394,0,0,0,0,0,0,0,0,0,1,0
koiw1243,Koiwat,Ndu,13.0,,3,,,endangered,1,3006.70564478923,3006.70564478923,18.81159973,18.81159973,15.4061816403333,15.4061816403333,4.06785501758394,4.06785501758394,0,0,0,0,0,0,0,0,0,1,0
buru1309,Burui,Ndu,13.0,,3,,,endangered,1,3006.70564478923,3006.70564478923,18.81159973,18.81159973,15.4061816403333,15.4061816403333,4.06785501758394,4.06785501758394,0,0,0,0,0,0,0,0,0,1,0
gaik1242,Gaikundi,Ndu,13.0,,3,,,endangered,1,3006.70564478923,3006.70564478923,18.81159973,18.81159973,15.4061816403333,15.4061816403333,4.06785501758394,4.06785501758394,0,0,0,0,0,0,0,0,0,1,0
iatm1242,Iatmul,Ndu,13.0,3,1,2,1,threatened,1,3006.70564478923,3006.70564478923,18.81159973,18.81159973,15.4061816403333,15.4061816403333,4.06785501758394,4.06785501758394,0,0,0,0,0,0,0,0,0,1,0
sosk1235,Sos Kundi,Ndu,13.0,,2,,,threatened,1,3006.70564478923,3006.70564478923,18.81159973,18.81159973,15.4061816403333,15.4061816403333,4.06785501758394,4.06785501758394,0,0,0,0,0,0,0,0,0,1,0
akoy1238,Akoye,Angan,13.0,,3,,,endangered,1,3006.70564478923,3006.70564478923,18.81159973,18.81159973,15.4061816403333,15.4061816403333,4.06785501758394,4.06785501758394,0,0,0,0,0,0,0,0,0,1,0
kawa1276,Kawacha,Angan,13.0,,4,,,severely endangered,1,3006.70564478923,3006.70564478923,18.81159973,18.81159973,15.4061816403333,15.4061816403333,4.06785501758394,4.06785501758394,0,0,0,0,0,0,0,0,0,1,0
kama1360,Kamasa,Angan,13.0,,5,,,critically endangered,1,3006.70564478923,3006.70564478923,18.81159973,18.81159973,15.4061816403333,15.4061816403333,4.06785501758394,4.06785501758394,0,0,0,0,0,0,0,0,0,1,0
susu1251,Susuami,Angan,13.0,,4,,,severely endangered,1,3006.70564478923,3006.70564478923,18.81159973,18.81159973,15.4061816403333,15.4061816403333,4.06785501758394,4.06785501758394,0,0,0,0,0,0,0,0,0,1,0
sout2982,Southeastern Pomo,Pomoan,7.0,,,,,awakening,1,84534.0407841548,84534.0407841548,94.69380188,94.69380188,80.1247798047184,80.1247798047184,1.04286346807884,1.04286346807884,0,0,0,0,0,0,0,0,1,0,0
east2545,Eastern Pomo,Pomoan,7.0,,5,,,critically endangered,1,84534.0407841548,84534.0407841548,94.69380188,94.69380188,80.1247798047184,80.1247798047184,1.04286346807884,1.04286346807884,0,0,0,0,0,0,0,0,1,0,0
cent2138,Central Pomo,Pomoan,7.0,,,,,dormant,1,84534.0407841548,84534.0407841548,94.69380188,94.69380188,80.1247798047184,80.1247798047184,1.04286346807884,1.04286346807884,0,1,0,0,0,0,0,0,1,0,0
nort2966,Northern Pomo,Pomoan,7.0,,,,,dormant,1,84534.0407841548,84534.0407841548,94.69380188,94.69380188,80.1247798047184,80.1247798047184,1.04286346807884,1.04286346807884,0,0,0,0,0,0,0,0,1,0,0
kash1280,Kashaya,Pomoan,7.0,,4,,,severely endangered,1,84534.0407841548,84534.0407841548,94.69380188,94.69380188,80.1247798047184,80.1247798047184,1.04286346807884,1.04286346807884,0,0,0,0,0,0,0,0,1,0,0
sout2984,Southern Pomo,Pomoan,7.0,,,,,dormant,1,84534.0407841548,84534.0407841548,94.69380188,94.69380188,80.1247798047184,80.1247798047184,1.04286346807884,1.04286346807884,0,0,0,0,0,0,0,0,1,0,0
puyu1239,Puyuma,Austronesian,1276.0,4,3,4,4,severely endangered,2,13303.1481543868,13303.1481543868,92.0,92.0,65.8946980998325,65.8946980998325,0.431708792065523,0.431708792065523,0,0,0,0,0,0,0,0,0,1,0
thao1240,Thao,Austronesian,1276.0,5,5,5,5,critically endangered,2,13303.1481543868,13303.1481543868,92.0,92.0,65.8946980998325,65.8946980998325,0.431708792065523,0.431708792065523,0,0,0,0,0,0,0,0,0,1,0
tsou1248,Tsou,Austronesian,1276.0,4,2,4,1,endangered,2,13303.1481543868,13303.1481543868,92.0,92.0,65.8946980998325,65.8946980998325,0.431708792065523,0.431708792065523,0,0,0,0,0,0,0,0,0,1,0
kana1286,Kanakanavu,Austronesian,1276.0,,5,,,critically endangered,2,13303.1481543868,13303.1481543868,92.0,92.0,65.8946980998325,65.8946980998325,0.431708792065523,0.431708792065523,0,0,0,0,0,0,0,0,0,1,0
saar1237,Saaroa,Austronesian,1276.0,5,4,5,5,critically endangered,2,13303.1481543868,13303.1481543868,92.0,92.0,65.8946980998325,65.8946980998325,0.431708792065523,0.431708792065523,0,0,0,0,0,0,0,0,0,1,0
taro1264,Seediq,Austronesian,1276.0,4,,5,4,critically endangered,2,13303.1481543868,13303.1481543868,92.0,92.0,65.8946980998325,65.8946980998325,0.431708792065523,0.431708792065523,0,0,0,0,0,0,0,0,0,1,0
atii1237,Ati,Austronesian,1276.0,,2,4,3,endangered,1,3984.8315387656,3984.8315387656,67.26300914,67.26300914,55.4520983215477,55.4520983215477,1.41854562717771,1.41854562717771,0,0,0,0,0,0,0,0,0,1,0
cham1312,Chamorro,Austronesian,1276.0,4,1,2,2,endangered,2,41833.1517132825,32809.453151662754,80.5054655600831,80.5054655600831,94.1726346571831,93.12368037471126,0.800665140224825,-0.5123299382066325,0,0,0,0,0,0,0,0,0,1,0
mamb1305,Mamboru,Austronesian,1276.0,,1,,3,endangered,1,4925.43048751861,4925.43048751861,72.78075544,72.78075544,58.7509635387997,58.7509635387997,1.89719567962498,1.89719567962498,0,0,0,0,0,0,0,0,0,1,0
anak1240,Anakalang,Austronesian,1276.0,,1,,,vulnerable,1,4925.43048751861,4925.43048751861,72.78075544,72.78075544,58.7509635387997,58.7509635387997,1.89719567962498,1.89719567962498,0,0,0,0,0,0,0,0,0,1,0
wanu1241,Wanukaka,Austronesian,1276.0,,1,,3,endangered,1,4925.43048751861,4925.43048751861,72.78075544,72.78075544,58.7509635387997,58.7509635387997,1.89719567962498,1.89719567962498,0,0,0,0,0,0,0,0,0,1,0
weje1237,Wewewa,Austronesian,1276.0,,0,,,at risk,1,4925.43048751861,4925.43048751861,72.78075544,72.78075544,58.7509635387997,58.7509635387997,1.89719567962498,1.89719567962498,0,0,0,0,0,0,0,0,0,1,0
lamb1273,Lamboya,Austronesian,1276.0,,1,2,,threatened,1,4925.43048751861,4925.43048751861,72.78075544,72.78075544,58.7509635387997,58.7509635387997,1.89719567962498,1.89719567962498,0,0,0,0,0,0,0,0,0,1,0
dhao1237,Dhao,Austronesian,1276.0,,2,,,threatened,1,4925.43048751861,4925.43048751861,72.78075544,72.78075544,58.7509635387997,58.7509635387997,1.89719567962498,1.89719567962498,0,0,0,0,0,0,0,0,0,1,0
sabu1255,Hawu,Austronesian,1276.0,,0,,,at risk,1,4925.43048751861,4925.43048751861,72.78075544,72.78075544,58.7509635387997,58.7509635387997,1.89719567962498,1.89719567962498,0,0,0,0,0,0,0,0,0,1,0
bima1247,Bima,Austronesian,1276.0,,0,,,at risk,1,4925.43048751861,4925.43048751861,72.78075544,72.78075544,58.7509635387997,58.7509635387997,1.89719567962498,1.89719567962498,0,0,0,0,0,0,0,0,0,1,0
kepo1237,Kepo',Austronesian,1276.0,,2,,,threatened,1,4925.43048751861,4925.43048751861,72.78075544,72.78075544,58.7509635387997,58.7509635387997,1.89719567962498,1.89719567962498,0,0,0,0,0,0,0,0,0,1,0
remb1250,Rembong-Wangka,Austronesian,1276.0,,2,,,threatened,1,4925.43048751861,4925.43048751861,72.78075544,72.78075544,58.7509635387997,58.7509635387997,1.89719567962498,1.89719567962498,0,0,0,0,0,0,0,0,0,1,0
rajo1237,Rajong,Austronesian,1276.0,,2,,,threatened,1,4925.43048751861,4925.43048751861,72.78075544,72.78075544,58.7509635387997,58.7509635387997,1.89719567962498,1.89719567962498,0,0,0,0,0,0,0,0,0,1,0
waer1237,Kolor,Austronesian,1276.0,,2,,,threatened,1,4925.43048751861,4925.43048751861,72.78075544,72.78075544,58.7509635387997,58.7509635387997,1.89719567962498,1.89719567962498,0,0,0,0,0,0,0,0,0,1,0
palu1252,Palu'e,Austronesian,1276.0,,2,,,threatened,1,4925.43048751861,4925.43048751861,72.78075544,72.78075544,58.7509635387997,58.7509635387997,1.89719567962498,1.89719567962498,0,0,0,0,0,0,0,0,0,1,0
rong1269,Rongga,Austronesian,1276.0,,2,2,1,threatened,1,4925.43048751861,4925.43048751861,72.78075544,72.78075544,58.7509635387997,58.7509635387997,1.89719567962498,1.89719567962498,0,0,0,0,0,0,0,0,0,1,0
yami1254,Yami,Austronesian,1276.0,4,2,4,4,severely endangered,2,13303.1481543868,13303.1481543868,92.0,92.0,65.8946980998325,65.8946980998325,0.431708792065523,0.431708792065523,0,0,0,0,0,0,0,0,0,1,0
iray1237,Iraya,Austronesian,1276.0,,1,,,vulnerable,1,3984.8315387656,3984.8315387656,67.26300914,67.26300914,55.4520983215477,55.4520983215477,1.41854562717771,1.41854562717771,0,0,0,0,0,0,0,0,0,1,0
rata1244,Ratahan,Austronesian,1276.0,,3,,,endangered,1,4925.43048751861,4925.43048751861,72.78075544,72.78075544,58.7509635387997,58.7509635387997,1.89719567962498,1.89719567962498,0,0,0,0,0,0,0,0,0,1,0
tons1239,Tonsawang,Austronesian,1276.0,5,2,3,3,severely endangered,1,4925.43048751861,4925.43048751861,72.78075544,72.78075544,58.7509635387997,58.7509635387997,1.89719567962498,1.89719567962498,0,0,0,0,0,0,0,0,0,1,0
sasa1249,Sasak,Austronesian,1276.0,,0,,,at risk,1,4925.43048751861,4925.43048751861,72.78075544,72.78075544,58.7509635387997,58.7509635387997,1.89719567962498,1.89719567962498,0,0,0,0,0,0,0,0,0,1,0
argu1237,Arguni,Austronesian,1276.0,,3,,,endangered,1,4925.43048751861,4925.43048751861,72.78075544,72.78075544,58.7509635387997,58.7509635387997,1.89719567962498,1.89719567962498,0,0,0,0,0,0,0,0,0,1,0
erok1237,Yarikman,Austronesian,1276.0,,3,3,3,endangered,1,4925.43048751861,4925.43048751861,72.78075544,72.78075544,58.7509635387997,58.7509635387997,1.89719567962498,1.89719567962498,0,0,0,0,0,0,0,0,0,1,0
bedo1237,Mbaruan,Austronesian,1276.0,,3,,,endangered,1,4925.43048751861,4925.43048751861,72.78075544,72.78075544,58.7509635387997,58.7509635387997,1.89719567962498,1.89719567962498,0,0,0,0,0,0,0,0,0,1,0
urua1244,Uruangnirin,Austronesian,1276.0,,3,,,endangered,1,4925.43048751861,4925.43048751861,72.78075544,72.78075544,58.7509635387997,58.7509635387997,1.89719567962498,1.89719567962498,0,0,0,0,0,0,0,0,0,1,0
onin1245,Onin,Austronesian,1276.0,,3,3,,endangered,1,4925.43048751861,4925.43048751861,72.78075544,72.78075544,58.7509635387997,58.7509635387997,1.89719567962498,1.89719567962498,0,0,0,0,0,0,0,0,0,1,0
beng1287,Benggoi,Austronesian,1276.0,,3,,,endangered,1,4925.43048751861,4925.43048751861,72.78075544,72.78075544,58.7509635387997,58.7509635387997,1.89719567962498,1.89719567962498,0,0,0,0,0,0,0,0,0,1,0
hoti1237,Hoti of East Seram,Austronesian,1276.0,5,4,5,5,critically endangered,1,4925.43048751861,4925.43048751861,72.78075544,72.78075544,58.7509635387997,58.7509635387997,1.89719567962498,1.89719567962498,0,0,0,0,0,0,0,0,0,1,0
sala1269,Salas,Austronesian,1276.0,,4,,,severely endangered,1,4925.43048751861,4925.43048751861,72.78075544,72.78075544,58.7509635387997,58.7509635387997,1.89719567962498,1.89719567962498,0,0,0,0,0,0,0,0,0,1,0
bati1253,Bati (Indonesia),Austronesian,1276.0,,2,,,threatened,1,4925.43048751861,4925.43048751861,72.78075544,72.78075544,58.7509635387997,58.7509635387997,1.89719567962498,1.89719567962498,0,0,0,0,0,0,0,0,0,1,0
kowi1239,Kowiai,Austronesian,1276.0,,3,,,endangered,1,4925.43048751861,4925.43048751861,72.78075544,72.78075544,58.7509635387997,58.7509635387997,1.89719567962498,1.89719567962498,0,0,0,0,0,0,0,0,0,1,0
tand1253,Tandia,Austronesian,1276.0,,5,,,critically endangered,1,4925.43048751861,4925.43048751861,72.78075544,72.78075544,58.7509635387997,58.7509635387997,1.89719567962498,1.89719567962498,0,0,0,0,0,0,0,0,0,1,0
morm1235,Mor (Mor Islands),Austronesian,1276.0,,2,,,threatened,1,4925.43048751861,4925.43048751861,72.78075544,72.78075544,58.7509635387997,58.7509635387997,1.89719567962498,1.89719567962498,0,0,0,0,0,0,0,0,0,1,0
ware1253,Warembori,Austronesian,1276.0,,3,,3,endangered,1,4925.43048751861,4925.43048751861,72.78075544,72.78075544,58.7509635387997,58.7509635387997,1.89719567962498,1.89719567962498,0,0,0,0,0,0,0,0,0,1,0
yoke1238,Yoke,Austronesian,1276.0,,3,,2,endangered,1,4925.43048751861,4925.43048751861,72.78075544,72.78075544,58.7509635387997,58.7509635387997,1.89719567962498,1.89719567962498,0,0,0,0,0,0,0,0,0,1,0
asss1237,As,Austronesian,1276.0,5,5,5,5,critically endangered,1,4925.43048751861,4925.43048751861,72.78075544,72.78075544,58.7509635387997,58.7509635387997,1.89719567962498,1.89719567962498,0,0,1,0,0,0,0,0,0,1,0
east2440,East Makian,Austronesian,1276.0,3,1,3,2,endangered,1,4925.43048751861,4925.43048751861,72.78075544,72.78075544,58.7509635387997,58.7509635387997,1.89719567962498,1.89719567962498,0,0,0,0,0,0,0,0,0,1,0
gebe1237,Gebe,Austronesian,1276.0,,2,,,threatened,1,4925.43048751861,4925.43048751861,72.78075544,72.78075544,58.7509635387997,58.7509635387997,1.89719567962498,1.89719567962498,0,0,0,0,0,0,0,0,0,1,0
bata1295,Batanta,Austronesian,1276.0,4,3,4,3,severely endangered,1,4925.43048751861,4925.43048751861,72.78075544,72.78075544,58.7509635387997,58.7509635387997,1.89719567962498,1.89719567962498,0,0,0,0,0,0,0,0,0,1,0
made1253,Salawati,Austronesian,1276.0,2,2,3,2,endangered,1,4925.43048751861,4925.43048751861,72.78075544,72.78075544,58.7509635387997,58.7509635387997,1.89719567962498,1.89719567962498,0,0,0,0,0,0,0,0,0,1,0
biga1238,Biga,Austronesian,1276.0,2,3,2,0,threatened,1,4925.43048751861,4925.43048751861,72.78075544,72.78075544,58.7509635387997,58.7509635387997,1.89719567962498,1.89719567962498,0,0,0,0,0,0,0,0,0,1,0
lege1241,Legenyem,Austronesian,1276.0,,3,,,endangered,1,4925.43048751861,4925.43048751861,72.78075544,72.78075544,58.7509635387997,58.7509635387997,1.89719567962498,1.89719567962498,0,0,0,0,0,0,0,0,0,1,0
ires1239,Yerisiam,Austronesian,1276.0,,3,,1,threatened,1,4925.43048751861,4925.43048751861,72.78075544,72.78075544,58.7509635387997,58.7509635387997,1.89719567962498,1.89719567962498,0,0,0,0,0,0,0,0,0,1,0
woii1237,Woi,Austronesian,1276.0,,2,,,threatened,1,4925.43048751861,4925.43048751861,72.78075544,72.78075544,58.7509635387997,58.7509635387997,1.89719567962498,1.89719567962498,0,0,0,0,0,0,0,0,0,1,0
papu1251,Papuma,Austronesian,1276.0,,3,,,endangered,1,4925.43048751861,4925.43048751861,72.78075544,72.78075544,58.7509635387997,58.7509635387997,1.89719567962498,1.89719567962498,0,0,0,0,0,0,0,0,0,1,0
dusn1237,Dusner,Austronesian,1276.0,,5,5,5,critically endangered,1,4925.43048751861,4925.43048751861,72.78075544,72.78075544,58.7509635387997,58.7509635387997,1.89719567962498,1.89719567962498,0,0,0,0,0,0,0,0,0,1,0
meos1237,Meoswar,Austronesian,1276.0,,3,,,endangered,1,4925.43048751861,4925.43048751861,72.78075544,72.78075544,58.7509635387997,58.7509635387997,1.89719567962498,1.89719567962498,0,0,0,0,0,0,0,0,0,1,0
biak1248,Biak,Austronesian,1276.0,4,1,3,4,severely endangered,1,4925.43048751861,4925.43048751861,72.78075544,72.78075544,58.7509635387997,58.7509635387997,1.89719567962498,1.89719567962498,0,0,0,0,0,0,0,0,0,1,0
motl1237,Mwotlap,Austronesian,1276.0,,2,,0,vulnerable,1,3410.77023167097,3410.77023167097,22.35140038,22.35140038,22.2866933360645,22.2866933360645,2.37006474262017,2.37006474262017,0,0,0,0,0,0,0,0,0,1,0
motl1237,Mwotlap,Austronesian,1276.0,,5,,5,critically endangered,1,3410.77023167097,3410.77023167097,22.35140038,22.35140038,22.2866933360645,22.2866933360645,2.37006474262017,2.37006474262017,0,0,0,0,0,0,0,0,0,1,0
nume1241,Nume,Austronesian,1276.0,,3,,,endangered,1,3410.77023167097,3410.77023167097,22.35140038,22.35140038,22.2866933360645,22.2866933360645,2.37006474262017,2.37006474262017,0,0,0,0,0,0,0,0,0,1,0
vure1239,Vurës,Austronesian,1276.0,,2,,,threatened,1,3410.77023167097,3410.77023167097,22.35140038,22.35140038,22.2866933360645,22.2866933360645,2.37006474262017,2.37006474262017,0,0,0,0,0,0,0,0,0,1,0
vure1239,Vurës,Austronesian,1276.0,,4,5,5,critically endangered,1,3410.77023167097,3410.77023167097,22.35140038,22.35140038,22.2866933360645,22.2866933360645,2.37006474262017,2.37006474262017,0,0,0,0,0,0,0,0,0,1,0
mota1237,Mota,Austronesian,1276.0,,3,,,endangered,1,3410.77023167097,3410.77023167097,22.35140038,22.35140038,22.2866933360645,22.2866933360645,2.37006474262017,2.37006474262017,0,0,0,0,0,0,0,0,0,1,0
leha1243,Lehali,Austronesian,1276.0,,3,,,endangered,1,3410.77023167097,3410.77023167097,22.35140038,22.35140038,22.2866933360645,22.2866933360645,2.37006474262017,2.37006474262017,0,0,0,0,0,0,0,0,0,1,0
leha1244,Lehalurup,Austronesian,1276.0,,3,,,endangered,1,3410.77023167097,3410.77023167097,22.35140038,22.35140038,22.2866933360645,22.2866933360645,2.37006474262017,2.37006474262017,0,0,0,0,0,0,0,0,0,1,0
weta1242,Dorig,Austronesian,1276.0,,3,,,endangered,1,3410.77023167097,3410.77023167097,22.35140038,22.35140038,22.2866933360645,22.2866933360645,2.37006474262017,2.37006474262017,0,0,0,0,0,0,0,0,0,1,0
hiww1237,Hiw,Austronesian,1276.0,,3,3,,endangered,1,3410.77023167097,3410.77023167097,22.35140038,22.35140038,22.2866933360645,22.2866933360645,2.37006474262017,2.37006474262017,0,0,0,0,0,0,0,0,0,1,0
loto1240,Lo-Toga,Austronesian,1276.0,,3,,,endangered,1,3410.77023167097,3410.77023167097,22.35140038,22.35140038,22.2866933360645,22.2866933360645,2.37006474262017,2.37006474262017,0,0,0,0,0,0,0,0,0,1,0
lako1245,Lakon,Austronesian,1276.0,,3,,,endangered,1,3410.77023167097,3410.77023167097,22.35140038,22.35140038,22.2866933360645,22.2866933360645,2.37006474262017,2.37006474262017,0,0,0,0,0,0,0,0,0,1,0
koro1308,Koro-Olrat,Austronesian,1276.0,,3,,,endangered,1,3410.77023167097,3410.77023167097,22.35140038,22.35140038,22.2866933360645,22.2866933360645,2.37006474262017,2.37006474262017,0,0,0,0,0,0,0,0,0,1,0
leme1238,Lemerig,Austronesian,1276.0,,5,,5,critically endangered,1,3410.77023167097,3410.77023167097,22.35140038,22.35140038,22.2866933360645,22.2866933360645,2.37006474262017,2.37006474262017,0,0,0,0,0,0,0,0,0,1,0
vera1241,Vera'a,Austronesian,1276.0,,3,,,endangered,1,3410.77023167097,3410.77023167097,22.35140038,22.35140038,22.2866933360645,22.2866933360645,2.37006474262017,2.37006474262017,0,0,0,0,0,0,0,0,0,1,0
mari1426,Sunwadia,Austronesian,1276.0,3,3,,,endangered,1,3410.77023167097,3410.77023167097,22.35140038,22.35140038,22.2866933360645,22.2866933360645,2.37006474262017,2.37006474262017,0,0,0,0,0,0,0,0,0,1,0
tutu1241,Tutuba,Austronesian,1276.0,,3,,1,threatened,1,3410.77023167097,3410.77023167097,22.35140038,22.35140038,22.2866933360645,22.2866933360645,2.37006474262017,2.37006474262017,0,0,0,0,0,0,0,0,0,1,0
mafe1237,Mafea,Austronesian,1276.0,4,4,5,4,critically endangered,1,3410.77023167097,3410.77023167097,22.35140038,22.35140038,22.2866933360645,22.2866933360645,2.37006474262017,2.37006474262017,0,0,0,0,0,0,0,0,0,1,0
polo1242,Polonombauk,Austronesian,1276.0,,3,,3,endangered,1,3410.77023167097,3410.77023167097,22.35140038,22.35140038,22.2866933360645,22.2866933360645,2.37006474262017,2.37006474262017,0,0,0,0,0,0,0,0,0,1,0
polo1242,Polonombauk,Austronesian,1276.0,,4,,,severely endangered,1,3410.77023167097,3410.77023167097,22.35140038,22.35140038,22.2866933360645,22.2866933360645,2.37006474262017,2.37006474262017,0,0,0,0,0,0,0,0,0,1,0
tamb1253,Tambotalo,Austronesian,1276.0,,4,,,severely endangered,1,3410.77023167097,3410.77023167097,22.35140038,22.35140038,22.2866933360645,22.2866933360645,2.37006474262017,2.37006474262017,0,0,0,0,0,0,0,0,0,1,0
butm1237,Farafi,Austronesian,1276.0,,3,,,endangered,1,3410.77023167097,3410.77023167097,22.35140038,22.35140038,22.2866933360645,22.2866933360645,2.37006474262017,2.37006474262017,0,0,0,0,0,0,0,0,0,1,0
shar1244,Ngen,Austronesian,1276.0,,3,,,endangered,1,3410.77023167097,3410.77023167097,22.35140038,22.35140038,22.2866933360645,22.2866933360645,2.37006474262017,2.37006474262017,0,0,0,0,0,0,0,0,0,1,0
lore1244,Nethalp,Austronesian,1276.0,,4,,,severely endangered,1,3410.77023167097,3410.77023167097,22.35140038,22.35140038,22.2866933360645,22.2866933360645,2.37006474262017,2.37006474262017,0,0,0,0,0,0,0,0,0,1,0
lore1244,Nethalp,Austronesian,1276.0,,,,,dormant,1,3410.77023167097,3410.77023167097,22.35140038,22.35140038,22.2866933360645,22.2866933360645,2.37006474262017,2.37006474262017,0,0,0,0,0,0,0,0,0,1,0
malo1243,Tamambo,Austronesian,1276.0,2,2,1,0,vulnerable,1,3410.77023167097,3410.77023167097,22.35140038,22.35140038,22.2866933360645,22.2866933360645,2.37006474262017,2.37006474262017,0,0,0,0,0,0,0,0,0,1,0
aore1237,Aore,Austronesian,1276.0,,,,,dormant,1,3410.77023167097,3410.77023167097,22.35140038,22.35140038,22.2866933360645,22.2866933360645,2.37006474262017,2.37006474262017,0,0,0,0,0,0,0,0,0,1,0
rori1237,Mores,Austronesian,1276.0,,4,,,severely endangered,1,3410.77023167097,3410.77023167097,22.35140038,22.35140038,22.2866933360645,22.2866933360645,2.37006474262017,2.37006474262017,0,0,0,0,0,0,0,0,0,1,0
arak1252,Araki,Austronesian,1276.0,5,4,5,5,critically endangered,1,3410.77023167097,3410.77023167097,22.35140038,22.35140038,22.2866933360645,22.2866933360645,2.37006474262017,2.37006474262017,0,0,0,0,0,0,0,0,0,1,0
tang1347,Movono,Austronesian,1276.0,,3,,,endangered,1,3410.77023167097,3410.77023167097,22.35140038,22.35140038,22.2866933360645,22.2866933360645,2.37006474262017,2.37006474262017,0,0,0,0,0,0,0,0,0,1,0
fort1240,Kiai,Austronesian,1276.0,,3,,,endangered,1,3410.77023167097,3410.77023167097,22.35140038,22.35140038,22.2866933360645,22.2866933360645,2.37006474262017,2.37006474262017,0,0,0,0,0,0,0,0,0,1,0
wusi1237,Kula (Vanuatu),Austronesian,1276.0,,3,,,endangered,1,3410.77023167097,3410.77023167097,22.35140038,22.35140038,22.2866933360645,22.2866933360645,2.37006474262017,2.37006474262017,0,0,0,0,0,0,0,0,0,1,0
tolo1255,Tolomako,Austronesian,1276.0,,3,,2,endangered,1,3410.77023167097,3410.77023167097,22.35140038,22.35140038,22.2866933360645,22.2866933360645,2.37006474262017,2.37006474262017,0,0,0,0,0,0,0,0,0,1,0
noku1237,Nokuku,Austronesian,1276.0,,3,,,endangered,1,3410.77023167097,3410.77023167097,22.35140038,22.35140038,22.2866933360645,22.2866933360645,2.37006474262017,2.37006474262017,0,0,0,0,0,0,0,0,0,1,0
piam1242,Piamatsina,Austronesian,1276.0,,3,,,endangered,1,3410.77023167097,3410.77023167097,22.35140038,22.35140038,22.2866933360645,22.2866933360645,2.37006474262017,2.37006474262017,0,0,0,0,0,0,0,0,0,1,0
tasm1246,Tasmate,Austronesian,1276.0,,3,,,endangered,1,3410.77023167097,3410.77023167097,22.35140038,22.35140038,22.2866933360645,22.2866933360645,2.37006474262017,2.37006474262017,0,0,0,0,0,0,0,0,0,1,0
valp1237,Valpei,Austronesian,1276.0,,3,,,endangered,1,3410.77023167097,3410.77023167097,22.35140038,22.35140038,22.2866933360645,22.2866933360645,2.37006474262017,2.37006474262017,0,0,0,0,0,0,0,0,0,1,0
vuna1239,Vunapu,Austronesian,1276.0,,3,,,endangered,1,3410.77023167097,3410.77023167097,22.35140038,22.35140038,22.2866933360645,22.2866933360645,2.37006474262017,2.37006474262017,0,0,0,0,0,0,0,0,0,1,0
wail1242,Ale,Austronesian,1276.0,,3,,,endangered,1,3410.77023167097,3410.77023167097,22.35140038,22.35140038,22.2866933360645,22.2866933360645,2.37006474262017,2.37006474262017,0,0,0,0,0,0,0,0,0,1,0
moro1286,Ande,Austronesian,1276.0,,3,,,endangered,1,3410.77023167097,3410.77023167097,22.35140038,22.35140038,22.2866933360645,22.2866933360645,2.37006474262017,2.37006474262017,0,0,0,0,0,0,0,0,0,1,0
moro1286,Ande,Austronesian,1276.0,,3,,,endangered,1,3410.77023167097,3410.77023167097,22.35140038,22.35140038,22.2866933360645,22.2866933360645,2.37006474262017,2.37006474262017,0,0,0,0,0,0,0,0,0,1,0
nara1263,Narango,Austronesian,1276.0,,3,,,endangered,1,3410.77023167097,3410.77023167097,22.35140038,22.35140038,22.2866933360645,22.2866933360645,2.37006474262017,2.37006474262017,0,0,0,0,0,0,0,0,0,1,0
ambl1237,Amblong,Austronesian,1276.0,,3,,2,endangered,1,3410.77023167097,3410.77023167097,22.35140038,22.35140038,22.2866933360645,22.2866933360645,2.37006474262017,2.37006474262017,0,0,0,0,0,0,0,0,0,1,0
navu1237,Navut,Austronesian,1276.0,,3,,,endangered,1,3410.77023167097,3410.77023167097,22.35140038,22.35140038,22.2866933360645,22.2866933360645,2.37006474262017,2.37006474262017,0,0,0,0,0,0,0,0,0,1,0
mere1242,Merei,Austronesian,1276.0,,3,,,endangered,1,3410.77023167097,3410.77023167097,22.35140038,22.35140038,22.2866933360645,22.2866933360645,2.37006474262017,2.37006474262017,0,0,0,0,0,0,0,0,0,1,0
eton1255,Eton (Vanuatu),Austronesian,1276.0,,3,,,endangered,1,3410.77023167097,3410.77023167097,22.35140038,22.35140038,22.2866933360645,22.2866933360645,2.37006474262017,2.37006474262017,0,0,0,0,0,0,0,0,0,1,0
lele1267,Lelepa,Austronesian,1276.0,,3,,,endangered,1,3410.77023167097,3410.77023167097,22.35140038,22.35140038,22.2866933360645,22.2866933360645,2.37006474262017,2.37006474262017,0,0,0,0,0,0,0,0,0,1,0
lame1260,Lamenu,Austronesian,1276.0,,3,,,endangered,1,3410.77023167097,3410.77023167097,22.35140038,22.35140038,22.2866933360645,22.2866933360645,2.37006474262017,2.37006474262017,0,0,0,0,0,0,0,0,0,1,0
maii1238,Maii,Austronesian,1276.0,,3,,,endangered,1,3410.77023167097,3410.77023167097,22.35140038,22.35140038,22.2866933360645,22.2866933360645,2.37006474262017,2.37006474262017,0,0,0,0,0,0,0,0,0,1,0
bier1246,Bieria,Austronesian,1276.0,,4,,,severely endangered,1,3410.77023167097,3410.77023167097,22.35140038,22.35140038,22.2866933360645,22.2866933360645,2.37006474262017,2.37006474262017,0,0,0,0,0,0,0,0,0,1,0
bier1244,Bierebo,Austronesian,1276.0,1,3,0,1,threatened,1,3410.77023167097,3410.77023167097,22.35140038,22.35140038,22.2866933360645,22.2866933360645,2.37006474262017,2.37006474262017,0,0,0,0,0,0,0,0,0,1,0
baki1244,Baki,Austronesian,1276.0,,3,,,endangered,1,3410.77023167097,3410.77023167097,22.35140038,22.35140038,22.2866933360645,22.2866933360645,2.37006474262017,2.37006474262017,0,0,0,0,0,0,0,0,0,1,0
lonw1238,Lonwolwol,Austronesian,1276.0,,2,,,threatened,1,3410.77023167097,3410.77023167097,22.35140038,22.35140038,22.2866933360645,22.2866933360645,2.37006474262017,2.37006474262017,0,0,0,0,0,0,0,0,0,1,0
nort2839,North Ambrym,Austronesian,1276.0,,2,,,threatened,1,3410.77023167097,3410.77023167097,22.35140038,22.35140038,22.2866933360645,22.2866933360645,2.37006474262017,2.37006474262017,0,1,0,1,0,0,0,0,0,1,0
sout2859,Southeast Ambrym,Austronesian,1276.0,2,2,2,1,threatened,1,3410.77023167097,3410.77023167097,22.35140038,22.35140038,22.2866933360645,22.2866933360645,2.37006474262017,2.37006474262017,0,0,0,0,0,0,0,0,0,1,0
orko1234,Orkon-Fanbak,Austronesian,1276.0,,4,,,severely endangered,1,3410.77023167097,3410.77023167097,22.35140038,22.35140038,22.2866933360645,22.2866933360645,2.37006474262017,2.37006474262017,0,0,0,0,0,0,0,0,0,1,0
aulu1238,Aulua,Austronesian,1276.0,,3,,,endangered,1,3410.77023167097,3410.77023167097,22.35140038,22.35140038,22.2866933360645,22.2866933360645,2.37006474262017,2.37006474262017,0,0,0,0,0,0,0,0,0,1,0
burm1263,Burmbar,Austronesian,1276.0,,3,,,endangered,1,3410.77023167097,3410.77023167097,22.35140038,22.35140038,22.2866933360645,22.2866933360645,2.37006474262017,2.37006474262017,0,0,0,0,0,0,0,0,0,1,0
bwen1239,Bwenelang,Austronesian,1276.0,,5,,,critically endangered,1,3410.77023167097,3410.77023167097,22.35140038,22.35140038,22.2866933360645,22.2866933360645,2.37006474262017,2.37006474262017,0,0,0,0,0,0,0,0,0,1,0
nasv1234,Nasvang,Austronesian,1276.0,,3,,,endangered,1,3410.77023167097,3410.77023167097,22.35140038,22.35140038,22.2866933360645,22.2866933360645,2.37006474262017,2.37006474262017,0,0,0,0,0,0,0,0,0,1,0
nisv1234,Nisvai,Austronesian,1276.0,,3,,,endangered,1,3410.77023167097,3410.77023167097,22.35140038,22.35140038,22.2866933360645,22.2866933360645,2.37006474262017,2.37006474262017,0,0,0,0,0,0,0,0,0,1,0
avok1244,Avok,Austronesian,1276.0,,3,,,endangered,1,3410.77023167097,3410.77023167097,22.35140038,22.35140038,22.2866933360645,22.2866933360645,2.37006474262017,2.37006474262017,0,0,0,0,0,0,0,0,0,1,0
port1285,Port Sandwich,Austronesian,1276.0,,2,,,threatened,1,3410.77023167097,3410.77023167097,22.35140038,22.35140038,22.2866933360645,22.2866933360645,2.37006474262017,2.37006474262017,0,0,0,0,0,0,0,0,0,1,0
axam1237,Axamb,Austronesian,1276.0,4,3,2,1,endangered,1,3410.77023167097,3410.77023167097,22.35140038,22.35140038,22.2866933360645,22.2866933360645,2.37006474262017,2.37006474262017,0,0,0,0,0,0,0,0,0,1,0
unua1237,Unua,Austronesian,1276.0,1,,0,0,vulnerable,1,3410.77023167097,3410.77023167097,22.35140038,22.35140038,22.2866933360645,22.2866933360645,2.37006474262017,2.37006474262017,0,0,0,0,0,0,0,0,0,1,0
rere1240,Rerep,Austronesian,1276.0,,3,,,endangered,1,3410.77023167097,3410.77023167097,22.35140038,22.35140038,22.2866933360645,22.2866933360645,2.37006474262017,2.37006474262017,0,0,0,0,0,0,0,0,0,1,0
malu1245,Malua-Tepërav,Austronesian,1276.0,4,3,2,1,endangered,1,3410.77023167097,3410.77023167097,22.35140038,22.35140038,22.2866933360645,22.2866933360645,2.37006474262017,2.37006474262017,0,0,0,0,0,0,0,0,0,1,0
nese1235,Nese,Austronesian,1276.0,4,4,4,5,critically endangered,1,3410.77023167097,3410.77023167097,22.35140038,22.35140038,22.2866933360645,22.2866933360645,2.37006474262017,2.37006474262017,0,0,0,0,0,0,0,0,0,1,0
mpot1241,Mpotovoro,Austronesian,1276.0,,3,,,endangered,1,3410.77023167097,3410.77023167097,22.35140038,22.35140038,22.2866933360645,22.2866933360645,2.37006474262017,2.37006474262017,0,0,0,0,0,0,0,0,0,1,0
vinm1237,Neve'ei,Austronesian,1276.0,2,3,,,endangered,1,3410.77023167097,3410.77023167097,22.35140038,22.35140038,22.2866933360645,22.2866933360645,2.37006474262017,2.37006474262017,0,0,0,0,0,0,0,0,0,1,0
lare1249,Larevat,Austronesian,1276.0,,3,,,endangered,1,3410.77023167097,3410.77023167097,22.35140038,22.35140038,22.2866933360645,22.2866933360645,2.37006474262017,2.37006474262017,0,0,0,0,0,0,0,0,0,1,0
litz1237,Naman,Austronesian,1276.0,5,4,5,5,critically endangered,1,3410.77023167097,3410.77023167097,22.35140038,22.35140038,22.2866933360645,22.2866933360645,2.37006474262017,2.37006474262017,0,0,0,0,0,0,0,0,0,1,0
katb1237,Avava,Austronesian,1276.0,2,3,0,0,vulnerable,1,3410.77023167097,3410.77023167097,22.35140038,22.35140038,22.2866933360645,22.2866933360645,2.37006474262017,2.37006474262017,0,0,0,0,0,0,0,0,0,1,0
nasa1240,Nasarian,Austronesian,1276.0,,5,5,,critically endangered,1,3410.77023167097,3410.77023167097,22.35140038,22.35140038,22.2866933360645,22.2866933360645,2.37006474262017,2.37006474262017,0,0,0,0,0,0,0,0,0,1,0
dixo1238,Dixon Reef,Austronesian,1276.0,,4,,,severely endangered,1,3410.77023167097,3410.77023167097,22.35140038,22.35140038,22.2866933360645,22.2866933360645,2.37006474262017,2.37006474262017,0,0,0,0,0,0,0,0,0,1,0
navw1234,Navwien,Austronesian,1276.0,,5,,,critically endangered,1,3410.77023167097,3410.77023167097,22.35140038,22.35140038,22.2866933360645,22.2866933360645,2.37006474262017,2.37006474262017,0,0,0,0,0,0,0,0,0,1,0
lete1241,Letemboi-Repanbitip,Austronesian,1276.0,,3,,,endangered,1,3410.77023167097,3410.77023167097,22.35140038,22.35140038,22.2866933360645,22.2866933360645,2.37006474262017,2.37006474262017,0,0,0,0,0,0,0,0,0,1,0
malf1237,Na'ahai,Austronesian,1276.0,,3,,,endangered,1,3410.77023167097,3410.77023167097,22.35140038,22.35140038,22.2866933360645,22.2866933360645,2.37006474262017,2.37006474262017,0,0,0,0,0,0,0,0,0,1,0
sout2857,Nahavaq,Austronesian,1276.0,,3,,,endangered,1,3410.77023167097,3410.77023167097,22.35140038,22.35140038,22.2866933360645,22.2866933360645,2.37006474262017,2.37006474262017,0,0,0,0,0,0,0,0,0,1,0
vivt1234,Vivti,Austronesian,1276.0,,5,,,critically endangered,1,3410.77023167097,3410.77023167097,22.35140038,22.35140038,22.2866933360645,22.2866933360645,2.37006474262017,2.37006474262017,0,0,0,0,0,0,0,0,0,1,0
niti1249,Nitita,Austronesian,1276.0,,5,,,critically endangered,1,3410.77023167097,3410.77023167097,22.35140038,22.35140038,22.2866933360645,22.2866933360645,2.37006474262017,2.37006474262017,0,0,0,0,0,0,0,0,0,1,0
mara1399,Maragus,Austronesian,1276.0,5,4,5,5,critically endangered,1,3410.77023167097,3410.77023167097,22.35140038,22.35140038,22.2866933360645,22.2866933360645,2.37006474262017,2.37006474262017,0,0,0,0,0,0,0,0,0,1,0
maee1241,Tirax,Austronesian,1276.0,,3,,,endangered,1,3410.77023167097,3410.77023167097,22.35140038,22.35140038,22.2866933360645,22.2866933360645,2.37006474262017,2.37006474262017,0,0,0,0,0,0,0,0,0,1,0
labo1244,Ninde,Austronesian,1276.0,,2,,,threatened,1,3410.77023167097,3410.77023167097,22.35140038,22.35140038,22.2866933360645,22.2866933360645,2.37006474262017,2.37006474262017,0,0,0,0,0,0,0,0,0,1,0
nati1244,Nati,Austronesian,1276.0,,4,,,severely endangered,1,3410.77023167097,3410.77023167097,22.35140038,22.35140038,22.2866933360645,22.2866933360645,2.37006474262017,2.37006474262017,0,0,0,0,0,0,0,0,0,1,0
seke1241,Seke (Vanuatu),Austronesian,1276.0,2,3,1,0,threatened,1,3410.77023167097,3410.77023167097,22.35140038,22.35140038,22.2866933360645,22.2866933360645,2.37006474262017,2.37006474262017,0,0,0,0,0,0,0,0,0,1,0
sowa1244,Sowa,Austronesian,1276.0,,,,,dormant,1,3410.77023167097,3410.77023167097,22.35140038,22.35140038,22.2866933360645,22.2866933360645,2.37006474262017,2.37006474262017,0,0,0,0,0,0,0,0,0,1,0
namo1248,Namosi-Naitasiri-Serua,Austronesian,1276.0,,2,,,threatened,1,6425.74151715712,6425.74151715712,74.7052002,74.7052002,59.0766602292457,59.0766602292457,1.2991007311599,1.2991007311599,0,0,0,0,0,0,0,0,0,1,0
niue1239,Niuean,Austronesian,1276.0,,2,,,threatened,4,49205.1792146792,27428.386472655384,93.51930237,80.48050308500001,83.9370658833132,52.54379649793265,1.72488696886557,0.667670397619742,1,0,0,0,0,0,0,0,0,1,0
pile1238,Vaeakau-Taumako,Austronesian,1276.0,2,2,0,0,vulnerable,1,1933.55538435227,1933.55538435227,29.04070091,29.04070091,30.6617188562194,30.6617188562194,4.52267698306251,4.52267698306251,0,0,0,0,0,0,0,0,0,1,0
anut1237,Anuta,Austronesian,1276.0,,3,,,endangered,1,1933.55538435227,1933.55538435227,29.04070091,29.04070091,30.6617188562194,30.6617188562194,4.52267698306251,4.52267698306251,0,0,0,0,0,0,0,0,0,1,0
tuva1244,Tuvalu,Austronesian,1276.0,0,2,,0,vulnerable,5,49205.1792146792,15574.69786049881,93.51930237,75.175301362,100.0,74.04024971685044,3.00214016369392,1.1983878442074554,1,0,1,0,0,0,0,0,0,1,0
puka1242,Pukapuka,Austronesian,1276.0,,3,,,endangered,2,49205.1792146792,49205.1792146792,93.51930237,93.51930237,83.9370658833132,83.9370658833132,1.72488696886557,1.72488696886557,0,0,0,0,0,0,0,0,0,1,0
toke1240,Tokelau,Austronesian,1276.0,,2,,,threatened,2,49205.1792146792,49205.1792146792,93.51930237,93.51930237,83.9370658833132,83.9370658833132,1.72488696886557,1.72488696886557,0,1,0,0,0,0,0,0,0,1,0
kapi1249,Kapingamarangi,Austronesian,1276.0,,2,,,threatened,1,4166.00476748564,4166.00476748564,39.52360153,39.52360153,22.4562830235421,22.4562830235421,0.572230689895507,0.572230689895507,0,0,0,0,0,0,0,0,0,1,0
nuku1260,Nukuoro,Austronesian,1276.0,,3,,,endangered,1,4166.00476748564,4166.00476748564,39.52360153,39.52360153,22.4562830235421,22.4562830235421,0.572230689895507,0.572230689895507,0,0,0,0,0,0,0,0,0,1,0
sout2866,South Marquesan,Austronesian,1276.0,2,2,2,2,threatened,1,22439.8838746025,22439.8838746025,72.7038953132942,72.7038953132942,61.7191984724331,61.7191984724331,0.280968604678735,0.280968604678735,0,1,0,1,0,0,0,0,0,1,0
mang1401,Mangareva,Austronesian,1276.0,,3,3,,endangered,1,22439.8838746025,22439.8838746025,72.7038953132942,72.7038953132942,61.7191984724331,61.7191984724331,0.280968604678735,0.280968604678735,0,0,0,0,0,0,0,0,0,1,0
rapa1244,Rapanui,Austronesian,1276.0,,2,2,2,threatened,1,16709.8893972307,16709.8893972307,95.590243,95.590243,88.9950908479196,88.9950908479196,0.739019575786262,0.739019575786262,0,0,0,0,0,0,0,0,0,1,0
hawa1245,Hawaiian,Austronesian,1276.0,4,3,5,4,severely endangered,1,84534.0407841548,84534.0407841548,94.69380188,94.69380188,80.1247798047184,80.1247798047184,1.04286346807884,1.04286346807884,0,0,0,0,0,0,0,0,0,1,0
raro1241,Southern Cook Island Maori,Austronesian,1276.0,2,1,4,2,endangered,4,64603.9856308464,45416.349573376036,96.13140106,87.45153291443141,87.6021469990446,77.7528037849303,2.12571289816265,1.377189490568985,1,0,0,0,0,0,0,0,0,1,0
penr1237,Māngarongaro,Austronesian,1276.0,,3,4,,severely endangered,1,,,,,,,,,0,0,0,0,0,0,0,0,0,1,0
tuam1242,Tuamotuan,Austronesian,1276.0,,1,,,vulnerable,1,22439.8838746025,22439.8838746025,72.7038953132942,72.7038953132942,61.7191984724331,61.7191984724331,0.280968604678735,0.280968604678735,0,0,0,0,0,0,0,0,0,1,0
raka1237,Rakahanga-Manihiki,Austronesian,1276.0,,3,,,endangered,2,49205.1792146792,49205.1792146792,93.51930237,93.51930237,83.9370658833132,83.9370658833132,1.72488696886557,1.72488696886557,0,0,0,0,0,0,0,0,0,1,0
rapa1245,Mangaia-Old Rapa,Austronesian,1276.0,5,4,5,4,critically endangered,1,22439.8838746025,22439.8838746025,72.7038953132942,72.7038953132942,61.7191984724331,61.7191984724331,0.280968604678735,0.280968604678735,0,0,0,0,0,0,0,0,0,1,0
aust1304,Austral,Austronesian,1276.0,,2,,,threatened,1,22439.8838746025,22439.8838746025,72.7038953132942,72.7038953132942,61.7191984724331,61.7191984724331,0.280968604678735,0.280968604678735,0,0,0,0,0,0,0,0,0,1,0
maor1246,Maori,Austronesian,1276.0,4,1,4,3,endangered,1,49205.1792146792,49205.1792146792,93.51930237,93.51930237,83.9370658833132,83.9370658833132,1.72488696886557,1.72488696886557,0,0,0,0,0,0,0,0,0,1,0
west2516,West Uvean,Austronesian,1276.0,0,2,0,0,vulnerable,1,29213.1923192946,29213.1923192946,82.0058408035186,82.0058408035186,67.9514695585577,67.9514695585577,1.24582882655767,1.24582882655767,0,0,0,0,0,0,0,0,0,1,0
emae1237,Emae,Austronesian,1276.0,,3,,,endangered,1,3410.77023167097,3410.77023167097,22.35140038,22.35140038,22.2866933360645,22.2866933360645,2.37006474262017,2.37006474262017,0,0,0,0,0,0,0,0,0,1,0
wall1257,East Uvean,Austronesian,1276.0,3,1,2,1,threatened,2,46103.0840855884,46103.0840855884,88.65381638,88.65381638,78.7999750964116,78.7999750964116,0.28679881642264,0.28679881642264,0,0,0,0,0,0,0,0,0,1,0
sali1295,Saliba,Austronesian,1276.0,,2,,,threatened,1,3006.70564478923,3006.70564478923,18.81159973,18.81159973,15.4061816403333,15.4061816403333,4.06785501758394,4.06785501758394,0,0,0,0,0,0,0,0,0,1,0
anuk1239,Anuki,Austronesian,1276.0,3,3,,1,threatened,1,3006.70564478923,3006.70564478923,18.81159973,18.81159973,15.4061816403333,15.4061816403333,4.06785501758394,4.06785501758394,0,0,0,0,0,0,0,0,0,1,0
arif1239,Arifama-Miniafia,Austronesian,1276.0,,2,,,threatened,1,3006.70564478923,3006.70564478923,18.81159973,18.81159973,15.4061816403333,15.4061816403333,4.06785501758394,4.06785501758394,0,0,0,0,0,0,0,0,0,1,0
kani1281,Kaninuwa,Austronesian,1276.0,,3,,,endangered,1,3006.70564478923,3006.70564478923,18.81159973,18.81159973,15.4061816403333,15.4061816403333,4.06785501758394,4.06785501758394,0,0,0,0,0,0,0,0,0,1,0
doga1238,Doga,Austronesian,1276.0,4,3,4,1,endangered,1,3006.70564478923,3006.70564478923,18.81159973,18.81159973,15.4061816403333,15.4061816403333,4.06785501758394,4.06785501758394,0,0,0,0,0,0,0,0,0,1,0
gwed1239,Gweda,Austronesian,1276.0,,4,,,severely endangered,1,3006.70564478923,3006.70564478923,18.81159973,18.81159973,15.4061816403333,15.4061816403333,4.06785501758394,4.06785501758394,0,0,0,0,0,0,0,0,0,1,0
yaka1275,Yakaikeke,Austronesian,1276.0,,3,,,endangered,1,3006.70564478923,3006.70564478923,18.81159973,18.81159973,15.4061816403333,15.4061816403333,4.06785501758394,4.06785501758394,0,0,0,0,0,0,0,0,0,1,0
bose1237,Boselewa,Austronesian,1276.0,,3,3,3,endangered,1,3006.70564478923,3006.70564478923,18.81159973,18.81159973,15.4061816403333,15.4061816403333,4.06785501758394,4.06785501758394,0,0,0,0,0,0,0,0,0,1,0
mwat1237,Mwatebu,Austronesian,1276.0,,3,,,endangered,1,3006.70564478923,3006.70564478923,18.81159973,18.81159973,15.4061816403333,15.4061816403333,4.06785501758394,4.06785501758394,0,0,0,0,0,0,0,0,0,1,0
budi1249,Budibud,Austronesian,1276.0,,3,2,2,endangered,1,3006.70564478923,3006.70564478923,18.81159973,18.81159973,15.4061816403333,15.4061816403333,4.06785501758394,4.06785501758394,0,0,0,0,0,0,0,0,0,1,0
ouma1237,Ouma,Austronesian,1276.0,,5,,,critically endangered,1,3006.70564478923,3006.70564478923,18.81159973,18.81159973,15.4061816403333,15.4061816403333,4.06785501758394,4.06785501758394,0,0,0,0,0,0,0,0,0,1,0
mago1248,Magori,Austronesian,1276.0,,3,3,,endangered,1,3006.70564478923,3006.70564478923,18.81159973,18.81159973,15.4061816403333,15.4061816403333,4.06785501758394,4.06785501758394,0,0,0,0,0,0,0,0,0,1,0
kono1269,Konomala,Austronesian,1276.0,,3,,,endangered,1,3006.70564478923,3006.70564478923,18.81159973,18.81159973,15.4061816403333,15.4061816403333,4.06785501758394,4.06785501758394,0,0,0,0,0,0,0,0,0,1,0
labe1239,Label,Austronesian,1276.0,,3,,,endangered,1,3006.70564478923,3006.70564478923,18.81159973,18.81159973,15.4061816403333,15.4061816403333,4.06785501758394,4.06785501758394,0,0,0,0,0,0,0,0,0,1,0
gura1254,Guramalum,Austronesian,1276.0,,,,,dormant,1,3006.70564478923,3006.70564478923,18.81159973,18.81159973,15.4061816403333,15.4061816403333,4.06785501758394,4.06785501758394,0,0,0,0,0,0,0,0,0,1,0
kand1301,Kandas,Austronesian,1276.0,,3,2,,endangered,1,3006.70564478923,3006.70564478923,18.81159973,18.81159973,15.4061816403333,15.4061816403333,4.06785501758394,4.06785501758394,0,0,0,0,0,0,0,0,0,1,0
urua1242,Uruava,Austronesian,1276.0,,,,,dormant,1,3006.70564478923,3006.70564478923,18.81159973,18.81159973,15.4061816403333,15.4061816403333,4.06785501758394,4.06785501758394,0,0,0,0,0,0,0,0,0,1,0
mono1273,Mono-Alu,Austronesian,1276.0,,2,,,threatened,1,1933.55538435227,1933.55538435227,29.04070091,29.04070091,30.6617188562194,30.6617188562194,4.52267698306251,4.52267698306251,0,0,0,0,0,0,0,0,0,1,0
rovi1238,Roviana,Austronesian,1276.0,,2,,0,vulnerable,1,1933.55538435227,1933.55538435227,29.04070091,29.04070091,30.6617188562194,30.6617188562194,4.52267698306251,4.52267698306251,0,0,0,0,0,0,0,0,0,1,0
hoav1238,Hoava,Austronesian,1276.0,2,2,0,,threatened,1,1933.55538435227,1933.55538435227,29.04070091,29.04070091,30.6617188562194,30.6617188562194,4.52267698306251,4.52267698306251,0,0,0,0,0,0,0,0,0,1,0
riri1237,Ririo,Austronesian,1276.0,,4,,,severely endangered,1,1933.55538435227,1933.55538435227,29.04070091,29.04070091,30.6617188562194,30.6617188562194,4.52267698306251,4.52267698306251,0,0,0,0,0,0,0,0,0,1,0
papa1265,Papapana,Austronesian,1276.0,4,3,4,3,severely endangered,1,3006.70564478923,3006.70564478923,18.81159973,18.81159973,15.4061816403333,15.4061816403333,4.06785501758394,4.06785501758394,0,0,0,0,0,0,0,0,0,1,0
teop1238,Teop,Austronesian,1276.0,,2,,,threatened,1,3006.70564478923,3006.70564478923,18.81159973,18.81159973,15.4061816403333,15.4061816403333,4.06785501758394,4.06785501758394,0,0,0,0,0,0,0,0,0,1,0
haho1237,Hahon,Austronesian,1276.0,2,2,1,0,vulnerable,1,3006.70564478923,3006.70564478923,18.81159973,18.81159973,15.4061816403333,15.4061816403333,4.06785501758394,4.06785501758394,0,0,0,0,0,0,0,0,0,1,0
gaoo1237,Gao,Austronesian,1276.0,2,3,1,0,threatened,1,1933.55538435227,1933.55538435227,29.04070091,29.04070091,30.6617188562194,30.6617188562194,4.52267698306251,4.52267698306251,0,0,0,0,0,0,0,0,0,1,0
koko1269,Kokota,Austronesian,1276.0,2,2,0,,threatened,1,1933.55538435227,1933.55538435227,29.04070091,29.04070091,30.6617188562194,30.6617188562194,4.52267698306251,4.52267698306251,0,0,0,0,0,0,0,0,0,1,0
blab1237,Blablanga,Austronesian,1276.0,2,2,,2,threatened,1,1933.55538435227,1933.55538435227,29.04070091,29.04070091,30.6617188562194,30.6617188562194,4.52267698306251,4.52267698306251,0,0,0,0,0,0,0,0,0,1,0
zaza1245,Zazao,Austronesian,1276.0,5,,5,5,critically endangered,1,1933.55538435227,1933.55538435227,29.04070091,29.04070091,30.6617188562194,30.6617188562194,4.52267698306251,4.52267698306251,0,0,0,0,0,0,0,0,0,1,0
lagh1246,Laghu,Austronesian,1276.0,,,,,dormant,1,1933.55538435227,1933.55538435227,29.04070091,29.04070091,30.6617188562194,30.6617188562194,4.52267698306251,4.52267698306251,0,0,0,0,0,0,0,0,0,1,0
laku1238,Lakurumau,Austronesian,1276.0,4,3,,2,endangered,1,3006.70564478923,3006.70564478923,18.81159973,18.81159973,15.4061816403333,15.4061816403333,4.06785501758394,4.06785501758394,0,0,0,0,0,0,0,0,0,1,0
bulu1253,Bulu (Papua New Guinea),Austronesian,1276.0,,3,,,endangered,1,3006.70564478923,3006.70564478923,18.81159973,18.81159973,15.4061816403333,15.4061816403333,4.06785501758394,4.06785501758394,0,0,0,0,0,0,0,0,0,1,0
bola1250,Bola,Austronesian,1276.0,,1,,,vulnerable,1,3006.70564478923,3006.70564478923,18.81159973,18.81159973,15.4061816403333,15.4061816403333,4.06785501758394,4.06785501758394,0,0,0,0,0,0,0,0,0,1,0
mala1489,Malalamai,Austronesian,1276.0,,3,4,2,endangered,1,3006.70564478923,3006.70564478923,18.81159973,18.81159973,15.4061816403333,15.4061816403333,4.06785501758394,4.06785501758394,0,0,0,0,0,0,0,0,0,1,0
kove1237,Kove,Austronesian,1276.0,4,2,2,0,threatened,1,3006.70564478923,3006.70564478923,18.81159973,18.81159973,15.4061816403333,15.4061816403333,4.06785501758394,4.06785501758394,0,0,0,0,0,0,0,0,0,1,0
mind1255,Mindiri,Austronesian,1276.0,,4,,2,endangered,1,3006.70564478923,3006.70564478923,18.81159973,18.81159973,15.4061816403333,15.4061816403333,4.06785501758394,4.06785501758394,0,0,0,0,0,0,0,0,0,1,0
wabb1237,Wab,Austronesian,1276.0,,3,,,endangered,1,3006.70564478923,3006.70564478923,18.81159973,18.81159973,15.4061816403333,15.4061816403333,4.06785501758394,4.06785501758394,0,0,0,0,0,0,0,0,0,1,0
amar1272,Amara,Austronesian,1276.0,2,3,3,2,endangered,1,3006.70564478923,3006.70564478923,18.81159973,18.81159973,15.4061816403333,15.4061816403333,4.06785501758394,4.06785501758394,0,0,0,0,0,0,0,0,0,1,0
seng1281,Sengseng,Austronesian,1276.0,,2,,,threatened,1,3006.70564478923,3006.70564478923,18.81159973,18.81159973,15.4061816403333,15.4061816403333,4.06785501758394,4.06785501758394,0,0,0,0,0,0,0,0,0,1,0
karo1298,Karore,Austronesian,1276.0,,3,,,endangered,1,3006.70564478923,3006.70564478923,18.81159973,18.81159973,15.4061816403333,15.4061816403333,4.06785501758394,4.06785501758394,0,0,0,0,0,0,0,0,0,1,0
bebe1252,Bebeli,Austronesian,1276.0,5,3,4,4,severely endangered,1,3006.70564478923,3006.70564478923,18.81159973,18.81159973,15.4061816403333,15.4061816403333,4.06785501758394,4.06785501758394,0,0,0,0,0,0,0,0,0,1,0
ormu1248,Ormu,Austronesian,1276.0,,3,3,,endangered,1,4925.43048751861,4925.43048751861,72.78075544,72.78075544,58.7509635387997,58.7509635387997,1.89719567962498,1.89719567962498,0,0,0,0,0,0,0,0,0,1,0
toba1266,Tobati,Austronesian,1276.0,,3,5,,severely endangered,1,4925.43048751861,4925.43048751861,72.78075544,72.78075544,58.7509635387997,58.7509635387997,1.89719567962498,1.89719567962498,0,0,0,0,0,0,0,0,0,1,0
kayu1243,Kayupulau,Austronesian,1276.0,,3,4,4,severely endangered,1,4925.43048751861,4925.43048751861,72.78075544,72.78075544,58.7509635387997,58.7509635387997,1.89719567962498,1.89719567962498,0,0,0,0,0,0,0,0,0,1,0
bong1287,Bonggo,Austronesian,1276.0,,3,4,3,severely endangered,1,4925.43048751861,4925.43048751861,72.78075544,72.78075544,58.7509635387997,58.7509635387997,1.89719567962498,1.89719567962498,0,0,0,0,0,0,0,0,0,1,0
yamn1237,Yamna,Austronesian,1276.0,,3,,,endangered,1,4925.43048751861,4925.43048751861,72.78075544,72.78075544,58.7509635387997,58.7509635387997,1.89719567962498,1.89719567962498,0,0,0,0,0,0,0,0,0,1,0
masi1265,Masimasi,Austronesian,1276.0,,4,,,severely endangered,1,4925.43048751861,4925.43048751861,72.78075544,72.78075544,58.7509635387997,58.7509635387997,1.89719567962498,1.89719567962498,0,0,0,0,0,0,0,0,0,1,0
sobe1238,Sobei,Austronesian,1276.0,,2,3,,endangered,1,4925.43048751861,4925.43048751861,72.78075544,72.78075544,58.7509635387997,58.7509635387997,1.89719567962498,1.89719567962498,0,0,0,0,0,0,0,0,0,1,0
liki1241,Liki,Austronesian,1276.0,,4,,,severely endangered,1,4925.43048751861,4925.43048751861,72.78075544,72.78075544,58.7509635387997,58.7509635387997,1.89719567962498,1.89719567962498,0,0,0,0,0,0,0,0,0,1,0
anus1237,Korur,Austronesian,1276.0,,3,,,endangered,1,4925.43048751861,4925.43048751861,72.78075544,72.78075544,58.7509635387997,58.7509635387997,1.89719567962498,1.89719567962498,0,0,0,0,0,0,0,0,0,1,0
tarp1240,Tarpia,Austronesian,1276.0,,3,3,,endangered,1,4925.43048751861,4925.43048751861,72.78075544,72.78075544,58.7509635387997,58.7509635387997,1.89719567962498,1.89719567962498,0,0,0,0,0,0,0,0,0,1,0
numb1247,Numbami,Austronesian,1276.0,,3,,,endangered,1,3006.70564478923,3006.70564478923,18.81159973,18.81159973,15.4061816403333,15.4061816403333,4.06785501758394,4.06785501758394,0,0,0,0,0,0,0,0,0,1,0
adze1240,Adzera,Austronesian,1276.0,,1,,,vulnerable,1,3006.70564478923,3006.70564478923,18.81159973,18.81159973,15.4061816403333,15.4061816403333,4.06785501758394,4.06785501758394,0,0,0,0,0,0,0,0,0,1,0
labu1248,Labu,Austronesian,1276.0,,2,,,threatened,1,3006.70564478923,3006.70564478923,18.81159973,18.81159973,15.4061816403333,15.4061816403333,4.06785501758394,4.06785501758394,0,0,0,0,0,0,0,0,0,1,0
duwe1237,Duwet,Austronesian,1276.0,,3,,2,endangered,1,3006.70564478923,3006.70564478923,18.81159973,18.81159973,15.4061816403333,15.4061816403333,4.06785501758394,4.06785501758394,0,0,0,0,0,0,0,0,0,1,0
nafi1237,Nafi,Austronesian,1276.0,,3,,,endangered,1,3006.70564478923,3006.70564478923,18.81159973,18.81159973,15.4061816403333,15.4061816403333,4.06785501758394,4.06785501758394,0,0,0,0,0,0,0,0,0,1,0
muso1238,Musom,Austronesian,1276.0,2,3,2,,endangered,1,3006.70564478923,3006.70564478923,18.81159973,18.81159973,15.4061816403333,15.4061816403333,4.06785501758394,4.06785501758394,0,0,0,0,0,0,0,0,0,1,0
piuu1237,Piu,Austronesian,1276.0,,3,,,endangered,1,3006.70564478923,3006.70564478923,18.81159973,18.81159973,15.4061816403333,15.4061816403333,4.06785501758394,4.06785501758394,0,0,0,0,0,0,0,0,0,1,0
vehe1237,Vehes,Austronesian,1276.0,,4,,,severely endangered,1,3006.70564478923,3006.70564478923,18.81159973,18.81159973,15.4061816403333,15.4061816403333,4.06785501758394,4.06785501758394,0,0,0,0,0,0,0,0,0,1,0
buga1250,Bugawac,Austronesian,1276.0,,2,,,threatened,1,3006.70564478923,3006.70564478923,18.81159973,18.81159973,15.4061816403333,15.4061816403333,4.06785501758394,4.06785501758394,0,0,0,0,0,0,0,0,0,1,0
ulau1237,Ulau-Suain,Austronesian,1276.0,,2,,,threatened,1,3006.70564478923,3006.70564478923,18.81159973,18.81159973,15.4061816403333,15.4061816403333,4.06785501758394,4.06785501758394,0,0,0,0,0,0,0,0,0,1,0
sera1260,Sera,Austronesian,1276.0,,3,,,endangered,1,3006.70564478923,3006.70564478923,18.81159973,18.81159973,15.4061816403333,15.4061816403333,4.06785501758394,4.06785501758394,0,0,0,0,0,0,0,0,0,1,0
siss1243,Sissano,Austronesian,1276.0,,3,,,endangered,1,3006.70564478923,3006.70564478923,18.81159973,18.81159973,15.4061816403333,15.4061816403333,4.06785501758394,4.06785501758394,0,0,0,0,0,0,0,0,0,1,0
tuml1238,Tumleo,Austronesian,1276.0,,3,,,endangered,1,3006.70564478923,3006.70564478923,18.81159973,18.81159973,15.4061816403333,15.4061816403333,4.06785501758394,4.06785501758394,0,0,0,0,0,0,0,0,0,1,0
kapp1237,Kap,Austronesian,1276.0,,2,,,threatened,1,3006.70564478923,3006.70564478923,18.81159973,18.81159973,15.4061816403333,15.4061816403333,4.06785501758394,4.06785501758394,0,0,0,0,0,0,0,0,0,1,0
mana1295,Manam,Austronesian,1276.0,,2,,,threatened,1,3006.70564478923,3006.70564478923,18.81159973,18.81159973,15.4061816403333,15.4061816403333,4.06785501758394,4.06785501758394,0,0,0,0,0,0,0,0,0,1,0
sepa1241,Sepa (Papua New Guinea),Austronesian,1276.0,,3,2,,endangered,1,3006.70564478923,3006.70564478923,18.81159973,18.81159973,15.4061816403333,15.4061816403333,4.06785501758394,4.06785501758394,0,0,0,0,0,0,0,0,0,1,0
kiss1246,Kis,Austronesian,1276.0,,3,,,endangered,1,3006.70564478923,3006.70564478923,18.81159973,18.81159973,15.4061816403333,15.4061816403333,4.06785501758394,4.06785501758394,0,0,0,0,0,0,0,0,0,1,0
woge1237,Wogeo,Austronesian,1276.0,,2,,2,threatened,1,3006.70564478923,3006.70564478923,18.81159973,18.81159973,15.4061816403333,15.4061816403333,4.06785501758394,4.06785501758394,0,0,0,0,0,0,0,0,0,1,0
kair1263,Kairiru,Austronesian,1276.0,,2,,,threatened,1,3006.70564478923,3006.70564478923,18.81159973,18.81159973,15.4061816403333,15.4061816403333,4.06785501758394,4.06785501758394,0,0,0,0,0,0,0,0,0,1,0
tere1276,Terebu,Austronesian,1276.0,,3,,,endangered,1,3006.70564478923,3006.70564478923,18.81159973,18.81159973,15.4061816403333,15.4061816403333,4.06785501758394,4.06785501758394,0,0,0,0,0,0,0,0,0,1,0
long1395,Longgu,Austronesian,1276.0,2,2,,,threatened,1,1933.55538435227,1933.55538435227,29.04070091,29.04070091,30.6617188562194,30.6617188562194,4.52267698306251,4.52267698306251,0,0,0,0,0,0,0,0,0,1,0
faga1239,Fagani,Austronesian,1276.0,,3,,,endangered,1,1933.55538435227,1933.55538435227,29.04070091,29.04070091,30.6617188562194,30.6617188562194,4.52267698306251,4.52267698306251,0,0,0,0,0,0,0,0,0,1,0
oroh1237,Oroha,Austronesian,1276.0,,4,,,severely endangered,1,1933.55538435227,1933.55538435227,29.04070091,29.04070091,30.6617188562194,30.6617188562194,4.52267698306251,4.52267698306251,0,0,0,0,0,0,0,0,0,1,0
nang1262,Nanggu,Austronesian,1276.0,4,3,,3,severely endangered,1,1933.55538435227,1933.55538435227,29.04070091,29.04070091,30.6617188562194,30.6617188562194,4.52267698306251,4.52267698306251,0,0,0,0,0,0,0,0,0,1,0
ayiw1239,Äiwoo,Austronesian,1276.0,2,2,0,0,vulnerable,1,1933.55538435227,1933.55538435227,29.04070091,29.04070091,30.6617188562194,30.6617188562194,4.52267698306251,4.52267698306251,0,0,0,0,0,0,0,0,0,1,0
tean1237,Teanu,Austronesian,1276.0,,4,,,severely endangered,1,1933.55538435227,1933.55538435227,29.04070091,29.04070091,30.6617188562194,30.6617188562194,4.52267698306251,4.52267698306251,0,0,0,0,0,0,0,0,0,1,0
tane1237,Tanema,Austronesian,1276.0,,5,,,critically endangered,1,1933.55538435227,1933.55538435227,29.04070091,29.04070091,30.6617188562194,30.6617188562194,4.52267698306251,4.52267698306251,0,0,0,0,0,0,0,0,0,1,0
vano1237,Lovono,Austronesian,1276.0,,5,,,critically endangered,1,1933.55538435227,1933.55538435227,29.04070091,29.04070091,30.6617188562194,30.6617188562194,4.52267698306251,4.52267698306251,0,0,0,0,0,0,0,0,0,1,0
asum1237,Asumboa,Austronesian,1276.0,,4,,,severely endangered,1,1933.55538435227,1933.55538435227,29.04070091,29.04070091,30.6617188562194,30.6617188562194,4.52267698306251,4.52267698306251,0,0,0,0,0,0,0,0,0,1,0
tani1255,Tanimbili,Austronesian,1276.0,,4,,,severely endangered,1,1933.55538435227,1933.55538435227,29.04070091,29.04070091,30.6617188562194,30.6617188562194,4.52267698306251,4.52267698306251,0,0,0,0,0,0,0,0,0,1,0
naun1237,Nauna,Austronesian,1276.0,,4,,,severely endangered,1,3006.70564478923,3006.70564478923,18.81159973,18.81159973,15.4061816403333,15.4061816403333,4.06785501758394,4.06785501758394,0,0,0,0,0,0,0,0,0,1,0
lenk1247,Lenkau,Austronesian,1276.0,,3,,,endangered,1,3006.70564478923,3006.70564478923,18.81159973,18.81159973,15.4061816403333,15.4061816403333,4.06785501758394,4.06785501758394,0,0,0,0,0,0,0,0,0,1,0
balu1257,Paluai,Austronesian,1276.0,2,2,1,0,vulnerable,1,3006.70564478923,3006.70564478923,18.81159973,18.81159973,15.4061816403333,15.4061816403333,4.06785501758394,4.06785501758394,0,0,0,0,0,0,0,0,0,1,0
liku1243,Likum,Austronesian,1276.0,,4,,,severely endangered,1,3006.70564478923,3006.70564478923,18.81159973,18.81159973,15.4061816403333,15.4061816403333,4.06785501758394,4.06785501758394,0,0,0,0,0,0,0,0,0,1,0
moke1240,Mokerang,Austronesian,1276.0,,3,,,endangered,1,3006.70564478923,3006.70564478923,18.81159973,18.81159973,15.4061816403333,15.4061816403333,4.06785501758394,4.06785501758394,0,0,0,0,0,0,0,0,0,1,0
eluu1241,Elu,Austronesian,1276.0,,3,,,endangered,1,3006.70564478923,3006.70564478923,18.81159973,18.81159973,15.4061816403333,15.4061816403333,4.06785501758394,4.06785501758394,0,0,0,0,0,0,0,0,0,1,0
teni1244,Tenis,Austronesian,1276.0,,4,,,severely endangered,1,3006.70564478923,3006.70564478923,18.81159973,18.81159973,15.4061816403333,15.4061816403333,4.06785501758394,4.06785501758394,0,0,0,0,0,0,0,0,0,1,0
muss1246,Mussau-Emira,Austronesian,1276.0,,2,,2,threatened,1,3006.70564478923,3006.70564478923,18.81159973,18.81159973,15.4061816403333,15.4061816403333,4.06785501758394,4.06785501758394,0,0,0,0,0,0,0,0,0,1,0
ulit1238,Ulithian,Austronesian,1276.0,,2,,,threatened,1,4166.00476748564,4166.00476748564,39.52360153,39.52360153,22.4562830235421,22.4562830235421,0.572230689895507,0.572230689895507,0,0,0,0,0,0,0,0,0,1,0
tobi1238,Tobian,Austronesian,1276.0,,4,,,severely endangered,1,15610.8231931032,15610.8231931032,83.92549896,83.92549896,79.2095042878667,79.2095042878667,-0.106963321782325,-0.106963321782325,0,1,0,0,0,0,0,0,0,1,0
sons1242,Sonsorol,Austronesian,1276.0,,3,,,endangered,2,23785.754590043,19698.288891573102,83.92549896,83.92549896,92.0747260922394,85.64211519005305,-0.106963321782325,-0.9661441692102075,0,1,0,0,0,0,0,0,0,1,0
wole1240,Woleaian,Austronesian,1276.0,,2,,,threatened,1,4166.00476748564,4166.00476748564,39.52360153,39.52360153,22.4562830235421,22.4562830235421,0.572230689895507,0.572230689895507,0,0,0,0,0,0,0,0,0,1,0
mapi1250,Mapia,Austronesian,1276.0,,,,,dormant,1,4925.43048751861,4925.43048751861,72.78075544,72.78075544,58.7509635387997,58.7509635387997,1.89719567962498,1.89719567962498,0,0,0,0,0,0,0,0,0,1,0
pulu1242,Puluwatese,Austronesian,1276.0,,2,,,threatened,1,4166.00476748564,4166.00476748564,39.52360153,39.52360153,22.4562830235421,22.4562830235421,0.572230689895507,0.572230689895507,0,0,0,0,0,0,0,0,0,1,0
mort1237,Mortlockese,Austronesian,1276.0,,2,,,threatened,1,4166.00476748564,4166.00476748564,39.52360153,39.52360153,22.4562830235421,22.4562830235421,0.572230689895507,0.572230689895507,0,0,0,0,0,0,0,0,0,1,0
sata1237,Satawalese,Austronesian,1276.0,,3,,,endangered,1,4166.00476748564,4166.00476748564,39.52360153,39.52360153,22.4562830235421,22.4562830235421,0.572230689895507,0.572230689895507,0,0,0,0,0,0,0,0,0,1,0
namo1247,Namonuito,Austronesian,1276.0,,3,,,endangered,1,4166.00476748564,4166.00476748564,39.52360153,39.52360153,22.4562830235421,22.4562830235421,0.572230689895507,0.572230689895507,0,0,0,0,0,0,0,0,0,1,0
caro1242,Carolinian,Austronesian,1276.0,,2,,,threatened,1,23785.754590043,23785.754590043,,,92.0747260922394,92.0747260922394,-1.82532501663809,-1.82532501663809,0,0,0,0,0,0,0,0,0,1,0
tana1281,Tanapag,Austronesian,1276.0,,2,,,threatened,1,23785.754590043,23785.754590043,,,92.0747260922394,92.0747260922394,-1.82532501663809,-1.82532501663809,0,0,0,0,0,0,0,0,0,1,0
paaf1237,Pááfang,Austronesian,1276.0,,2,,,threatened,1,4166.00476748564,4166.00476748564,39.52360153,39.52360153,22.4562830235421,22.4562830235421,0.572230689895507,0.572230689895507,0,0,0,0,0,0,0,0,0,1,0
ping1243,Pingelapese,Austronesian,1276.0,2,2,2,0,threatened,3,84534.0407841548,43511.06575497431,94.69380188,71.57428965669436,94.1726346571831,65.58456582848119,1.04286346807884,0.805253099399724,0,0,0,0,0,0,0,0,0,1,0
moki1238,Mokilese,Austronesian,1276.0,,2,,,threatened,1,4166.00476748564,4166.00476748564,39.52360153,39.52360153,22.4562830235421,22.4562830235421,0.572230689895507,0.572230689895507,0,0,0,0,0,0,0,0,0,1,0
naur1243,Nauru,Austronesian,1276.0,,2,,,threatened,1,13609.158837552,13609.158837552,83.01170349,83.01170349,100.0,100.0,0.604485091438176,0.604485091438176,1,0,0,0,0,0,0,0,0,1,0
kosr1238,Kosraean,Austronesian,1276.0,1,2,0,0,vulnerable,2,13609.158837552,8887.58180251882,83.01170349,61.267652510000005,100.0,61.22814151177105,0.604485091438176,0.5883578906668414,0,1,0,0,0,0,0,0,0,1,0
hmwa1243,Hmwaveke,Austronesian,1276.0,,3,,,endangered,1,29213.1923192946,29213.1923192946,82.0058408035186,82.0058408035186,67.9514695585577,67.9514695585577,1.24582882655767,1.24582882655767,0,0,0,0,0,0,0,0,0,1,0
vama1243,Vamale,Austronesian,1276.0,,3,,,endangered,1,29213.1923192946,29213.1923192946,82.0058408035186,82.0058408035186,67.9514695585577,67.9514695585577,1.24582882655767,1.24582882655767,0,0,0,0,0,0,0,0,0,1,0
have1241,Haveke,Austronesian,1276.0,,3,,,endangered,1,29213.1923192946,29213.1923192946,82.0058408035186,82.0058408035186,67.9514695585577,67.9514695585577,1.24582882655767,1.24582882655767,0,0,0,0,0,0,0,0,0,1,0
bwat1240,Bwatoo,Austronesian,1276.0,3,3,,,endangered,1,29213.1923192946,29213.1923192946,82.0058408035186,82.0058408035186,67.9514695585577,67.9514695585577,1.24582882655767,1.24582882655767,0,0,0,0,0,0,0,0,0,1,0
haek1239,Haeke,Austronesian,1276.0,,4,,,severely endangered,1,29213.1923192946,29213.1923192946,82.0058408035186,82.0058408035186,67.9514695585577,67.9514695585577,1.24582882655767,1.24582882655767,0,0,0,0,0,0,0,0,0,1,0
pwaa1237,Pwaamei,Austronesian,1276.0,,3,,,endangered,1,29213.1923192946,29213.1923192946,82.0058408035186,82.0058408035186,67.9514695585577,67.9514695585577,1.24582882655767,1.24582882655767,0,0,0,0,0,0,0,0,0,1,0
pwap1237,Pwapwa,Austronesian,1276.0,,4,,,severely endangered,1,29213.1923192946,29213.1923192946,82.0058408035186,82.0058408035186,67.9514695585577,67.9514695585577,1.24582882655767,1.24582882655767,0,0,0,0,0,0,0,0,0,1,0
pije1237,Pije,Austronesian,1276.0,,3,,,endangered,1,29213.1923192946,29213.1923192946,82.0058408035186,82.0058408035186,67.9514695585577,67.9514695585577,1.24582882655767,1.24582882655767,0,0,0,0,0,0,0,0,0,1,0
nemi1240,Nemi,Austronesian,1276.0,,3,,,endangered,1,29213.1923192946,29213.1923192946,82.0058408035186,82.0058408035186,67.9514695585577,67.9514695585577,1.24582882655767,1.24582882655767,0,0,0,0,0,0,0,0,0,1,0
caac1237,Caac,Austronesian,1276.0,3,2,3,1,threatened,1,29213.1923192946,29213.1923192946,82.0058408035186,82.0058408035186,67.9514695585577,67.9514695585577,1.24582882655767,1.24582882655767,0,0,0,0,0,0,0,0,0,1,0
nyal1254,Belep,Austronesian,1276.0,,2,,,threatened,1,29213.1923192946,29213.1923192946,82.0058408035186,82.0058408035186,67.9514695585577,67.9514695585577,1.24582882655767,1.24582882655767,0,0,0,0,0,0,0,0,0,1,0
zire1240,Zire,Austronesian,1276.0,,,,,awakening,1,29213.1923192946,29213.1923192946,82.0058408035186,82.0058408035186,67.9514695585577,67.9514695585577,1.24582882655767,1.24582882655767,0,0,0,0,0,0,0,0,0,1,0
neku1237,Neku,Austronesian,1276.0,,3,,,endangered,1,29213.1923192946,29213.1923192946,82.0058408035186,82.0058408035186,67.9514695585577,67.9514695585577,1.24582882655767,1.24582882655767,0,0,0,0,0,0,0,0,0,1,0
orow1242,Orowe,Austronesian,1276.0,,3,,,endangered,1,29213.1923192946,29213.1923192946,82.0058408035186,82.0058408035186,67.9514695585577,67.9514695585577,1.24582882655767,1.24582882655767,0,0,0,0,0,0,0,0,0,1,0
arha1237,Arhâ,Austronesian,1276.0,,4,,,severely endangered,1,29213.1923192946,29213.1923192946,82.0058408035186,82.0058408035186,67.9514695585577,67.9514695585577,1.24582882655767,1.24582882655767,0,0,0,0,0,0,0,0,0,1,0
arho1237,Arhö,Austronesian,1276.0,,4,,,severely endangered,1,29213.1923192946,29213.1923192946,82.0058408035186,82.0058408035186,67.9514695585577,67.9514695585577,1.24582882655767,1.24582882655767,0,0,0,0,0,0,0,0,0,1,0
nume1242,Numee,Austronesian,1276.0,,2,,,threatened,1,29213.1923192946,29213.1923192946,82.0058408035186,82.0058408035186,67.9514695585577,67.9514695585577,1.24582882655767,1.24582882655767,0,0,0,0,0,0,0,0,0,1,0
anei1239,Aneityum,Austronesian,1276.0,,3,,,endangered,1,3410.77023167097,3410.77023167097,22.35140038,22.35140038,22.2866933360645,22.2866933360645,2.37006474262017,2.37006474262017,0,0,0,0,0,0,0,0,0,1,0
urav1235,Ura (Vanuatu),Austronesian,1276.0,5,5,5,5,critically endangered,1,3410.77023167097,3410.77023167097,22.35140038,22.35140038,22.2866933360645,22.2866933360645,2.37006474262017,2.37006474262017,0,0,0,0,0,0,0,0,0,1,0
duan1242,Duano,Austronesian,1276.0,,2,4,,endangered,2,11874.4273684245,8399.928927971556,98.0206059,85.40068067,76.9170296648992,67.83399660184945,1.89719567962498,1.867678442513895,0,0,0,0,0,0,0,0,0,1,0
coco1260,Cocos Islands Malay,Austronesian,1276.0,,1,0,,vulnerable,4,90674.066632628,55717.49321063297,98.0206059,96.17652624666668,100.0,88.17305888798127,2.12571289816265,1.9861225866529066,0,0,0,0,0,0,0,0,0,1,0
jaku1244,Jakun,Austronesian,1276.0,,1,,,vulnerable,1,11874.4273684245,11874.4273684245,98.0206059,98.0206059,76.9170296648992,76.9170296648992,1.83816120540281,1.83816120540281,0,0,0,0,0,0,0,1,0,0,0
oran1259,Orang Seletar,Austronesian,1276.0,,3,,,endangered,2,90674.066632628,51274.24700052625,98.0206059,96.19908884,100.0,88.4585148324496,1.99449365639326,1.916327430898035,0,0,0,0,0,0,0,1,0,0,0
oran1258,Orang Kanaq,Austronesian,1276.0,,4,,,severely endangered,1,11874.4273684245,11874.4273684245,98.0206059,98.0206059,76.9170296648992,76.9170296648992,1.83816120540281,1.83816120540281,0,0,0,0,0,0,0,1,0,0,0
temu1239,Temuan,Austronesian,1276.0,,2,,,threatened,1,11874.4273684245,11874.4273684245,98.0206059,98.0206059,76.9170296648992,76.9170296648992,1.83816120540281,1.83816120540281,0,0,0,0,0,0,0,1,0,0,0
urak1238,Urak Lawoi',Austronesian,1276.0,,2,3,,endangered,2,11874.4273684245,9610.523794923174,98.0206059,94.443896895,76.9170296648992,69.39298175201566,1.83816120540281,1.65625480083967,0,0,0,0,0,0,0,1,0,0,0
sril1245,Sri Lanka Malay,Austronesian,1276.0,4,,4,1,endangered,1,4515.56787322732,4515.56787322732,54.59,54.59,20.2996997058686,20.2996997058686,0.211737820425389,0.211737820425389,0,0,0,0,0,0,0,1,0,0,0
baba1267,Baba Malay,Austronesian,1276.0,5,2,5,5,critically endangered,2,90674.066632628,51274.24700052625,98.0206059,96.19908884,100.0,88.4585148324496,1.99449365639326,1.916327430898035,1,1,1,0,1,0,0,1,0,0,0
gora1261,Gorap,Austronesian,1276.0,,2,3,,endangered,1,4925.43048751861,4925.43048751861,72.78075544,72.78075544,58.7509635387997,58.7509635387997,1.89719567962498,1.89719567962498,0,0,0,0,0,0,0,0,0,1,0
bang1365,Bangka,Austronesian,1276.0,,4,5,,critically endangered,1,4925.43048751861,4925.43048751861,72.78075544,72.78075544,58.7509635387997,58.7509635387997,1.89719567962498,1.89719567962498,0,0,0,0,0,0,0,0,0,1,0
remu1237,Remun,Austronesian,1276.0,2,2,1,0,vulnerable,1,11874.4273684245,11874.4273684245,98.0206059,98.0206059,76.9170296648992,76.9170296648992,1.83816120540281,1.83816120540281,0,0,0,0,0,0,0,0,0,1,0
biha1246,Bih,Austronesian,1276.0,,,5,5,critically endangered,1,4717.29028732449,4717.29028732449,84.15,84.15,38.4900703430176,38.4900703430176,1.57144510714158,1.57144510714158,0,0,0,0,0,0,0,1,0,0,0
east2563,Eastern Cham,Austronesian,1276.0,1,0,1,0,vulnerable,1,4717.29028732449,4717.29028732449,84.15,84.15,38.4900703430176,38.4900703430176,1.57144510714158,1.57144510714158,0,0,0,1,0,0,0,1,0,0,0
tsat1238,Tsat,Austronesian,1276.0,2,2,2,,threatened,1,13303.1481543868,13303.1481543868,92.0,92.0,65.8946980998325,65.8946980998325,0.431708792065523,0.431708792065523,0,0,0,0,0,0,0,1,0,0,0
nort2994,Northern Roglai,Austronesian,1276.0,,1,,,vulnerable,1,4717.29028732449,4717.29028732449,84.15,84.15,38.4900703430176,38.4900703430176,1.57144510714158,1.57144510714158,0,0,0,0,0,0,0,1,0,0,0
sout3010,Southern Roglai,Austronesian,1276.0,,1,,,vulnerable,1,4717.29028732449,4717.29028732449,84.15,84.15,38.4900703430176,38.4900703430176,1.57144510714158,1.57144510714158,0,0,0,0,0,0,0,1,0,0,0
chru1239,Chru,Austronesian,1276.0,2,1,2,,threatened,1,4717.29028732449,4717.29028732449,84.15,84.15,38.4900703430176,38.4900703430176,1.57144510714158,1.57144510714158,0,0,0,0,0,0,0,1,0,0,0
bata1297,Bataan Ayta,Austronesian,1276.0,,3,2,,endangered,1,3984.8315387656,3984.8315387656,67.26300914,67.26300914,55.4520983215477,55.4520983215477,1.41854562717771,1.41854562717771,0,0,0,0,0,0,0,0,0,1,0
aben1249,Abenlen Ayta,Austronesian,1276.0,,2,,,threatened,1,3984.8315387656,3984.8315387656,67.26300914,67.26300914,55.4520983215477,55.4520983215477,1.41854562717771,1.41854562717771,0,1,0,0,0,0,0,0,0,1,0
boan1243,Boano (Sulawesi),Austronesian,1276.0,2,2,1,1,threatened,1,4925.43048751861,4925.43048751861,72.78075544,72.78075544,58.7509635387997,58.7509635387997,1.89719567962498,1.89719567962498,0,0,0,0,0,0,0,0,0,1,0
toto1304,Totoli,Austronesian,1276.0,4,2,4,2,endangered,1,4925.43048751861,4925.43048751861,72.78075544,72.78075544,58.7509635387997,58.7509635387997,1.89719567962498,1.89719567962498,0,0,0,0,0,0,0,0,0,1,0
lise1239,Lisela,Austronesian,1276.0,,1,,,vulnerable,1,4925.43048751861,4925.43048751861,72.78075544,72.78075544,58.7509635387997,58.7509635387997,1.89719567962498,1.89719567962498,0,0,0,0,0,0,0,0,0,1,0
huku1237,Hukumina,Austronesian,1276.0,,5,5,5,critically endangered,1,4925.43048751861,4925.43048751861,72.78075544,72.78075544,58.7509635387997,58.7509635387997,1.89719567962498,1.89719567962498,0,0,0,0,0,0,0,0,0,1,0
west2555,Western Bukidnon Manobo,Austronesian,1276.0,,1,,,vulnerable,1,3984.8315387656,3984.8315387656,67.26300914,67.26300914,55.4520983215477,55.4520983215477,1.41854562717771,1.41854562717771,0,0,0,0,0,0,0,0,0,1,0
mans1262,Mansaka,Austronesian,1276.0,,1,,,vulnerable,1,3984.8315387656,3984.8315387656,67.26300914,67.26300914,55.4520983215477,55.4520983215477,1.41854562717771,1.41854562717771,0,0,0,0,0,0,0,0,0,1,0
ataa1240,Ata,Austronesian,1276.0,,5,,,critically endangered,1,3984.8315387656,3984.8315387656,67.26300914,67.26300914,55.4520983215477,55.4520983215477,1.41854562717771,1.41854562717771,0,0,0,0,0,0,0,0,0,1,0
rata1245,Ratagnon,Austronesian,1276.0,,,5,5,critically endangered,1,3984.8315387656,3984.8315387656,67.26300914,67.26300914,55.4520983215477,55.4520983215477,1.41854562717771,1.41854562717771,0,0,0,0,0,0,0,0,0,1,0
mtir1236,Mt. Iraya Agta,Austronesian,1276.0,5,5,5,5,critically endangered,1,3984.8315387656,3984.8315387656,67.26300914,67.26300914,55.4520983215477,55.4520983215477,1.41854562717771,1.41854562717771,0,0,0,0,0,0,0,0,0,1,0
isar1235,Isarog Agta,Austronesian,1276.0,,5,,,critically endangered,1,3984.8315387656,3984.8315387656,67.26300914,67.26300914,55.4520983215477,55.4520983215477,1.41854562717771,1.41854562717771,0,1,0,0,0,0,0,0,0,1,0
cama1250,Camarines Norte Agta,Austronesian,1276.0,1,2,0,0,vulnerable,1,3984.8315387656,3984.8315387656,67.26300914,67.26300914,55.4520983215477,55.4520983215477,1.41854562717771,1.41854562717771,0,0,0,0,0,0,0,0,0,1,0
alab1246,Alabat Island Agta,Austronesian,1276.0,,4,5,5,critically endangered,1,3984.8315387656,3984.8315387656,67.26300914,67.26300914,55.4520983215477,55.4520983215477,1.41854562717771,1.41854562717771,0,0,0,0,0,0,0,0,0,1,0
cent2090,Central Tagbanwa,Austronesian,1276.0,4,3,,2,endangered,1,3984.8315387656,3984.8315387656,67.26300914,67.26300914,55.4520983215477,55.4520983215477,1.41854562717771,1.41854562717771,0,0,0,0,0,0,0,0,0,1,0
bata1301,Batak,Austronesian,1276.0,,3,,,endangered,1,3984.8315387656,3984.8315387656,67.26300914,67.26300914,55.4520983215477,55.4520983215477,1.41854562717771,1.41854562717771,0,0,0,0,1,0,0,0,0,1,0
lola1250,Lolak,Austronesian,1276.0,,4,4,,severely endangered,1,4925.43048751861,4925.43048751861,72.78075544,72.78075544,58.7509635387997,58.7509635387997,1.89719567962498,1.89719567962498,0,0,0,0,0,0,0,0,0,1,0
engg1245,Enggano,Austronesian,1276.0,,2,2,,threatened,1,4925.43048751861,4925.43048751861,72.78075544,72.78075544,58.7509635387997,58.7509635387997,1.89719567962498,1.89719567962498,0,0,0,0,0,0,0,0,0,1,0
nasa1239,Nasal,Austronesian,1276.0,2,2,1,0,vulnerable,1,4925.43048751861,4925.43048751861,72.78075544,72.78075544,58.7509635387997,58.7509635387997,1.89719567962498,1.89719567962498,0,0,0,0,0,0,0,0,0,1,0
bata1293,Batak Karo,Austronesian,1276.0,,0,,,at risk,1,4925.43048751861,4925.43048751861,72.78075544,72.78075544,58.7509635387997,58.7509635387997,1.89719567962498,1.89719567962498,0,0,0,0,0,0,0,0,0,1,0
west2538,West Tarangan,Austronesian,1276.0,1,2,1,0,vulnerable,1,4925.43048751861,4925.43048751861,72.78075544,72.78075544,58.7509635387997,58.7509635387997,1.89719567962498,1.89719567962498,0,0,0,0,0,0,0,0,0,1,0
ujir1237,Ujir,Austronesian,1276.0,,3,,,endangered,1,4925.43048751861,4925.43048751861,72.78075544,72.78075544,58.7509635387997,58.7509635387997,1.89719567962498,1.89719567962498,0,0,0,0,0,0,0,0,0,1,0
lola1248,Lola,Austronesian,1276.0,,3,,,endangered,1,4925.43048751861,4925.43048751861,72.78075544,72.78075544,58.7509635387997,58.7509635387997,1.89719567962498,1.89719567962498,0,0,0,0,0,0,0,0,0,1,0
mamb1306,Mambae,Austronesian,1276.0,,0,,,at risk,1,1331.9705130185,1331.9705130185,35.04199982,35.04199982,28.6641074179574,28.6641074179574,1.41400509504705,1.41400509504705,0,0,0,0,0,0,0,0,0,1,0
kema1243,Kemak,Austronesian,1276.0,,1,,,vulnerable,2,4925.43048751861,3128.700500268555,72.78075544,53.91137763,58.7509635387997,43.70753547837855,1.89719567962498,1.655600387336015,0,0,0,0,0,0,0,0,0,1,0
helo1243,Helong,Austronesian,1276.0,3,1,2,0,threatened,1,4925.43048751861,4925.43048751861,72.78075544,72.78075544,58.7509635387997,58.7509635387997,1.89719567962498,1.89719567962498,0,0,0,0,0,0,0,0,0,1,0
galo1243,Galoli-Talur,Austronesian,1276.0,,1,,,vulnerable,2,4925.43048751861,3128.700500268555,72.78075544,53.91137763,58.7509635387997,43.70753547837855,1.89719567962498,1.655600387336015,0,0,0,0,0,0,0,0,0,1,0
aput1237,Aputai,Austronesian,1276.0,,3,,,endangered,1,4925.43048751861,4925.43048751861,72.78075544,72.78075544,58.7509635387997,58.7509635387997,1.89719567962498,1.89719567962498,0,0,0,0,0,0,0,0,0,1,0
waim1252,Waima'a,Austronesian,1276.0,,2,,,threatened,1,1331.9705130185,1331.9705130185,35.04199982,35.04199982,28.6641074179574,28.6641074179574,1.41400509504705,1.41400509504705,0,0,0,0,0,0,0,0,0,1,0
naue1237,Nauete,Austronesian,1276.0,,3,,,endangered,1,1331.9705130185,1331.9705130185,35.04199982,35.04199982,28.6641074179574,28.6641074179574,1.41400509504705,1.41400509504705,0,0,0,0,0,0,0,0,0,1,0
kair1265,Kairui-Midiki,Austronesian,1276.0,,2,,,threatened,1,1331.9705130185,1331.9705130185,35.04199982,35.04199982,28.6641074179574,28.6641074179574,1.41400509504705,1.41400509504705,0,0,0,0,0,0,0,0,0,1,0
habu1241,Habu,Austronesian,1276.0,,2,,,threatened,1,1331.9705130185,1331.9705130185,35.04199982,35.04199982,28.6641074179574,28.6641074179574,1.41400509504705,1.41400509504705,0,0,0,0,0,0,0,0,0,1,0
dela1251,Dela-Oenale,Austronesian,1276.0,1,2,,0,vulnerable,1,4925.43048751861,4925.43048751861,72.78075544,72.78075544,58.7509635387997,58.7509635387997,1.89719567962498,1.89719567962498,0,0,0,0,0,0,0,0,0,1,0
amar1273,Amarasi,Austronesian,1276.0,,1,,,vulnerable,1,4925.43048751861,4925.43048751861,72.78075544,72.78075544,58.7509635387997,58.7509635387997,1.89719567962498,1.89719567962498,0,0,0,0,0,0,0,0,0,1,0
uabm1237,Uab Meto,Austronesian,1276.0,,0,,,at risk,2,4925.43048751861,3128.700500268555,72.78075544,53.91137763,58.7509635387997,43.70753547837855,1.89719567962498,1.655600387336015,0,0,0,0,0,0,0,0,0,1,0
baik1238,Baikeno,Austronesian,1276.0,,1,,,vulnerable,2,4925.43048751861,3128.700500268555,72.78075544,53.91137763,58.7509635387997,43.70753547837855,1.89719567962498,1.655600387336015,0,0,0,0,0,0,0,0,0,1,0
lole1239,Lole,Austronesian,1276.0,1,1,0,0,vulnerable,1,4925.43048751861,4925.43048751861,72.78075544,72.78075544,58.7509635387997,58.7509635387997,1.89719567962498,1.89719567962498,0,0,0,0,0,0,0,0,0,1,0
tiii1241,Tii,Austronesian,1276.0,,1,,,vulnerable,1,4925.43048751861,4925.43048751861,72.78075544,72.78075544,58.7509635387997,58.7509635387997,1.89719567962498,1.89719567962498,0,0,0,0,0,0,0,0,0,1,0
ring1244,Ringgou,Austronesian,1276.0,,1,,,vulnerable,1,4925.43048751861,4925.43048751861,72.78075544,72.78075544,58.7509635387997,58.7509635387997,1.89719567962498,1.89719567962498,0,0,0,0,0,0,0,0,0,1,0
maku1277,Maku'a,Austronesian,1276.0,,4,,5,critically endangered,1,1331.9705130185,1331.9705130185,35.04199982,35.04199982,28.6641074179574,28.6641074179574,1.41400509504705,1.41400509504705,0,0,0,0,0,0,0,0,0,1,0
luan1263,Luang,Austronesian,1276.0,,1,,,vulnerable,1,4925.43048751861,4925.43048751861,72.78075544,72.78075544,58.7509635387997,58.7509635387997,1.89719567962498,1.89719567962498,0,0,0,0,0,0,0,0,0,1,0
teun1241,Te'un,Austronesian,1276.0,,2,,,threatened,1,4925.43048751861,4925.43048751861,72.78075544,72.78075544,58.7509635387997,58.7509635387997,1.89719567962498,1.89719567962498,0,0,0,0,0,0,0,0,0,1,0
nila1244,Nila,Austronesian,1276.0,,2,,,threatened,2,4925.43048751861,3128.700500268555,72.78075544,53.91137763,58.7509635387997,43.70753547837855,1.89719567962498,1.655600387336015,0,0,0,0,0,0,0,0,0,1,0
empl1237,Emplawas,Austronesian,1276.0,,3,2,,endangered,1,4925.43048751861,4925.43048751861,72.78075544,72.78075544,58.7509635387997,58.7509635387997,1.89719567962498,1.89719567962498,0,0,0,0,0,0,0,0,0,1,0
seri1255,Serili,Austronesian,1276.0,,3,,,endangered,1,4925.43048751861,4925.43048751861,72.78075544,72.78075544,58.7509635387997,58.7509635387997,1.89719567962498,1.89719567962498,0,0,0,0,0,0,0,0,0,1,0
arta1239,Arta,Austronesian,1276.0,,4,5,5,critically endangered,1,3984.8315387656,3984.8315387656,67.26300914,67.26300914,55.4520983215477,55.4520983215477,1.41854562717771,1.41854562717771,0,0,0,0,0,0,0,0,0,1,0
adas1235,Adasen,Austronesian,1276.0,,2,2,,threatened,1,3984.8315387656,3984.8315387656,67.26300914,67.26300914,55.4520983215477,55.4520983215477,1.41854562717771,1.41854562717771,0,0,0,0,0,0,0,0,0,1,0
fair1238,Faire Atta,Austronesian,1276.0,,3,,,endangered,1,3984.8315387656,3984.8315387656,67.26300914,67.26300914,55.4520983215477,55.4520983215477,1.41854562717771,1.41854562717771,0,0,0,0,0,0,0,0,0,1,0
cent2084,Central Cagayan Agta,Austronesian,1276.0,2,3,,,endangered,1,3984.8315387656,3984.8315387656,67.26300914,67.26300914,55.4520983215477,55.4520983215477,1.41854562717771,1.41854562717771,0,0,0,0,0,0,0,0,0,1,0
dupa1235,Dupaninan Agta,Austronesian,1276.0,,2,,2,threatened,1,3984.8315387656,3984.8315387656,67.26300914,67.26300914,55.4520983215477,55.4520983215477,1.41854562717771,1.41854562717771,0,0,0,0,0,0,0,0,0,1,0
casi1235,Casiguran-Nagtipunan Agta,Austronesian,1276.0,3,3,1,1,threatened,1,3984.8315387656,3984.8315387656,67.26300914,67.26300914,55.4520983215477,55.4520983215477,1.41854562717771,1.41854562717771,0,0,0,0,0,0,0,0,0,1,0
nort2875,Northern Alta,Austronesian,1276.0,,3,3,,endangered,1,3984.8315387656,3984.8315387656,67.26300914,67.26300914,55.4520983215477,55.4520983215477,1.41854562717771,1.41854562717771,0,0,0,0,0,0,0,0,0,1,0
sout2905,Southern Alta,Austronesian,1276.0,4,3,3,3,severely endangered,1,3984.8315387656,3984.8315387656,67.26300914,67.26300914,55.4520983215477,55.4520983215477,1.41854562717771,1.41854562717771,0,0,0,0,0,0,0,0,0,1,0
isin1239,Isinai,Austronesian,1276.0,4,,5,4,critically endangered,1,3984.8315387656,3984.8315387656,67.26300914,67.26300914,55.4520983215477,55.4520983215477,1.41854562717771,1.41854562717771,0,0,0,0,0,0,0,0,0,1,0
lemo1243,Lemolang,Austronesian,1276.0,,2,,,threatened,1,4925.43048751861,4925.43048751861,72.78075544,72.78075544,58.7509635387997,58.7509635387997,1.89719567962498,1.89719567962498,0,0,0,0,0,0,0,0,0,1,0
beso1237,Besoa,Austronesian,1276.0,3,2,3,2,endangered,1,4925.43048751861,4925.43048751861,72.78075544,72.78075544,58.7509635387997,58.7509635387997,1.89719567962498,1.89719567962498,0,0,0,0,0,0,0,0,0,1,0
napu1241,Napu,Austronesian,1276.0,,2,,,threatened,1,4925.43048751861,4925.43048751861,72.78075544,72.78075544,58.7509635387997,58.7509635387997,1.89719567962498,1.89719567962498,0,0,0,0,0,0,0,0,0,1,0
budo1241,Budong-Budong,Austronesian,1276.0,,4,,,severely endangered,1,4925.43048751861,4925.43048751861,72.78075544,72.78075544,58.7509635387997,58.7509635387997,1.89719567962498,1.89719567962498,0,0,0,0,0,0,0,0,0,1,0
pana1303,Panasuan,Austronesian,1276.0,,3,,,endangered,1,4925.43048751861,4925.43048751861,72.78075544,72.78075544,58.7509635387997,58.7509635387997,1.89719567962498,1.89719567962498,0,0,0,0,0,0,0,0,0,1,0
dakk1238,Dakka,Austronesian,1276.0,,2,,,threatened,1,4925.43048751861,4925.43048751861,72.78075544,72.78075544,58.7509635387997,58.7509635387997,1.89719567962498,1.89719567962498,0,0,0,0,0,0,0,0,0,1,0
talo1251,Talondo',Austronesian,1276.0,,3,,,endangered,1,4925.43048751861,4925.43048751861,72.78075544,72.78075544,58.7509635387997,58.7509635387997,1.89719567962498,1.89719567962498,0,0,0,0,0,0,0,0,0,1,0
kano1244,Kanowit-Tanjong Melanau,Austronesian,1276.0,4,4,3,2,endangered,1,11874.4273684245,11874.4273684245,98.0206059,98.0206059,76.9170296648992,76.9170296648992,1.83816120540281,1.83816120540281,0,0,0,0,0,0,0,0,0,1,0
ukit1237,Ukit,Austronesian,1276.0,,3,,,endangered,1,11874.4273684245,11874.4273684245,98.0206059,98.0206059,76.9170296648992,76.9170296648992,1.83816120540281,1.83816120540281,0,0,0,0,0,0,0,0,0,1,0
puna1268,Punan Merah,Austronesian,1276.0,,3,,,endangered,1,4925.43048751861,4925.43048751861,72.78075544,72.78075544,58.7509635387997,58.7509635387997,1.89719567962498,1.89719567962498,0,0,0,0,0,0,0,0,0,1,0
sian1255,Sihan,Austronesian,1276.0,3,3,3,1,endangered,1,11874.4273684245,11874.4273684245,98.0206059,98.0206059,76.9170296648992,76.9170296648992,1.83816120540281,1.83816120540281,0,0,0,0,0,0,0,0,0,1,0
puna1278,Punan Batu 1,Austronesian,1276.0,,4,,,severely endangered,1,11874.4273684245,11874.4273684245,98.0206059,98.0206059,76.9170296648992,76.9170296648992,1.83816120540281,1.83816120540281,0,0,0,0,0,0,0,0,0,1,0
abai1240,Abai Sungai,Austronesian,1276.0,,3,,,endangered,1,11874.4273684245,11874.4273684245,98.0206059,98.0206059,76.9170296648992,76.9170296648992,1.83816120540281,1.83816120540281,0,0,0,0,0,0,0,0,0,1,0
dump1242,Dumpas,Austronesian,1276.0,,3,,,endangered,1,11874.4273684245,11874.4273684245,98.0206059,98.0206059,76.9170296648992,76.9170296648992,1.83816120540281,1.83816120540281,0,0,0,0,0,0,0,0,0,1,0
gana1277,Gana,Austronesian,1276.0,,3,,,endangered,1,11874.4273684245,11874.4273684245,98.0206059,98.0206059,76.9170296648992,76.9170296648992,1.83816120540281,1.83816120540281,0,0,0,0,0,0,0,0,0,1,0
keni1249,Keningau Murut,Austronesian,1276.0,,2,,,threatened,1,11874.4273684245,11874.4273684245,98.0206059,98.0206059,76.9170296648992,76.9170296648992,1.83816120540281,1.83816120540281,0,0,0,0,0,0,0,0,0,1,0
bint1246,Bintulu,Austronesian,1276.0,2,2,0,0,vulnerable,1,11874.4273684245,11874.4273684245,98.0206059,98.0206059,76.9170296648992,76.9170296648992,1.83816120540281,1.83816120540281,0,0,0,0,0,0,0,0,0,1,0
waha1238,Eastern Lowland Kenyah,Austronesian,1276.0,2,2,,1,threatened,1,4925.43048751861,4925.43048751861,72.78075544,72.78075544,58.7509635387997,58.7509635387997,1.89719567962498,1.89719567962498,0,0,0,0,0,0,0,0,0,1,0
long1406,Western Lowland Kenyah,Austronesian,1276.0,4,3,2,1,endangered,1,11874.4273684245,11874.4273684245,98.0206059,98.0206059,76.9170296648992,76.9170296648992,1.83816120540281,1.83816120540281,0,0,0,0,0,0,0,0,0,1,0
east2485,Eastern Penan,Austronesian,1276.0,1,2,,1,threatened,3,33153.4738913513,16651.11058243147,98.0206059,89.03321645,76.9170296648992,70.18876886368953,1.89719567962498,1.552870686941845,0,0,0,0,0,0,0,0,0,1,0
umal1238,Uma' Lung,Austronesian,1276.0,2,2,0,1,threatened,1,4925.43048751861,4925.43048751861,72.78075544,72.78075544,58.7509635387997,58.7509635387997,1.89719567962498,1.89719567962498,0,0,0,0,0,0,0,0,0,1,0
lela1246,Lelak,Austronesian,1276.0,,3,,,endangered,1,11874.4273684245,11874.4273684245,98.0206059,98.0206059,76.9170296648992,76.9170296648992,1.83816120540281,1.83816120540281,0,0,0,0,0,0,0,0,0,1,0
kipu1237,Kiput,Austronesian,1276.0,,3,,,endangered,2,33153.4738913513,22513.9506298879,98.0206059,97.15944695499999,76.9170296648992,75.90767152613445,1.83816120540281,1.3807081906002776,0,0,0,0,0,0,0,0,0,1,0
bela1260,Lemeting,Austronesian,1276.0,4,3,5,4,severely endangered,2,33153.4738913513,22513.9506298879,98.0206059,97.15944695499999,76.9170296648992,75.90767152613445,1.83816120540281,1.3807081906002776,0,0,0,0,0,0,0,0,0,1,0
leng1260,Lengilu,Austronesian,1276.0,,5,,,critically endangered,1,4925.43048751861,4925.43048751861,72.78075544,72.78075544,58.7509635387997,58.7509635387997,1.89719567962498,1.89719567962498,0,0,0,0,0,0,0,0,0,1,0
sara1329,Sara Bakati',Austronesian,1276.0,,2,,,threatened,1,4925.43048751861,4925.43048751861,72.78075544,72.78075544,58.7509635387997,58.7509635387997,1.89719567962498,1.89719567962498,0,0,0,0,0,0,0,0,0,1,0
moke1242,Moken,Austronesian,1276.0,,2,3,,endangered,2,7346.62022142185,4352.83511851146,90.86718789,68.157444195,61.8689338391321,46.15942112327285,1.47434839627653,1.1858731601611616,0,0,0,0,0,0,0,1,0,0,0
mokl1243,Moklen,Austronesian,1276.0,,2,3,,endangered,1,7346.62022142185,7346.62022142185,90.86718789,90.86718789,61.8689338391321,61.8689338391321,1.47434839627653,1.47434839627653,0,0,0,0,0,0,0,1,0,0,0
bala1314,Balaesang,Austronesian,1276.0,2,2,1,1,threatened,1,4925.43048751861,4925.43048751861,72.78075544,72.78075544,58.7509635387997,58.7509635387997,1.89719567962498,1.89719567962498,0,0,0,0,0,0,0,0,0,1,0
taji1246,Tajio,Austronesian,1276.0,2,1,1,1,threatened,1,4925.43048751861,4925.43048751861,72.78075544,72.78075544,58.7509635387997,58.7509635387997,1.89719567962498,1.89719567962498,0,0,0,0,0,0,0,0,0,1,0
damp1237,Dampelas,Austronesian,1276.0,2,2,3,1,threatened,1,4925.43048751861,4925.43048751861,72.78075544,72.78075544,58.7509635387997,58.7509635387997,1.89719567962498,1.89719567962498,0,0,0,0,0,0,0,0,0,1,0
taje1237,Taje,Austronesian,1276.0,5,4,5,5,critically endangered,1,4925.43048751861,4925.43048751861,72.78075544,72.78075544,58.7509635387997,58.7509635387997,1.89719567962498,1.89719567962498,0,0,0,0,0,0,0,0,0,1,0
pend1242,Pendau,Austronesian,1276.0,2,2,2,1,threatened,1,4925.43048751861,4925.43048751861,72.78075544,72.78075544,58.7509635387997,58.7509635387997,1.89719567962498,1.89719567962498,0,0,0,0,0,0,0,0,0,1,0
tomi1243,Tomini,Austronesian,1276.0,2,1,1,1,threatened,1,4925.43048751861,4925.43048751861,72.78075544,72.78075544,58.7509635387997,58.7509635387997,1.89719567962498,1.89719567962498,0,0,0,0,0,0,0,0,0,1,0
lauj1238,Lauje,Austronesian,1276.0,,1,2,,threatened,1,4925.43048751861,4925.43048751861,72.78075544,72.78075544,58.7509635387997,58.7509635387997,1.89719567962498,1.89719567962498,0,0,0,0,0,0,0,0,0,1,0
dond1249,Dondo,Austronesian,1276.0,2,1,,,threatened,1,4925.43048751861,4925.43048751861,72.78075544,72.78075544,58.7509635387997,58.7509635387997,1.89719567962498,1.89719567962498,0,0,0,0,0,0,0,0,0,1,0
bone1254,Bonerate,Austronesian,1276.0,,2,,,threatened,1,4925.43048751861,4925.43048751861,72.78075544,72.78075544,58.7509635387997,58.7509635387997,1.89719567962498,1.89719567962498,0,0,0,0,0,0,0,0,0,1,0
buso1238,Busoa,Austronesian,1276.0,,3,,2,endangered,1,4925.43048751861,4925.43048751861,72.78075544,72.78075544,58.7509635387997,58.7509635387997,1.89719567962498,1.89719567962498,0,0,0,0,0,0,0,0,0,1,0
liab1237,Liabuku,Austronesian,1276.0,,4,,,severely endangered,1,4925.43048751861,4925.43048751861,72.78075544,72.78075544,58.7509635387997,58.7509635387997,1.89719567962498,1.89719567962498,0,0,0,0,0,0,0,0,0,1,0
kumb1274,Kumbewaha,Austronesian,1276.0,,2,,,threatened,1,4925.43048751861,4925.43048751861,72.78075544,72.78075544,58.7509635387997,58.7509635387997,1.89719567962498,1.89719567962498,0,0,0,0,0,0,0,0,0,1,0
kode1237,Kodeoha,Austronesian,1276.0,,2,,,threatened,1,4925.43048751861,4925.43048751861,72.78075544,72.78075544,58.7509635387997,58.7509635387997,1.89719567962498,1.89719567962498,0,0,0,0,0,0,0,0,0,1,0
raha1237,Rahambuu,Austronesian,1276.0,,2,,,threatened,1,4925.43048751861,4925.43048751861,72.78075544,72.78075544,58.7509635387997,58.7509635387997,1.89719567962498,1.89719567962498,0,0,0,0,0,0,0,0,0,1,0
waru1266,Waru,Austronesian,1276.0,,3,,,endangered,1,4925.43048751861,4925.43048751861,72.78075544,72.78075544,58.7509635387997,58.7509635387997,1.89719567962498,1.89719567962498,0,0,0,0,0,0,0,0,0,1,0
toma1248,Tomadino,Austronesian,1276.0,,3,,,endangered,1,4925.43048751861,4925.43048751861,72.78075544,72.78075544,58.7509635387997,58.7509635387997,1.89719567962498,1.89719567962498,0,0,0,0,0,0,0,0,0,1,0
pado1242,Padoe,Austronesian,1276.0,,2,,,threatened,1,4925.43048751861,4925.43048751861,72.78075544,72.78075544,58.7509635387997,58.7509635387997,1.89719567962498,1.89719567962498,0,0,0,0,0,0,0,0,0,1,0
koro1311,Koroni,Austronesian,1276.0,,3,,,endangered,1,4925.43048751861,4925.43048751861,72.78075544,72.78075544,58.7509635387997,58.7509635387997,1.89719567962498,1.89719567962498,0,0,0,0,0,0,0,0,0,1,0
talo1252,Taloki,Austronesian,1276.0,,3,,,endangered,1,4925.43048751861,4925.43048751861,72.78075544,72.78075544,58.7509635387997,58.7509635387997,1.89719567962498,1.89719567962498,0,0,0,0,0,0,0,0,0,1,0
baho1237,Bahonsuai,Austronesian,1276.0,,3,,,endangered,1,4925.43048751861,4925.43048751861,72.78075544,72.78075544,58.7509635387997,58.7509635387997,1.89719567962498,1.89719567962498,0,0,0,0,0,0,0,0,0,1,0
andi1257,Andio,Austronesian,1276.0,,2,1,,threatened,1,4925.43048751861,4925.43048751861,72.78075544,72.78075544,58.7509635387997,58.7509635387997,1.89719567962498,1.89719567962498,0,0,0,0,0,0,0,0,0,1,0
bobo1255,Bobongko,Austronesian,1276.0,,2,,,threatened,1,4925.43048751861,4925.43048751861,72.78075544,72.78075544,58.7509635387997,58.7509635387997,1.89719567962498,1.89719567962498,0,0,0,0,0,0,0,0,0,1,0
salu1253,Saluan,Austronesian,1276.0,,1,,,vulnerable,1,4925.43048751861,4925.43048751861,72.78075544,72.78075544,58.7509635387997,58.7509635387997,1.89719567962498,1.89719567962498,0,0,0,0,0,0,0,0,0,1,0
kada1286,Kadai,Austronesian,1276.0,,3,,,endangered,1,4925.43048751861,4925.43048751861,72.78075544,72.78075544,58.7509635387997,58.7509635387997,1.89719567962498,1.89719567962498,0,0,0,0,0,0,0,0,0,1,0
wotu1240,Wotu,Austronesian,1276.0,,2,,,threatened,1,4925.43048751861,4925.43048751861,72.78075544,72.78075544,58.7509635387997,58.7509635387997,1.89719567962498,1.89719567962498,0,0,0,0,0,0,0,0,0,1,0
kala1394,Kalao,Austronesian,1276.0,,3,,,endangered,1,4925.43048751861,4925.43048751861,72.78075544,72.78075544,58.7509635387997,58.7509635387997,1.89719567962498,1.89719567962498,0,0,0,0,0,0,0,0,0,1,0
laiy1246,Laiyolo,Austronesian,1276.0,,3,,,endangered,1,4925.43048751861,4925.43048751861,72.78075544,72.78075544,58.7509635387997,58.7509635387997,1.89719567962498,1.89719567962498,0,0,0,0,0,0,0,0,0,1,0
bara1371,Baras,Austronesian,1276.0,,3,,,endangered,1,4925.43048751861,4925.43048751861,72.78075544,72.78075544,58.7509635387997,58.7509635387997,1.89719567962498,1.89719567962498,0,0,0,0,0,0,0,0,0,1,0
tomb1245,Tombelala,Austronesian,1276.0,,2,,,threatened,1,4925.43048751861,4925.43048751861,72.78075544,72.78075544,58.7509635387997,58.7509635387997,1.89719567962498,1.89719567962498,0,0,0,0,0,0,0,0,0,1,0
kaye1241,Kayeli,Austronesian,1276.0,5,5,5,5,critically endangered,1,4925.43048751861,4925.43048751861,72.78075544,72.78075544,58.7509635387997,58.7509635387997,1.89719567962498,1.89719567962498,0,0,0,0,0,0,0,0,0,1,0
hulu1246,Hulung,Austronesian,1276.0,5,4,5,5,critically endangered,1,4925.43048751861,4925.43048751861,72.78075544,72.78075544,58.7509635387997,58.7509635387997,1.89719567962498,1.89719567962498,0,0,0,0,0,0,0,0,0,1,0
loun1239,Loun,Austronesian,1276.0,,,,,dormant,1,4925.43048751861,4925.43048751861,72.78075544,72.78075544,58.7509635387997,58.7509635387997,1.89719567962498,1.89719567962498,0,0,0,0,0,0,0,0,0,1,0
alun1238,Alune,Austronesian,1276.0,,1,,,vulnerable,1,4925.43048751861,4925.43048751861,72.78075544,72.78075544,58.7509635387997,58.7509635387997,1.89719567962498,1.89719567962498,0,0,0,0,0,0,0,0,0,1,0
naka1263,Naka'ela,Austronesian,1276.0,,5,,,critically endangered,1,4925.43048751861,4925.43048751861,72.78075544,72.78075544,58.7509635387997,58.7509635387997,1.89719567962498,1.89719567962498,0,0,0,0,0,0,0,0,0,1,0
paul1238,Paulohi,Austronesian,1276.0,,4,,,severely endangered,1,4925.43048751861,4925.43048751861,72.78075544,72.78075544,58.7509635387997,58.7509635387997,1.89719567962498,1.89719567962498,0,0,0,0,0,0,0,0,0,1,0
kaib1244,Kaibobo,Austronesian,1276.0,,3,,,endangered,1,4925.43048751861,4925.43048751861,72.78075544,72.78075544,58.7509635387997,58.7509635387997,1.89719567962498,1.89719567962498,0,0,0,0,0,0,0,0,0,1,0
kama1362,Kamarian,Austronesian,1276.0,,4,,,severely endangered,1,4925.43048751861,4925.43048751861,72.78075544,72.78075544,58.7509635387997,58.7509635387997,1.89719567962498,1.89719567962498,0,0,0,0,0,0,0,0,0,1,0
nusa1245,Nusa Laut,Austronesian,1276.0,,4,,,severely endangered,1,4925.43048751861,4925.43048751861,72.78075544,72.78075544,58.7509635387997,58.7509635387997,1.89719567962498,1.89719567962498,0,0,0,0,0,0,0,0,0,1,0
amah1245,Amahai,Austronesian,1276.0,,4,5,,critically endangered,1,4925.43048751861,4925.43048751861,72.78075544,72.78075544,58.7509635387997,58.7509635387997,1.89719567962498,1.89719567962498,0,0,0,0,0,0,0,0,0,1,0
sapa1251,Saparua,Austronesian,1276.0,,1,,,vulnerable,1,4925.43048751861,4925.43048751861,72.78075544,72.78075544,58.7509635387997,58.7509635387997,1.89719567962498,1.89719567962498,0,0,0,0,0,0,0,0,0,1,0
laha1251,Laha (Indonesia),Austronesian,1276.0,,2,,,threatened,1,4925.43048751861,4925.43048751861,72.78075544,72.78075544,58.7509635387997,58.7509635387997,1.89719567962498,1.89719567962498,0,0,0,0,0,0,0,0,0,1,0
sepa1242,Sepa (Indonesia),Austronesian,1276.0,,2,,,threatened,1,4925.43048751861,4925.43048751861,72.78075544,72.78075544,58.7509635387997,58.7509635387997,1.89719567962498,1.89719567962498,0,0,0,0,0,0,0,0,0,1,0
boan1242,Boano (Maluku),Austronesian,1276.0,,2,,,threatened,1,4925.43048751861,4925.43048751861,72.78075544,72.78075544,58.7509635387997,58.7509635387997,1.89719567962498,1.89719567962498,0,0,0,0,0,0,0,0,0,1,0
kulo1237,Pazeh-Kahabu,Austronesian,1276.0,5,4,5,5,critically endangered,2,13303.1481543868,13303.1481543868,92.0,92.0,65.8946980998325,65.8946980998325,0.431708792065523,0.431708792065523,0,0,0,0,0,0,0,0,0,1,0
sais1237,Saisiyat,Austronesian,1276.0,5,2,5,3,severely endangered,2,13303.1481543868,13303.1481543868,92.0,92.0,65.8946980998325,65.8946980998325,0.431708792065523,0.431708792065523,0,0,0,0,0,0,0,0,0,1,0
sira1267,Sirayaic,Austronesian,1276.0,,,,,awakening,2,13303.1481543868,13303.1481543868,92.0,92.0,65.8946980998325,65.8946980998325,0.431708792065523,0.431708792065523,0,0,1,0,0,0,0,0,0,1,0
kava1241,Kavalan,Austronesian,1276.0,,4,5,5,critically endangered,2,13303.1481543868,13303.1481543868,92.0,92.0,65.8946980998325,65.8946980998325,0.431708792065523,0.431708792065523,0,0,0,0,0,0,0,0,0,1,0
kett1243,Ket,Yeniseian,5.0,,3,4,2,endangered,1,14889.0185546875,14889.0185546875,94.36495368,94.36495368,75.1119136177067,75.1119136177067,-0.0283196242809465,-0.0283196242809465,0,0,0,0,0,0,0,1,0,0,0
yecu1235,Yecuatla Totonac,Totonacan,13.0,,3,,,endangered,1,14185.7812248529,14185.7812248529,83.12233799,83.12233799,79.7538805976118,79.7538805976118,1.2127000253117,1.2127000253117,0,0,0,0,0,0,0,0,1,0,0
papa1238,Papantla Totonac,Totonacan,13.0,,1,,,vulnerable,1,14185.7812248529,14185.7812248529,83.12233799,83.12233799,79.7538805976118,79.7538805976118,1.2127000253117,1.2127000253117,0,0,0,0,0,0,0,0,1,0,0
high1243,Highland Totonac,Totonacan,13.0,,0,,,at risk,1,14185.7812248529,14185.7812248529,83.12233799,83.12233799,79.7538805976118,79.7538805976118,1.2127000253117,1.2127000253117,0,0,0,0,0,0,0,0,1,0,0
xico1235,Xicotepec De Juárez Totonac,Totonacan,13.0,,2,,,threatened,1,14185.7812248529,14185.7812248529,83.12233799,83.12233799,79.7538805976118,79.7538805976118,1.2127000253117,1.2127000253117,0,0,0,0,0,0,0,0,1,0,0
hueh1236,Huehuetla Tepehua,Totonacan,13.0,,2,,,threatened,1,14185.7812248529,14185.7812248529,83.12233799,83.12233799,79.7538805976118,79.7538805976118,1.2127000253117,1.2127000253117,0,0,0,0,0,0,0,0,1,0,0
pisa1237,Pisaflores Tepehua,Totonacan,13.0,,2,,,threatened,1,14185.7812248529,14185.7812248529,83.12233799,83.12233799,79.7538805976118,79.7538805976118,1.2127000253117,1.2127000253117,0,0,0,0,0,0,0,0,1,0,0
tlac1235,Tlachichilco Tepehua,Totonacan,13.0,,2,,,threatened,1,14185.7812248529,14185.7812248529,83.12233799,83.12233799,79.7538805976118,79.7538805976118,1.2127000253117,1.2127000253117,0,0,0,0,0,0,0,0,1,0,0
renn1236,Rennellese Sign Language,Artificial Language,31.0,5,3,4,5,critically endangered,1,1933.55538435227,1933.55538435227,29.04070091,29.04070091,30.6617188562194,30.6617188562194,4.52267698306251,4.52267698306251,0,0,0,0,0,0,0,0,0,1,0
laua1245,Laua,Mailuan,8.0,,5,,,critically endangered,1,3006.70564478923,3006.70564478923,18.81159973,18.81159973,15.4061816403333,15.4061816403333,4.06785501758394,4.06785501758394,0,0,0,0,0,0,0,0,0,1,0
kara1500,Karajá,Nuclear-Macro-Je,29.0,,2,,,threatened,1,10310.5488778166,10310.5488778166,84.46347227,84.46347227,87.8958549533146,87.8958549533146,0.724401697459186,0.724401697459186,0,0,0,0,0,0,0,0,0,0,1
rikb1245,Rikbaktsa,Nuclear-Macro-Je,29.0,2,2,2,1,threatened,1,10310.5488778166,10310.5488778166,84.46347227,84.46347227,87.8958549533146,87.8958549533146,0.724401697459186,0.724401697459186,0,0,0,0,0,0,0,0,0,0,1
ofay1240,Ofayé,Nuclear-Macro-Je,29.0,,4,,,severely endangered,1,10310.5488778166,10310.5488778166,84.46347227,84.46347227,87.8958549533146,87.8958549533146,0.724401697459186,0.724401697459186,0,0,0,0,0,0,0,0,0,0,1
pana1307,Panará,Nuclear-Macro-Je,29.0,,3,,,endangered,1,10310.5488778166,10310.5488778166,84.46347227,84.46347227,87.8958549533146,87.8958549533146,0.724401697459186,0.724401697459186,0,0,0,0,0,0,0,0,0,0,1
suya1243,Suyá,Nuclear-Macro-Je,29.0,,3,,,endangered,1,10310.5488778166,10310.5488778166,84.46347227,84.46347227,87.8958549533146,87.8958549533146,0.724401697459186,0.724401697459186,0,0,0,0,0,0,0,0,0,0,1
kaya1330,Mebengokre,Nuclear-Macro-Je,29.0,,2,,,threatened,1,10310.5488778166,10310.5488778166,84.46347227,84.46347227,87.8958549533146,87.8958549533146,0.724401697459186,0.724401697459186,0,0,0,0,0,0,0,0,0,0,1
krey1238,Northeastern Timbira,Nuclear-Macro-Je,29.0,,4,,,dormant,1,10310.5488778166,10310.5488778166,84.46347227,84.46347227,87.8958549533146,87.8958549533146,0.724401697459186,0.724401697459186,0,0,0,0,0,0,0,0,0,0,1
para1315,Pará Gavião,Nuclear-Macro-Je,29.0,,3,,,endangered,1,10310.5488778166,10310.5488778166,84.46347227,84.46347227,87.8958549533146,87.8958549533146,0.724401697459186,0.724401697459186,0,0,0,0,0,0,0,0,0,0,1
cane1242,Central-Southern Timbira,Nuclear-Macro-Je,29.0,,2,,,threatened,1,10310.5488778166,10310.5488778166,84.46347227,84.46347227,87.8958549533146,87.8958549533146,0.724401697459186,0.724401697459186,0,0,0,0,0,0,0,0,0,0,1
xava1240,Xavánte,Nuclear-Macro-Je,29.0,,1,,,vulnerable,1,10310.5488778166,10310.5488778166,84.46347227,84.46347227,87.8958549533146,87.8958549533146,0.724401697459186,0.724401697459186,0,0,0,0,0,0,0,0,0,0,1
xere1240,Xerénte,Nuclear-Macro-Je,29.0,,2,,,threatened,1,10310.5488778166,10310.5488778166,84.46347227,84.46347227,87.8958549533146,87.8958549533146,0.724401697459186,0.724401697459186,0,0,0,0,0,0,0,0,0,0,1
xakr1238,Xakriabá,Nuclear-Macro-Je,29.0,,,,,dormant,1,10310.5488778166,10310.5488778166,84.46347227,84.46347227,87.8958549533146,87.8958549533146,0.724401697459186,0.724401697459186,0,0,0,0,0,0,0,0,0,0,1
xokl1240,Xokleng,Nuclear-Macro-Je,29.0,,3,,,endangered,1,10310.5488778166,10310.5488778166,84.46347227,84.46347227,87.8958549533146,87.8958549533146,0.724401697459186,0.724401697459186,0,0,0,0,0,0,0,0,0,0,1
kain1272,Kaingang,Nuclear-Macro-Je,29.0,,1,,,vulnerable,1,10310.5488778166,10310.5488778166,84.46347227,84.46347227,87.8958549533146,87.8958549533146,0.724401697459186,0.724401697459186,0,0,0,0,0,0,0,0,0,0,1
arik1265,Arikapú,Nuclear-Macro-Je,29.0,,5,,,critically endangered,1,10310.5488778166,10310.5488778166,84.46347227,84.46347227,87.8958549533146,87.8958549533146,0.724401697459186,0.724401697459186,0,0,0,0,0,0,0,0,0,0,1
djeo1235,Djeoromitxí,Nuclear-Macro-Je,29.0,,4,,,severely endangered,1,10310.5488778166,10310.5488778166,84.46347227,84.46347227,87.8958549533146,87.8958549533146,0.724401697459186,0.724401697459186,0,0,0,0,0,0,0,0,0,0,1
kren1239,Borum,Nuclear-Macro-Je,29.0,,4,,,severely endangered,1,10310.5488778166,10310.5488778166,84.46347227,84.46347227,87.8958549533146,87.8958549533146,0.724401697459186,0.724401697459186,0,0,0,0,0,0,0,0,0,0,1
maxa1247,Maxakalí,Nuclear-Macro-Je,29.0,,2,,,threatened,1,10310.5488778166,10310.5488778166,84.46347227,84.46347227,87.8958549533146,87.8958549533146,0.724401697459186,0.724401697459186,0,0,0,0,0,0,0,0,0,0,1
umot1240,Umotína,Bororoan,3.0,,,,,awakening,1,10310.5488778166,10310.5488778166,84.46347227,84.46347227,87.8958549533146,87.8958549533146,0.724401697459186,0.724401697459186,0,0,0,0,0,0,0,0,0,0,1
boro1282,Bororo,Bororoan,3.0,,2,,1,threatened,1,10310.5488778166,10310.5488778166,84.46347227,84.46347227,87.8958549533146,87.8958549533146,0.724401697459186,0.724401697459186,0,0,0,0,0,0,0,0,0,0,1
lafo1243,Lafofa,Tegem,2.0,,3,,,endangered,1,984.607666015625,984.607666015625,18.60000038,18.60000038,34.8673015510839,34.8673015510839,1.01305651386284,1.01305651386284,0,0,0,0,0,1,0,0,0,0,0
coas1301,Coast Miwok,Miwok-Costanoan,13.0,,,,,dormant,1,84534.0407841548,84534.0407841548,94.69380188,94.69380188,80.1247798047184,80.1247798047184,1.04286346807884,1.04286346807884,0,0,0,0,0,0,0,0,1,0,0
plai1259,Plains Miwok,Miwok-Costanoan,13.0,,,,,dormant,1,84534.0407841548,84534.0407841548,94.69380188,94.69380188,80.1247798047184,80.1247798047184,1.04286346807884,1.04286346807884,0,0,0,0,0,0,0,0,1,0,0
nort2969,San Francisco Bay Ohlone,Miwok-Costanoan,13.0,,,,,awakening,1,84534.0407841548,84534.0407841548,94.69380188,94.69380188,80.1247798047184,80.1247798047184,1.04286346807884,1.04286346807884,0,0,0,0,0,0,0,0,1,0,0
dubu1240,Dubu,Pauwasi,5.0,,3,3,,endangered,1,4925.43048751861,4925.43048751861,72.78075544,72.78075544,58.7509635387997,58.7509635387997,1.89719567962498,1.89719567962498,0,0,0,0,0,0,0,0,0,1,0
towe1240,Towei,Pauwasi,5.0,,3,,,endangered,1,4925.43048751861,4925.43048751861,72.78075544,72.78075544,58.7509635387997,58.7509635387997,1.89719567962498,1.89719567962498,0,0,0,0,0,0,0,0,0,1,0
emum1240,Emumu,Pauwasi,5.0,,2,,,threatened,1,4925.43048751861,4925.43048751861,72.78075544,72.78075544,58.7509635387997,58.7509635387997,1.89719567962498,1.89719567962498,0,0,0,0,0,0,0,0,0,1,0
kark1258,Karkar-Yuri,Pauwasi,5.0,,2,,,threatened,1,3006.70564478923,3006.70564478923,18.81159973,18.81159973,15.4061816403333,15.4061816403333,4.06785501758394,4.06785501758394,0,0,0,0,0,0,0,0,0,1,0
yafi1240,Yafi,Pauwasi,5.0,,3,,,endangered,1,4925.43048751861,4925.43048751861,72.78075544,72.78075544,58.7509635387997,58.7509635387997,1.89719567962498,1.89719567962498,0,0,0,0,0,0,0,0,0,1,0
duri1243,Duriankere,South Bird's Head,8.0,,4,,,severely endangered,1,4925.43048751861,4925.43048751861,72.78075544,72.78075544,58.7509635387997,58.7509635387997,1.89719567962498,1.89719567962498,0,0,0,0,0,0,0,0,0,1,0
suab1238,Suabo,South Bird's Head,8.0,4,3,4,5,critically endangered,1,4925.43048751861,4925.43048751861,72.78075544,72.78075544,58.7509635387997,58.7509635387997,1.89719567962498,1.89719567962498,0,0,0,0,0,0,0,0,0,1,0
owin1240,Owiniga,Left May,6.0,,3,,,endangered,1,3006.70564478923,3006.70564478923,18.81159973,18.81159973,15.4061816403333,15.4061816403333,4.06785501758394,4.06785501758394,0,0,0,0,0,0,0,0,0,1,0
amap1240,Ama (Papua New Guinea),Left May,6.0,,3,,0,vulnerable,1,3006.70564478923,3006.70564478923,18.81159973,18.81159973,15.4061816403333,15.4061816403333,4.06785501758394,4.06785501758394,0,0,0,0,0,0,0,0,0,1,0
bopa1235,Bo (Papua New Guinea),Left May,6.0,,4,,,severely endangered,1,3006.70564478923,3006.70564478923,18.81159973,18.81159973,15.4061816403333,15.4061816403333,4.06785501758394,4.06785501758394,0,0,0,0,0,0,0,0,0,1,0
iter1241,Iteri,Left May,6.0,,3,,,endangered,1,3006.70564478923,3006.70564478923,18.81159973,18.81159973,15.4061816403333,15.4061816403333,4.06785501758394,4.06785501758394,0,0,0,0,0,0,0,0,0,1,0
nakw1240,Nakwi,Left May,6.0,,3,,,endangered,1,3006.70564478923,3006.70564478923,18.81159973,18.81159973,15.4061816403333,15.4061816403333,4.06785501758394,4.06785501758394,0,0,0,0,0,0,0,0,0,1,0
nimo1247,Nimo,Left May,6.0,,3,,,endangered,1,3006.70564478923,3006.70564478923,18.81159973,18.81159973,15.4061816403333,15.4061816403333,4.06785501758394,4.06785501758394,0,0,0,0,0,0,0,0,0,1,0
mang1381,Mangarrayi,Mangarrayi-Maran,4.0,5,4,5,5,critically endangered,1,64603.9856308464,64603.9856308464,96.13140106,96.13140106,87.6021469990446,87.6021469990446,2.12571289816265,2.12571289816265,0,0,0,0,0,0,1,0,0,0,0
alaw1244,Alawa,Mangarrayi-Maran,4.0,,4,,5,critically endangered,1,64603.9856308464,64603.9856308464,96.13140106,96.13140106,87.6021469990446,87.6021469990446,2.12571289816265,2.12571289816265,0,0,0,0,0,0,1,0,0,0,0
wand1263,Wandarang,Mangarrayi-Maran,4.0,,,,,dormant,1,64603.9856308464,64603.9856308464,96.13140106,96.13140106,87.6021469990446,87.6021469990446,2.12571289816265,2.12571289816265,0,0,0,0,0,0,1,0,0,0,0
mara1385,Marra,Mangarrayi-Maran,4.0,,5,,5,critically endangered,1,64603.9856308464,64603.9856308464,96.13140106,96.13140106,87.6021469990446,87.6021469990446,2.12571289816265,2.12571289816265,0,0,0,0,0,0,1,0,0,0,0
daho1238,Daho-Doo,Kru,38.0,,2,,,threatened,2,2727.8935220697,1789.6956229699529,41.43219902,36.832899819999994,55.5387986654968,54.7560550297555,3.48999214741196,3.31299119110578,0,0,0,0,0,1,0,0,0,0,0
dewo1238,Dewoin,Kru,38.0,,2,,,threatened,1,851.497723870206,851.497723870206,32.23360062,32.23360062,55.5387986654968,55.5387986654968,3.1359902347996,3.1359902347996,0,0,0,0,0,1,0,0,0,0,0
gbii1242,Gbii,Kru,38.0,,2,,,threatened,1,851.497723870206,851.497723870206,32.23360062,32.23360062,55.5387986654968,55.5387986654968,3.1359902347996,3.1359902347996,0,0,0,0,0,1,0,0,0,0,0
plap1239,Plapo Krumen,Kru,38.0,,4,,,severely endangered,2,2727.8935220697,1789.6956229699529,41.43219902,36.832899819999994,55.5387986654968,54.7560550297555,3.48999214741196,3.31299119110578,0,0,0,0,0,1,0,0,0,0,0
tere1279,Terena-Kinikinao-Chane,Arawakan,77.0,,1,,,vulnerable,1,10310.5488778166,10310.5488778166,84.46347227,84.46347227,87.8958549533146,87.8958549533146,0.724401697459186,0.724401697459186,0,0,0,0,0,0,0,0,0,0,1
baur1253,Baure,Arawakan,77.0,,4,5,5,critically endangered,1,4421.16609889999,4421.16609889999,79.70469666,79.70469666,71.2361453773988,71.2361453773988,1.82370068528301,1.82370068528301,1,0,0,0,0,0,0,0,0,0,1
apol1242,Apolista,Arawakan,77.0,,,,,dormant,1,4421.16609889999,4421.16609889999,79.70469666,79.70469666,71.2361453773988,71.2361453773988,1.82370068528301,1.82370068528301,0,0,0,0,0,0,0,0,0,0,1
paun1241,Paunaka,Arawakan,77.0,,5,,,critically endangered,1,4421.16609889999,4421.16609889999,79.70469666,79.70469666,71.2361453773988,71.2361453773988,1.82370068528301,1.82370068528301,0,0,0,0,0,0,0,0,0,0,1
yane1238,Yanesha',Arawakan,77.0,,2,,,threatened,1,8452.37167056621,8452.37167056621,81.95705992,81.95705992,85.1912729600355,85.1912729600355,1.57651042813743,1.57651042813743,0,0,0,0,0,0,0,0,0,0,1
noma1263,Nomatsiguenga,Arawakan,77.0,,2,,,threatened,1,8452.37167056621,8452.37167056621,81.95705992,81.95705992,85.1912729600355,85.1912729600355,1.57651042813743,1.57651042813743,0,0,0,0,0,0,0,0,0,0,1
caqu1242,Caquinte,Arawakan,77.0,,3,,,vulnerable,1,8452.37167056621,8452.37167056621,81.95705992,81.95705992,85.1912729600355,85.1912729600355,1.57651042813743,1.57651042813743,0,0,0,0,0,0,0,0,0,0,1
asha1243,Asháninka,Arawakan,77.0,,1,,,vulnerable,2,10310.5488778166,9381.460274191406,84.46347227,83.21026609500001,87.8958549533146,86.54356395667506,1.57651042813743,1.150456062798308,0,0,0,0,0,0,0,0,0,0,1
mach1267,Machiguenga,Arawakan,77.0,,2,,,threatened,1,8452.37167056621,8452.37167056621,81.95705992,81.95705992,85.1912729600355,85.1912729600355,1.57651042813743,1.57651042813743,0,0,0,0,0,0,0,0,0,0,1
nant1250,Nanti,Arawakan,77.0,1,3,0,0,vulnerable,1,8452.37167056621,8452.37167056621,81.95705992,81.95705992,85.1912729600355,85.1912729600355,1.57651042813743,1.57651042813743,0,0,0,0,0,0,0,0,0,0,1
apur1254,Apurinã,Arawakan,77.0,,3,,3,endangered,1,10310.5488778166,10310.5488778166,84.46347227,84.46347227,87.8958549533146,87.8958549533146,0.724401697459186,0.724401697459186,0,0,0,0,0,0,0,0,0,0,1
mach1268,Machinere,Arawakan,77.0,,3,,,endangered,2,10310.5488778166,7365.857488358295,84.46347227,82.08408446499999,87.8958549533146,79.5660001653567,1.82370068528301,1.2740511913710981,0,0,0,0,0,0,0,0,0,0,1
yine1238,Yine,Arawakan,77.0,,2,,,threatened,1,8452.37167056621,8452.37167056621,81.95705992,81.95705992,85.1912729600355,85.1912729600355,1.57651042813743,1.57651042813743,0,0,0,0,0,0,0,0,0,0,1
mash1270,Mashco Piro,Arawakan,77.0,,3,,,endangered,1,8452.37167056621,8452.37167056621,81.95705992,81.95705992,85.1912729600355,85.1912729600355,1.57651042813743,1.57651042813743,0,0,0,0,0,0,0,0,0,0,1
cham1318,Chamicuro,Arawakan,77.0,,5,,,critically endangered,1,8452.37167056621,8452.37167056621,81.95705992,81.95705992,85.1912729600355,85.1912729600355,1.57651042813743,1.57651042813743,0,0,0,0,0,0,0,0,0,0,1
guar1293,Baniva de Maroa,Arawakan,77.0,,3,,,endangered,3,10310.5488778166,7482.4495908346535,84.46347227,80.16260231,89.285859883201,85.23426534104236,1.3876355674663,0.8406185571145203,0,0,0,0,0,0,0,0,0,0,1
yavi1244,Yavitero-Pareni,Arawakan,77.0,,,,,dormant,1,4217.59102643391,4217.59102643391,76.67890167,76.67890167,89.285859883201,89.285859883201,0.409818406418075,0.409818406418075,0,0,0,0,0,0,0,0,0,0,1
araw1276,Lokono,Arawakan,77.0,4,2,5,4,severely endangered,4,29675.2443873316,13618.208324460256,87.4,82.35990092,89.285859883201,60.5092545306155,0.889793534914993,0.6393969407346387,0,0,0,0,0,0,0,0,0,0,1
gari1256,Garifuna,Arawakan,77.0,,0,,,at risk,4,7681.24400583113,5026.311054225098,80.00582262,65.0613559375,59.2628402709961,53.938956635694424,2.49057240695025,1.8032466706261299,0,1,1,1,0,0,0,0,1,0,0
para1316,Paraujano,Arawakan,77.0,,5,5,5,critically endangered,1,4217.59102643391,4217.59102643391,76.67890167,76.67890167,89.285859883201,89.285859883201,0.409818406418075,0.409818406418075,0,0,0,0,0,0,0,0,0,0,1
wayu1243,Wayuu,Arawakan,77.0,1,0,0,0,vulnerable,2,7919.20886825345,6068.39994734368,79.34543299,78.01216733000001,89.285859883201,83.90347053490625,1.3876355674663,0.8987269869421874,0,0,0,0,0,0,0,0,0,0,1
kais1242,Kaishana,Arawakan,77.0,,,,,dormant,1,10310.5488778166,10310.5488778166,84.46347227,84.46347227,87.8958549533146,87.8958549533146,0.724401697459186,0.724401697459186,0,0,0,0,0,0,0,0,0,0,1
cabi1241,Cabiyarí,Arawakan,77.0,,3,,,endangered,1,7919.20886825345,7919.20886825345,79.34543299,79.34543299,78.5210811866115,78.5210811866115,1.3876355674663,1.3876355674663,0,0,0,0,0,0,0,0,0,0,1
tari1256,Tariana,Arawakan,77.0,,4,5,5,critically endangered,2,10310.5488778166,9114.878873035024,84.46347227,81.90445263000001,87.8958549533146,83.20846806996305,1.3876355674663,1.056018632462743,0,0,0,0,0,0,0,0,0,0,1
curr1243,Curripaco,Arawakan,77.0,,1,,,vulnerable,3,10310.5488778166,7482.4495908346535,84.46347227,80.16260231,89.285859883201,85.23426534104236,1.3876355674663,0.8406185571145203,0,0,0,0,0,0,0,0,0,0,1
bani1255,Baniwa do Icana,Arawakan,77.0,,2,,,threatened,3,10310.5488778166,7482.4495908346535,84.46347227,80.16260231,89.285859883201,85.23426534104236,1.3876355674663,0.8406185571145203,0,0,0,0,0,0,0,0,0,0,1
acha1250,Achagua,Arawakan,77.0,,3,,,endangered,1,7919.20886825345,7919.20886825345,79.34543299,79.34543299,78.5210811866115,78.5210811866115,1.3876355674663,1.3876355674663,0,0,0,0,0,0,0,0,0,0,1
piap1246,Piapoco,Arawakan,77.0,,2,,,threatened,2,7919.20886825345,6068.39994734368,79.34543299,78.01216733000001,89.285859883201,83.90347053490625,1.3876355674663,0.8987269869421874,0,0,0,0,0,0,0,0,0,0,1
mand1448,Mandahuaca,Arawakan,77.0,,,,,dormant,3,10310.5488778166,7482.4495908346535,84.46347227,80.16260231,89.285859883201,85.23426534104236,1.3876355674663,0.8406185571145203,0,0,0,0,0,0,0,0,0,0,1
resi1247,Resígaro,Arawakan,77.0,,5,,,critically endangered,2,8452.37167056621,8185.79026940983,81.95705992,80.651246455,85.1912729600355,81.8561770733235,1.57651042813743,1.482072997801865,0,0,0,0,0,0,0,0,0,0,1
yucu1253,Yucuna,Arawakan,77.0,,3,,,endangered,3,10310.5488778166,8894.043138878753,84.46347227,81.92198839333334,87.8958549533146,83.86940303332052,1.57651042813743,1.2295158976876388,0,0,0,0,0,0,0,0,0,0,1
bare1276,Baré,Arawakan,77.0,,3,,,dormant,2,10310.5488778166,7264.069952125255,84.46347227,80.57118697,89.285859883201,88.5908574182578,0.724401697459186,0.5671100519386305,0,0,0,0,0,0,0,0,0,0,1
pali1279,Palikúr,Arawakan,77.0,,2,,2,threatened,2,10310.5488778166,10310.5488778166,84.46347227,84.46347227,87.8958549533146,87.8958549533146,0.724401697459186,0.724401697459186,0,0,0,0,0,0,0,0,0,0,1
sara1331,Saraveca,Arawakan,77.0,,,,,dormant,2,10310.5488778166,7365.857488358295,84.46347227,82.08408446499999,87.8958549533146,79.5660001653567,1.82370068528301,1.2740511913710981,0,0,0,0,0,0,0,0,0,0,1
pare1272,Parecís,Arawakan,77.0,,2,,,threatened,1,10310.5488778166,10310.5488778166,84.46347227,84.46347227,87.8958549533146,87.8958549533146,0.724401697459186,0.724401697459186,0,0,0,0,0,0,0,0,0,0,1
enaw1238,Enawené-Nawé,Arawakan,77.0,,3,,,endangered,1,10310.5488778166,10310.5488778166,84.46347227,84.46347227,87.8958549533146,87.8958549533146,0.724401697459186,0.724401697459186,0,0,0,0,0,0,0,0,0,0,1
yawa1261,Yawalapití,Arawakan,77.0,,5,,,critically endangered,1,10310.5488778166,10310.5488778166,84.46347227,84.46347227,87.8958549533146,87.8958549533146,0.724401697459186,0.724401697459186,0,0,0,0,0,0,0,0,0,0,1
mehi1240,Mehináku,Arawakan,77.0,,3,,,endangered,1,10310.5488778166,10310.5488778166,84.46347227,84.46347227,87.8958549533146,87.8958549533146,0.724401697459186,0.724401697459186,0,0,0,0,0,0,0,0,0,0,1
waur1244,Waurá,Arawakan,77.0,,3,,,endangered,1,10310.5488778166,10310.5488778166,84.46347227,84.46347227,87.8958549533146,87.8958549533146,0.724401697459186,0.724401697459186,0,0,0,0,0,0,0,0,0,0,1
mapi1252,Mapidian-Mawayana,Arawakan,77.0,,5,,,critically endangered,3,29675.2443873316,15649.194274921154,87.4,84.95475778666666,87.8958549533146,60.0459195539867,0.889793534914993,0.7442580377483424,0,0,0,0,0,0,0,0,0,0,1
wapi1253,Wapishana,Arawakan,77.0,,1,,,vulnerable,2,29675.2443873316,19992.8966325741,84.46347227,83.73213668,87.8958549533146,57.1867864709358,0.724401697459186,0.671490289165017,0,0,0,0,0,0,0,0,0,0,1
haru1245,Haruai,Piawi,2.0,,3,,,endangered,1,3006.70564478923,3006.70564478923,18.81159973,18.81159973,15.4061816403333,15.4061816403333,4.06785501758394,4.06785501758394,0,0,0,0,0,0,0,0,0,1,0
pina1252,Pinai-Hagahai,Piawi,2.0,,3,,0,vulnerable,1,3006.70564478923,3006.70564478923,18.81159973,18.81159973,15.4061816403333,15.4061816403333,4.06785501758394,4.06785501758394,0,0,0,0,0,0,0,0,0,1,0
alut1245,Alutor,Chukotko-Kamchatkan,7.0,,3,4,4,severely endangered,1,14889.0185546875,14889.0185546875,94.36495368,94.36495368,75.1119136177067,75.1119136177067,-0.0283196242809465,-0.0283196242809465,0,0,0,0,0,0,0,1,0,0,0
chuk1273,Chukchi,Chukotko-Kamchatkan,7.0,,2,2,2,threatened,1,14889.0185546875,14889.0185546875,94.36495368,94.36495368,75.1119136177067,75.1119136177067,-0.0283196242809465,-0.0283196242809465,0,0,0,0,0,0,0,1,0,0,0
kory1246,Koryak,Chukotko-Kamchatkan,7.0,,2,3,2,endangered,1,14889.0185546875,14889.0185546875,94.36495368,94.36495368,75.1119136177067,75.1119136177067,-0.0283196242809465,-0.0283196242809465,0,0,0,0,0,0,0,1,0,0,0
kere1280,Kerek,Chukotko-Kamchatkan,7.0,,5,5,5,critically endangered,1,14889.0185546875,14889.0185546875,94.36495368,94.36495368,75.1119136177067,75.1119136177067,-0.0283196242809465,-0.0283196242809465,0,0,0,0,0,0,0,1,0,0,0
itel1242,West Itelmen,Chukotko-Kamchatkan,7.0,,4,,,severely endangered,1,14889.0185546875,14889.0185546875,94.36495368,94.36495368,75.1119136177067,75.1119136177067,-0.0283196242809465,-0.0283196242809465,0,0,0,0,0,0,0,1,0,0,0
guay1257,Guayabero,Guahiboan,5.0,,2,,,threatened,1,7919.20886825345,7919.20886825345,79.34543299,79.34543299,78.5210811866115,78.5210811866115,1.3876355674663,1.3876355674663,0,0,0,0,0,0,0,0,0,0,1
maca1259,Hitnu,Guahiboan,5.0,,3,,,endangered,1,7919.20886825345,7919.20886825345,79.34543299,79.34543299,78.5210811866115,78.5210811866115,1.3876355674663,1.3876355674663,0,0,0,0,0,0,0,0,0,0,1
cuib1242,Cuiba,Guahiboan,5.0,,2,,1,threatened,2,7919.20886825345,6068.39994734368,79.34543299,78.01216733000001,89.285859883201,83.90347053490625,1.3876355674663,0.8987269869421874,0,0,0,0,0,0,0,0,0,0,1
guah1255,Sikuani,Guahiboan,5.0,,1,,,vulnerable,2,7919.20886825345,6068.39994734368,79.34543299,78.01216733000001,89.285859883201,83.90347053490625,1.3876355674663,0.8987269869421874,0,0,0,0,0,0,0,0,0,0,1
play1240,Playero,Guahiboan,5.0,,3,,,endangered,2,7919.20886825345,6068.39994734368,79.34543299,78.01216733000001,89.285859883201,83.90347053490625,1.3876355674663,0.8987269869421874,0,0,0,0,0,0,0,0,0,0,1
buna1278,Bunak,Timor-Alor-Pantar,23.0,,1,,,vulnerable,2,4925.43048751861,3128.700500268555,72.78075544,53.91137763,58.7509635387997,43.70753547837855,1.89719567962498,1.655600387336015,0,0,0,0,0,0,0,0,0,1,0
kula1280,Kula (Indonesia),Timor-Alor-Pantar,23.0,,2,,0,vulnerable,1,4925.43048751861,4925.43048751861,72.78075544,72.78075544,58.7509635387997,58.7509635387997,1.89719567962498,1.89719567962498,0,0,0,0,0,0,0,0,0,1,0
wers1238,Wersing,Timor-Alor-Pantar,23.0,,2,,0,vulnerable,1,4925.43048751861,4925.43048751861,72.78075544,72.78075544,58.7509635387997,58.7509635387997,1.89719567962498,1.89719567962498,0,0,0,0,0,0,0,0,0,1,0
sawi1256,Sawila,Timor-Alor-Pantar,23.0,,2,,,threatened,1,4925.43048751861,4925.43048751861,72.78075544,72.78075544,58.7509635387997,58.7509635387997,1.89719567962498,1.89719567962498,0,0,0,0,0,0,0,0,0,1,0
lamm1241,Western Pantar,Timor-Alor-Pantar,23.0,1,1,1,0,vulnerable,1,4925.43048751861,4925.43048751861,72.78075544,72.78075544,58.7509635387997,58.7509635387997,1.89719567962498,1.89719567962498,0,0,0,0,0,0,0,0,0,1,0
kelo1247,Klon,Timor-Alor-Pantar,23.0,2,2,1,2,threatened,1,4925.43048751861,4925.43048751861,72.78075544,72.78075544,58.7509635387997,58.7509635387997,1.89719567962498,1.89719567962498,0,0,0,0,0,0,0,0,0,1,0
kaer1234,Kaera,Timor-Alor-Pantar,23.0,,2,,0,vulnerable,1,4925.43048751861,4925.43048751861,72.78075544,72.78075544,58.7509635387997,58.7509635387997,1.89719567962498,1.89719567962498,0,0,0,0,0,0,0,0,0,1,0
blag1240,Blagar,Timor-Alor-Pantar,23.0,,,2,1,threatened,1,4925.43048751861,4925.43048751861,72.78075544,72.78075544,58.7509635387997,58.7509635387997,1.89719567962498,1.89719567962498,0,0,0,0,0,0,0,0,0,1,0
adan1251,Adang,Timor-Alor-Pantar,23.0,4,2,3,2,endangered,1,4925.43048751861,4925.43048751861,72.78075544,72.78075544,58.7509635387997,58.7509635387997,1.89719567962498,1.89719567962498,0,0,0,0,0,0,0,0,0,1,0
nede1245,Nedebang,Timor-Alor-Pantar,23.0,5,3,5,4,critically endangered,1,4925.43048751861,4925.43048751861,72.78075544,72.78075544,58.7509635387997,58.7509635387997,1.89719567962498,1.89719567962498,0,0,0,0,0,0,0,0,0,1,0
teiw1235,Teiwa,Timor-Alor-Pantar,23.0,2,2,3,2,endangered,1,4925.43048751861,4925.43048751861,72.78075544,72.78075544,58.7509635387997,58.7509635387997,1.89719567962498,1.89719567962498,0,0,0,0,0,0,0,0,0,1,0
kuii1253,Kui (Indonesia),Timor-Alor-Pantar,23.0,,2,,,threatened,1,4925.43048751861,4925.43048751861,72.78075544,72.78075544,58.7509635387997,58.7509635387997,1.89719567962498,1.89719567962498,0,0,0,0,0,0,0,0,0,1,0
kama1365,Kamang,Timor-Alor-Pantar,23.0,,2,,2,threatened,1,4925.43048751861,4925.43048751861,72.78075544,72.78075544,58.7509635387997,58.7509635387997,1.89719567962498,1.89719567962498,0,0,0,0,0,0,0,0,0,1,0
abui1241,Abui,Timor-Alor-Pantar,23.0,3,1,1,1,threatened,1,4925.43048751861,4925.43048751861,72.78075544,72.78075544,58.7509635387997,58.7509635387997,1.89719567962498,1.89719567962498,0,0,0,0,0,0,0,0,0,1,0
oira1263,Oirata,Timor-Alor-Pantar,23.0,,2,,,threatened,1,4925.43048751861,4925.43048751861,72.78075544,72.78075544,58.7509635387997,58.7509635387997,1.89719567962498,1.89719567962498,0,0,0,0,0,0,0,0,0,1,0
cher1273,Cherokee,Iroquoian,11.0,,2,,,threatened,1,84534.0407841548,84534.0407841548,94.69380188,94.69380188,80.1247798047184,80.1247798047184,1.04286346807884,1.04286346807884,0,0,0,0,0,0,0,0,1,0,0
tusc1257,Tuscarora,Iroquoian,11.0,,5,5,5,critically endangered,2,84534.0407841548,69437.19425331405,94.69380188,94.52355194,82.7002565766633,81.41251819069086,3.17427570128175,2.108569584680295,0,0,0,0,0,0,0,0,1,0,0
cayu1261,Cayuga,Iroquoian,11.0,,4,,,severely endangered,2,84534.0407841548,69437.19425331405,94.69380188,94.52355194,82.7002565766633,81.41251819069086,3.17427570128175,2.108569584680295,0,0,0,0,0,0,0,0,1,0,0
sene1264,Seneca,Iroquoian,11.0,,4,5,5,critically endangered,2,84534.0407841548,69437.19425331405,94.69380188,94.52355194,82.7002565766633,81.41251819069086,3.17427570128175,2.108569584680295,0,0,0,0,0,0,0,0,1,0,0
onon1246,Onondaga,Iroquoian,11.0,,4,5,5,critically endangered,2,84534.0407841548,69437.19425331405,94.69380188,94.52355194,82.7002565766633,81.41251819069086,3.17427570128175,2.108569584680295,0,0,0,0,0,0,0,0,1,0,0
susq1241,Susquehannock,Iroquoian,11.0,,,,,dormant,1,84534.0407841548,84534.0407841548,94.69380188,94.69380188,80.1247798047184,80.1247798047184,1.04286346807884,1.04286346807884,0,0,0,0,0,0,0,0,1,0,0
onei1249,Oneida,Iroquoian,11.0,,3,,,endangered,2,84534.0407841548,69437.19425331405,94.69380188,94.52355194,82.7002565766633,81.41251819069086,3.17427570128175,2.108569584680295,0,0,0,0,0,0,0,0,1,0,0
moha1258,Mohawk,Iroquoian,11.0,,2,3,1,threatened,2,84534.0407841548,69437.19425331405,94.69380188,94.52355194,82.7002565766633,81.41251819069086,3.17427570128175,2.108569584680295,0,0,0,0,0,0,0,0,1,0,0
agua1253,Aguaruna,Chicham,4.0,,1,,,vulnerable,1,8452.37167056621,8452.37167056621,81.95705992,81.95705992,85.1912729600355,85.1912729600355,1.57651042813743,1.57651042813743,0,0,0,0,0,0,0,0,0,0,1
achu1248,Achuar-Shiwiar,Chicham,4.0,,2,,,threatened,2,8452.37167056621,7663.5387051661055,81.95705992,79.564895535,85.1912729600355,74.21448309989785,1.57651042813743,1.303141319097765,0,0,0,0,0,0,0,0,0,0,1
shua1257,Shuar,Chicham,4.0,,1,,,vulnerable,2,8452.37167056621,7663.5387051661055,81.95705992,79.564895535,85.1912729600355,74.21448309989785,1.57651042813743,1.303141319097765,0,0,0,1,0,0,0,0,0,0,1
huam1247,Huambisa,Chicham,4.0,,2,,,threatened,1,8452.37167056621,8452.37167056621,81.95705992,81.95705992,85.1912729600355,85.1912729600355,1.57651042813743,1.57651042813743,0,0,0,0,0,0,0,0,0,0,1
kitj1240,Kitja,Jarrakan,3.0,5,4,5,4,critically endangered,1,64603.9856308464,64603.9856308464,96.13140106,96.13140106,87.6021469990446,87.6021469990446,2.12571289816265,2.12571289816265,0,0,0,0,0,0,1,0,0,0,0
gadj1243,Gajirrabeng,Jarrakan,3.0,,5,,,critically endangered,1,64603.9856308464,64603.9856308464,96.13140106,96.13140106,87.6021469990446,87.6021469990446,2.12571289816265,2.12571289816265,0,0,0,0,0,0,1,0,0,0,0
miri1266,Miriwung,Jarrakan,3.0,,4,5,5,critically endangered,1,64603.9856308464,64603.9856308464,96.13140106,96.13140106,87.6021469990446,87.6021469990446,2.12571289816265,2.12571289816265,0,0,0,0,0,0,1,0,0,0,0
mull1237,Mullukmulluk,Northern Daly,2.0,3,4,5,5,critically endangered,1,64603.9856308464,64603.9856308464,96.13140106,96.13140106,87.6021469990446,87.6021469990446,2.12571289816265,2.12571289816265,0,0,0,0,0,0,1,0,0,0,0
tyar1236,Tyaraity,Northern Daly,2.0,,4,,,severely endangered,1,64603.9856308464,64603.9856308464,96.13140106,96.13140106,87.6021469990446,87.6021469990446,2.12571289816265,2.12571289816265,0,0,0,0,0,0,1,0,0,0,0
gizr1240,Gizrra,Eastern Trans-Fly,4.0,,2,,,threatened,1,3006.70564478923,3006.70564478923,18.81159973,18.81159973,15.4061816403333,15.4061816403333,4.06785501758394,4.06785501758394,0,0,0,0,0,0,0,0,0,1,0
meri1244,Meriam,Eastern Trans-Fly,4.0,,3,,,endangered,1,64603.9856308464,64603.9856308464,96.13140106,96.13140106,87.6021469990446,87.6021469990446,2.12571289816265,2.12571289816265,0,0,0,0,0,0,0,0,0,1,0
ndyu1241,Ndyuka-Trio Pidgin,Pidgin,87.0,,,,5,dormant,1,6961.78955961526,6961.78955961526,87.4,87.4,65.7641857200885,65.7641857200885,0.889793534914993,0.889793534914993,0,0,0,0,0,0,0,0,0,0,1
chin1253,Chinese Pidgin English,Pidgin,87.0,,2,,,threatened,2,13609.158837552,13456.1534959694,92.0,87.505851745,100.0,82.94734904991626,0.604485091438176,0.5180969417518495,0,0,0,0,0,0,0,1,0,0,0
ainu1240,Hokkaido Ainu,Ainu,3.0,,5,5,5,critically endangered,1,32487.0778047567,32487.0778047567,85.54153081,85.54153081,92.1901718034531,92.1901718034531,-0.318996369716406,-0.318996369716406,0,0,0,0,0,0,0,1,0,0,0
ward1246,Wardaman,Yangmanic,3.0,,4,,4,severely endangered,1,64603.9856308464,64603.9856308464,96.13140106,96.13140106,87.6021469990446,87.6021469990446,2.12571289816265,2.12571289816265,0,0,0,0,0,0,1,0,0,0,0
yang1288,Yangman,Yangmanic,3.0,,5,,,critically endangered,1,64603.9856308464,64603.9856308464,96.13140106,96.13140106,87.6021469990446,87.6021469990446,2.12571289816265,2.12571289816265,0,0,0,0,0,0,1,0,0,0,0
abaz1241,Abaza,Abkhaz-Adyge,5.0,,1,,,vulnerable,2,15892.7157287241,15390.8671417058,94.36495368,90.83641519,89.3443122873887,82.2281129525477,0.587160894947427,0.27942063533324024,0,1,0,0,0,0,0,1,0,0,0
toll1241,Tol,Jicaquean,2.0,,3,,,endangered,1,3426.43483328923,3426.43483328923,58.62269974,58.62269974,58.7850728104829,58.7850728104829,2.49057240695025,2.49057240695025,0,0,0,0,0,0,0,0,1,0,0
urub1243,Urubú-Kaapor Sign Language,Sign Language,227.0,,5,,,critically endangered,1,10310.5488778166,10310.5488778166,84.46347227,84.46347227,87.8958549533146,87.8958549533146,0.724401697459186,0.724401697459186,0,0,0,0,0,0,0,0,0,0,1
brib1244,Bribri Sign Language,Sign Language,227.0,,3,,,endangered,1,18587.1532203482,18587.1532203482,87.17019653,87.17019653,79.3107672397967,79.3107672397967,1.01864686580616,1.01864686580616,0,0,0,0,0,0,0,0,1,0,0
bank1251,Ban Khor Sign Language,Sign Language,227.0,,3,,,endangered,1,7346.62022142185,7346.62022142185,90.86718789,90.86718789,61.8689338391321,61.8689338391321,1.47434839627653,1.47434839627653,0,0,0,0,0,0,0,1,0,0,0
port1277,Portuguese Sign Language,Sign Language,227.0,,2,,,threatened,1,29292.242104753,29292.242104753,88.48704454,88.48704454,61.3281907341332,61.3281907341332,1.29665949378498,1.29665949378498,0,0,0,0,0,0,0,1,0,0,0
tebu1240,Tebul Sign Language,Sign Language,227.0,,3,,,endangered,1,1094.61949265799,1094.61949265799,36.80149841,36.80149841,31.6075621182225,31.6075621182225,4.87178721321357,4.87178721321357,0,0,0,0,0,1,0,0,0,0,0
alsa1242,Al-Sayyid Bedouin Sign Language,Sign Language,227.0,,3,,,endangered,1,54176.6844383302,54176.6844383302,88.18242225,88.18242225,91.536188843818,91.536188843818,1.29494868069402,1.29494868069402,0,0,0,0,0,0,0,1,0,0,0
inui1247,Inuit Sign Language,Sign Language,227.0,4,4,,3,severely endangered,1,54340.3477224733,54340.3477224733,94.353302,94.353302,82.7002565766633,82.7002565766633,3.17427570128175,3.17427570128175,0,0,0,0,0,0,0,0,1,0,0
beng1239,Kata Kolok,Sign Language,227.0,2,3,2,3,endangered,1,4925.43048751861,4925.43048751861,72.78075544,72.78075544,58.7509635387997,58.7509635387997,1.89719567962498,1.89719567962498,0,0,0,0,0,0,0,0,0,1,0
pena1248,Penang Sign Language,Sign Language,227.0,,3,,,endangered,1,11874.4273684245,11874.4273684245,98.0206059,98.0206059,76.9170296648992,76.9170296648992,1.83816120540281,1.83816120540281,0,0,0,0,0,0,0,1,0,0,0
jama1256,Jamaican Country Sign Language,Sign Language,227.0,,2,,,threatened,1,7753.8006955432,7753.8006955432,90.10870361,90.10870361,58.9301585439922,58.9301585439922,0.794840329919524,0.794840329919524,0,0,0,0,0,0,0,0,1,0,0
salv1237,Salvadoran Sign Language,Sign Language,227.0,0,,,1,vulnerable,1,5579.65969165029,5579.65969165029,66.47769928,66.47769928,75.0674905102199,75.0674905102199,1.06563734540893,1.06563734540893,0,0,0,0,0,0,0,0,1,0,0
alip1234,Alipur Sign Language,Sign Language,227.0,,2,,,threatened,1,2694.73780859961,2694.73780859961,64.9434967,64.9434967,35.3788972368389,35.3788972368389,1.77423382325139,1.77423382325139,0,0,0,0,0,0,0,1,0,0,0
adam1238,Adamorobe Sign Language,Sign Language,227.0,1,4,2,1,threatened,1,2390.77237652715,2390.77237652715,72.17569733,72.17569733,58.3654868038581,58.3654868038581,2.83566522568304,2.83566522568304,0,0,0,0,0,1,0,0,0,0,0
mard1245,Mardin Sign Language,Sign Language,227.0,4,4,,4,severely endangered,1,15892.7157287241,15892.7157287241,87.3078767,87.3078767,89.3443122873887,89.3443122873887,0.587160894947427,0.587160894947427,0,0,0,0,0,0,0,1,0,0,0
hawa1235,Hawai'i Sign Language,Sign Language,227.0,,4,5,5,critically endangered,1,84534.0407841548,84534.0407841548,94.69380188,94.69380188,80.1247798047184,80.1247798047184,1.04286346807884,1.04286346807884,0,0,0,0,0,0,0,0,0,1,0
guat1249,Guatemalan Sign Language,Sign Language,227.0,1,1,3,1,threatened,1,6150.02571438505,6150.02571438505,60.22140121,60.22140121,55.9547027274763,55.9547027274763,2.16241273582344,2.16241273582344,0,0,0,0,0,0,0,0,1,0,0
nica1238,Nicaraguan Sign Language,Sign Language,227.0,,2,,,threatened,1,2847.53966339498,2847.53966339498,61.39550018,61.39550018,59.2628402709961,59.2628402709961,1.57956475560401,1.57956475560401,0,0,0,0,0,0,0,0,1,0,0
urug1238,Uruguayan Sign Language,Sign Language,227.0,,2,,,threatened,1,23906.5133029408,23906.5133029408,91.99109007,91.99109007,95.5981951588181,95.5981951588181,0.0126648281212226,0.0126648281212226,0,0,0,0,0,0,0,0,0,0,1
chil1264,Chilean Sign Language,Sign Language,227.0,2,1,,0,vulnerable,1,16709.8893972307,16709.8893972307,95.590243,95.590243,88.9950908479196,88.9950908479196,0.739019575786262,0.739019575786262,0,0,0,0,0,0,0,0,0,0,1
camb1244,Cambodian Sign Language,Sign Language,227.0,3,2,,,endangered,1,2627.87969756224,2627.87969756224,68.47530365,68.47530365,40.8727033252729,40.8727033252729,1.82378198623233,1.82378198623233,0,0,0,0,0,0,0,1,0,0,0
brun1247,Brunca Sign Language,Sign Language,227.0,,3,,,endangered,1,18587.1532203482,18587.1532203482,87.17019653,87.17019653,79.3107672397967,79.3107672397967,1.01864686580616,1.01864686580616,0,0,0,0,0,0,0,0,1,0,0
bama1249,Langue de Signes Malienne,Sign Language,227.0,2,,3,,endangered,1,1094.61949265799,1094.61949265799,36.80149841,36.80149841,31.6075621182225,31.6075621182225,4.87178721321357,4.87178721321357,0,0,0,0,0,1,0,0,0,0,0
orig1234,Original Costa Rican Sign Language,Sign Language,227.0,,,3,5,critically endangered,1,18587.1532203482,18587.1532203482,87.17019653,87.17019653,79.3107672397967,79.3107672397967,1.01864686580616,1.01864686580616,0,0,0,0,0,0,0,0,1,0,0
yang1309,Yangon Myanmar Sign Language,Sign Language,227.0,2,1,,1,threatened,1,1359.05001560107,1359.05001560107,45.4477005,45.4477005,30.4499084074136,30.4499084074136,0.897397924045793,0.897397924045793,0,0,0,0,0,0,0,1,0,0,0
yang1309,Yangon Myanmar Sign Language,Sign Language,227.0,,,,1,vulnerable,1,1359.05001560107,1359.05001560107,45.4477005,45.4477005,30.4499084074136,30.4499084074136,0.897397924045793,0.897397924045793,0,0,0,0,0,0,0,1,0,0,0
mand1477,Mandalay Myanmar Sign Language,Sign Language,227.0,,,,1,vulnerable,1,1359.05001560107,1359.05001560107,45.4477005,45.4477005,30.4499084074136,30.4499084074136,0.897397924045793,0.897397924045793,0,0,0,0,0,0,0,1,0,0,0
swis1241,Swiss-French Sign Language,Sign Language,227.0,,2,4,2,endangered,1,103998.186685604,103998.186685604,97.3443985,97.3443985,85.4615370020764,85.4615370020764,1.62862712515389,1.62862712515389,0,0,0,0,0,0,0,1,0,0,0
mexi1237,Mexican Sign Language,Sign Language,227.0,,1,,,vulnerable,1,14185.7812248529,14185.7812248529,83.12233799,83.12233799,79.7538805976118,79.7538805976118,1.2127000253117,1.2127000253117,0,0,0,0,0,0,0,0,1,0,0
swis1235,Swiss-Italian Sign Language,Sign Language,227.0,,3,4,2,endangered,1,103998.186685604,103998.186685604,97.3443985,97.3443985,85.4615370020764,85.4615370020764,1.62862712515389,1.62862712515389,0,0,0,0,0,0,0,1,0,0,0
queb1245,Quebec Sign Language,Sign Language,227.0,,2,,,threatened,1,54340.3477224733,54340.3477224733,94.353302,94.353302,82.7002565766633,82.7002565766633,3.17427570128175,3.17427570128175,0,0,0,0,0,0,0,0,1,0,0
puer1237,Puerto Rican Sign Language,Sign Language,227.0,,1,,,vulnerable,1,39343.7154660139,39343.7154660139,87.29178106,87.29178106,94.2539505199436,94.2539505199436,0.0657005321918812,0.0657005321918812,0,0,0,0,0,0,0,0,1,0,0
sela1253,Selangor Sign Language,Sign Language,227.0,,3,,,endangered,1,11874.4273684245,11874.4273684245,98.0206059,98.0206059,76.9170296648992,76.9170296648992,1.83816120540281,1.83816120540281,0,0,0,0,0,0,0,1,0,0,0
indo1291,Jakartan Sign Language,Sign Language,227.0,,2,,,threatened,1,4925.43048751861,4925.43048751861,72.78075544,72.78075544,58.7509635387997,58.7509635387997,1.89719567962498,1.89719567962498,0,0,0,0,0,0,0,0,0,1,0
yogy1234,Yogyakarta Sign Language,Sign Language,227.0,,2,,,threatened,1,4925.43048751861,4925.43048751861,72.78075544,72.78075544,58.7509635387997,58.7509635387997,1.89719567962498,1.89719567962498,0,0,0,0,0,0,0,0,0,1,0
chir1296,Chiriqui Sign Languages,Sign Language,227.0,1,,,2,threatened,1,19161.2188501596,19161.2188501596,72.77149963,72.77149963,65.9958447685488,65.9958447685488,1.47211283915818,1.47211283915818,0,0,0,0,0,0,0,0,1,0,0
hond1239,Honduras Sign Language,Sign Language,227.0,1,,,2,threatened,1,3426.43483328923,3426.43483328923,58.62269974,58.62269974,58.7850728104829,58.7850728104829,2.49057240695025,2.49057240695025,0,0,0,0,0,0,0,0,1,0,0
pana1308,Panamanian Sign Language,Sign Language,227.0,1,,,2,threatened,1,19161.2188501596,19161.2188501596,72.77149963,72.77149963,65.9958447685488,65.9958447685488,1.47211283915818,1.47211283915818,0,0,0,0,0,0,0,0,1,0,0
colo1249,Colombian Sign Language,Sign Language,227.0,,1,,,vulnerable,1,7919.20886825345,7919.20886825345,79.34543299,79.34543299,78.5210811866115,78.5210811866115,1.3876355674663,1.3876355674663,0,0,0,0,0,0,0,0,0,0,1
ecua1243,Ecuadorian Sign Language,Sign Language,227.0,,0,,,at risk,1,6874.705739766,6874.705739766,77.17273115,77.17273115,63.2376932397602,63.2376932397602,1.0297722100581,1.0297722100581,0,0,0,0,0,0,0,0,0,0,1
boli1236,Bolivian Sign Language,Sign Language,227.0,1,3,,,threatened,1,4421.16609889999,4421.16609889999,79.70469666,79.70469666,71.2361453773988,71.2361453773988,1.82370068528301,1.82370068528301,0,0,0,0,0,0,0,0,0,0,1
peru1235,Peruvian Sign Language,Sign Language,227.0,2,,,1,threatened,1,8452.37167056621,8452.37167056621,81.95705992,81.95705992,85.1912729600355,85.1912729600355,1.57651042813743,1.57651042813743,0,0,0,0,0,0,0,0,0,0,1
trin1277,Modern Trinidad and Tobago Sign Language,Sign Language,227.0,,2,,,threatened,1,18733.4110406494,18733.4110406494,82.15989685,82.15989685,53.961056681951,53.961056681951,0.0738387868710568,0.0738387868710568,0,0,0,0,0,0,0,0,0,0,1
dutc1253,Dutch Sign Language,Sign Language,227.0,,1,,,vulnerable,1,67520.4218956281,67520.4218956281,97.00679779,97.00679779,95.6396517079336,95.6396517079336,0.98132856285037,0.98132856285037,0,0,0,0,0,0,0,1,0,0,0
vlaa1235,Vlaamse Gebarentaal,Sign Language,227.0,,2,,,threatened,1,56614.5679499036,56614.5679499036,95.77579144,95.77579144,87.6126557010527,87.6126557010527,0.735388565890222,0.735388565890222,0,0,0,0,0,0,0,1,0,0,0
dani1246,Danish Sign Language,Sign Language,227.0,,2,,,threatened,3,74119.6607553879,67881.70492664617,99.76915157,88.94452409688188,88.6960552688405,72.1429408835536,1.04009706091229,0.6483746302320536,0,0,0,0,0,0,0,1,0,0,0
norw1255,Norwegian Sign Language,Sign Language,227.0,,2,,,threatened,1,86785.4334489176,86785.4334489176,99.0,99.0,83.3293737928469,83.3293737928469,1.25936531988579,1.25936531988579,0,0,0,0,0,0,0,1,0,0,0
czec1253,Czech Sign Language,Sign Language,227.0,,1,,,vulnerable,1,31823.3078290564,31823.3078290564,87.68776014,87.68776014,72.7947984592185,72.7947984592185,0.458401790567792,0.458401790567792,0,0,0,0,0,0,0,1,0,0,0
esto1238,Estonian Sign Language,Sign Language,227.0,,2,,,threatened,1,31428.3547816104,31428.3547816104,92.23796204,92.23796204,70.6981161541961,70.6981161541961,0.179708470932798,0.179708470932798,0,0,0,0,0,0,0,1,0,0,0
mari1381,Maritime Sign Language,Sign Language,227.0,,4,,5,critically endangered,1,54340.3477224733,54340.3477224733,94.353302,94.353302,82.7002565766633,82.7002565766633,3.17427570128175,3.17427570128175,0,0,0,0,0,0,0,0,1,0,0
sril1237,Sri Lankan Sign Language,Sign Language,227.0,,1,,,vulnerable,1,4515.56787322732,4515.56787322732,54.59,54.59,20.2996997058686,20.2996997058686,0.211737820425389,0.211737820425389,0,0,0,0,0,0,0,1,0,0,0
aust1271,Auslan,Sign Language,227.0,,2,,,threatened,1,64603.9856308464,64603.9856308464,96.13140106,96.13140106,87.6021469990446,87.6021469990446,2.12571289816265,2.12571289816265,0,0,0,0,0,0,1,0,0,0,0
hong1241,Hong Kong-Macau Sign Language,Sign Language,227.0,,2,,,threatened,1,13303.1481543868,13303.1481543868,92.0,92.0,65.8946980998325,65.8946980998325,0.431708792065523,0.431708792065523,0,0,0,0,0,0,0,1,0,0,0
prov1243,Providencia Sign Language,Sign Language,227.0,,2,,,threatened,1,7919.20886825345,7919.20886825345,79.34543299,79.34543299,78.5210811866115,78.5210811866115,1.3876355674663,1.3876355674663,0,0,0,0,0,0,0,0,1,0,0
chia1237,Chiangmai Sign Language,Sign Language,227.0,5,4,5,5,critically endangered,1,7346.62022142185,7346.62022142185,90.86718789,90.86718789,61.8689338391321,61.8689338391321,1.47434839627653,1.47434839627653,0,0,0,0,0,0,0,1,0,0,0
oldb1247,Old Bangkok Sign Language,Sign Language,227.0,5,3,5,5,critically endangered,1,7346.62022142185,7346.62022142185,90.86718789,90.86718789,61.8689338391321,61.8689338391321,1.47434839627653,1.47434839627653,0,0,0,0,0,0,0,1,0,0,0
swed1236,Swedish Sign Language,Sign Language,227.0,,2,,,threatened,1,57117.4877440616,57117.4877440616,95.52930428,95.52930428,88.8559748346228,88.8559748346228,0.566700979960288,0.566700979960288,0,0,0,0,0,0,0,1,0,0,0
finn1310,Finnish Sign Language,Sign Language,227.0,,2,,,threatened,2,53149.7671934051,53149.7671934051,93.72405196,93.72405196,74.2637190463636,74.2637190463636,0.989943309479656,0.989943309479656,0,0,0,0,0,0,0,1,0,0,0
finl1235,Finland-Swedish Sign Language,Sign Language,227.0,,3,,,endangered,1,53149.7671934051,53149.7671934051,93.72405196,93.72405196,74.2637190463636,74.2637190463636,0.989943309479656,0.989943309479656,0,0,0,0,0,0,0,1,0,0,0
yuca1236,Yucatec Maya Sign Language,Sign Language,227.0,,3,,,endangered,1,14185.7812248529,14185.7812248529,83.12233799,83.12233799,79.7538805976118,79.7538805976118,1.2127000253117,1.2127000253117,0,0,0,0,0,0,0,0,1,0,0
cata1241,Catalan Sign Language,Sign Language,227.0,,1,,,vulnerable,1,35326.7683069278,35326.7683069278,95.7574516,95.7574516,80.315199821207,80.315199821207,1.25395229298248,1.25395229298248,0,0,0,0,0,0,0,1,0,0,0
hoch1237,Ho Chi Minh City Sign Language,Sign Language,227.0,4,1,,,endangered,1,4717.29028732449,4717.29028732449,84.15,84.15,38.4900703430176,38.4900703430176,1.57144510714158,1.57144510714158,0,0,0,0,0,0,0,1,0,0,0
hano1243,Hanoi Sign Language,Sign Language,227.0,4,1,,,endangered,1,4717.29028732449,4717.29028732449,84.15,84.15,38.4900703430176,38.4900703430176,1.57144510714158,1.57144510714158,0,0,0,0,0,0,0,1,0,0,0
haip1238,Haiphong Sign Language,Sign Language,227.0,4,2,,,endangered,1,4717.29028732449,4717.29028732449,84.15,84.15,38.4900703430176,38.4900703430176,1.57144510714158,1.57144510714158,0,0,0,0,0,0,0,1,0,0,0
mart1251,Martha's Vineyard Sign Language,Sign Language,227.0,,,,,dormant,1,84534.0407841548,84534.0407841548,94.69380188,94.69380188,80.1247798047184,80.1247798047184,1.04286346807884,1.04286346807884,0,0,0,0,0,0,0,0,1,0,0
swis1240,Swiss-German Sign Language,Sign Language,227.0,,2,4,2,endangered,2,206780.590353385,155389.3885194945,98.2641983,97.8042984,85.4615370020764,50.059560953481196,1.62862712515389,1.493556475794035,0,0,0,0,0,0,0,1,0,0,0
plai1235,Plains Indian Sign Language,Sign Language,227.0,4,,,5,critically endangered,2,84534.0407841548,69437.19425331405,94.69380188,94.52355194,82.7002565766633,81.41251819069086,3.17427570128175,2.108569584680295,0,0,0,0,0,0,0,0,1,0,0
tsix1234,Ts'ixa,Khoe-Kwadi,14.0,,3,,2,endangered,1,7695.75319445165,7695.75319445165,57.45950036,57.45950036,67.4623537838418,67.4623537838418,2.29137163491074,2.29137163491074,0,0,0,0,0,1,0,0,0,0,0
kxoe1243,Kxoe,Khoe-Kwadi,14.0,,2,,,threatened,5,7695.75319445165,4445.810282385708,78.35759735,51.69950009200001,70.6551379036435,59.53769540952918,4.18812173875964,2.9662929410831818,0,0,0,0,0,1,0,0,0,0,0
anii1246,//Ani,Khoe-Kwadi,14.0,,3,,,endangered,1,7695.75319445165,7695.75319445165,57.45950036,57.45950036,67.4623537838418,67.4623537838418,2.29137163491074,2.29137163491074,0,0,0,0,0,1,0,0,0,0,0
naro1249,Naro,Khoe-Kwadi,14.0,,1,,,vulnerable,2,7695.75319445165,6054.440358283686,64.87460327,61.167051814999994,67.4623537838418,58.935578404528655,3.14230774103844,2.71683968797459,0,0,0,0,0,1,0,0,0,0,0
gana1274,//Gana,Khoe-Kwadi,14.0,,2,,,threatened,1,7695.75319445165,7695.75319445165,57.45950036,57.45950036,67.4623537838418,67.4623537838418,2.29137163491074,2.29137163491074,0,0,0,0,0,1,0,0,0,0,0
gwii1239,/Gwi,Khoe-Kwadi,14.0,,2,,,threatened,1,7695.75319445165,7695.75319445165,57.45950036,57.45950036,67.4623537838418,67.4623537838418,2.29137163491074,2.29137163491074,0,0,0,0,0,1,0,0,0,0,0
shua1254,Shua,Khoe-Kwadi,14.0,,2,4,,endangered,2,7695.75319445165,5096.478258269641,57.45950036,49.55114987,67.4623537838418,53.6778627329557,3.29957156564359,2.795471600277165,0,0,0,0,0,1,0,0,0,0,0
tsoa1238,Northern Tshwa,Khoe-Kwadi,14.0,,2,,,threatened,2,7695.75319445165,5096.478258269641,57.45950036,49.55114987,67.4623537838418,53.6778627329557,3.29957156564359,2.795471600277165,0,0,0,1,0,1,0,0,0,0,0
nama1264,Nama (Namibia),Khoe-Kwadi,14.0,1,0,,,vulnerable,3,7695.75319445165,6125.355843553457,78.35759735,66.89723366,67.4623537838418,60.520985098291504,3.14230774103844,2.28505052069923,0,0,0,0,0,1,0,0,0,0,0
kora1292,Korana,Khoe-Kwadi,14.0,,5,,,critically endangered,1,6267.186814093,6267.186814093,78.35759735,78.35759735,63.6917984858172,63.6917984858172,1.42147218614851,1.42147218614851,0,0,0,0,0,1,0,0,0,0,0
misk1235,Mískito,Misumalpan,5.0,,0,,,at risk,2,3426.43483328923,3136.987248342105,61.39550018,60.00909996,59.2628402709961,59.023956540739505,2.49057240695025,2.0350685812771303,0,1,0,0,0,0,0,0,1,0,0
maya1285,Mayangna,Misumalpan,5.0,,2,,,threatened,2,3426.43483328923,3136.987248342105,61.39550018,60.00909996,59.2628402709961,59.023956540739505,2.49057240695025,2.0350685812771303,0,1,0,0,0,0,0,0,1,0,0
murr1258,Murriny Patha,Southern Daly,2.0,,2,0,2,threatened,1,64603.9856308464,64603.9856308464,96.13140106,96.13140106,87.6021469990446,87.6021469990446,2.12571289816265,2.12571289816265,0,0,0,0,0,0,1,0,0,0,0
nang1259,Nangikurrunggurr,Southern Daly,2.0,,3,,,endangered,1,64603.9856308464,64603.9856308464,96.13140106,96.13140106,87.6021469990446,87.6021469990446,2.12571289816265,2.12571289816265,0,0,0,0,0,0,1,0,0,0,0
coos1249,Hanis,Coosan,2.0,,,,,dormant,1,84534.0407841548,84534.0407841548,94.69380188,94.69380188,80.1247798047184,80.1247798047184,1.04286346807884,1.04286346807884,0,0,0,0,0,0,0,0,1,0,0
mula1253,Mulam,Tai-Kadai,95.0,,1,5,,endangered,1,13303.1481543868,13303.1481543868,92.0,92.0,65.8946980998325,65.8946980998325,0.431708792065523,0.431708792065523,0,0,0,0,0,0,0,1,0,0,0
tenn1245,T'en,Tai-Kadai,95.0,,1,2,,threatened,1,13303.1481543868,13303.1481543868,92.0,92.0,65.8946980998325,65.8946980998325,0.431708792065523,0.431708792065523,0,0,0,0,0,0,0,1,0,0,0
maon1241,Maonan,Tai-Kadai,95.0,3,1,2,1,threatened,1,13303.1481543868,13303.1481543868,92.0,92.0,65.8946980998325,65.8946980998325,0.431708792065523,0.431708792065523,0,0,0,0,0,0,0,1,0,0,0
makc1235,Mak (China),Tai-Kadai,95.0,,2,3,,endangered,1,13303.1481543868,13303.1481543868,92.0,92.0,65.8946980998325,65.8946980998325,0.431708792065523,0.431708792065523,0,0,0,0,0,0,0,1,0,0,0
lakk1238,Lakkia,Tai-Kadai,95.0,,2,2,,threatened,1,13303.1481543868,13303.1481543868,92.0,92.0,65.8946980998325,65.8946980998325,0.431708792065523,0.431708792065523,0,0,0,0,0,0,0,1,0,0,0
lakk1238,Lakkia,Tai-Kadai,95.0,,3,5,5,critically endangered,1,13303.1481543868,13303.1481543868,92.0,92.0,65.8946980998325,65.8946980998325,0.431708792065523,0.431708792065523,0,0,0,0,0,0,0,1,0,0,0
tayk1238,Tay Khang,Tai-Kadai,95.0,,3,,,endangered,1,2123.97909415109,2123.97909415109,65.59269714,65.59269714,39.5552154401406,39.5552154401406,3.26799060616451,3.26799060616451,0,0,0,0,0,0,0,1,0,0,0
padi1241,Pa Di,Tai-Kadai,95.0,,2,,,threatened,2,13303.1481543868,9010.219220855644,92.0,88.075,65.8946980998325,52.192384221425044,1.57144510714158,1.0015769496035516,0,0,0,0,0,0,0,1,0,0,0
taid1249,Tai Daeng-Meuay,Tai-Kadai,95.0,,1,2,,threatened,2,4717.29028732449,3420.63469073779,84.15,74.87134857000001,39.5552154401406,39.022642891579096,3.26799060616451,2.419717856653045,0,0,0,0,0,0,0,1,0,0,0
aito1238,Aiton,Tai-Kadai,95.0,3,2,1,0,threatened,1,2694.73780859961,2694.73780859961,64.9434967,64.9434967,35.3788972368389,35.3788972368389,1.77423382325139,1.77423382325139,0,0,0,0,0,0,0,1,0,0,0
phak1238,Phake,Tai-Kadai,95.0,,2,,1,threatened,1,2694.73780859961,2694.73780859961,64.9434967,64.9434967,35.3788972368389,35.3788972368389,1.77423382325139,1.77423382325139,0,0,0,0,0,0,0,1,0,0,0
tain1252,Tai Nüa,Tai-Kadai,95.0,,1,2,,threatened,5,13303.1481543868,5770.01755457706,92.0,75.611517106,65.8946980998325,47.25176522590728,3.26799060616451,1.528578165138787,0,0,0,0,0,0,0,1,0,0,0
kham1291,Khamyang,Tai-Kadai,95.0,,4,5,5,critically endangered,1,2694.73780859961,2694.73780859961,64.9434967,64.9434967,35.3788972368389,35.3788972368389,1.77423382325139,1.77423382325139,0,0,0,0,0,0,0,1,0,0,0
kham1290,Khamti,Tai-Kadai,95.0,,1,,,vulnerable,2,2694.73780859961,2026.89391210034,64.9434967,55.1955986,35.3788972368389,32.91440282212625,1.77423382325139,1.3358158736485914,0,0,0,0,0,0,0,1,0,0,0
saek1240,Saek,Tai-Kadai,95.0,,1,3,,threatened,2,7346.62022142185,4735.299657786471,90.86718789,78.229942515,61.8689338391321,50.71207463963635,3.26799060616451,2.37116950122052,0,0,0,0,0,0,0,1,0,0,0
cunn1236,Cun-Nadou,Tai-Kadai,95.0,,,,4,severely endangered,1,13303.1481543868,13303.1481543868,92.0,92.0,65.8946980998325,65.8946980998325,0.431708792065523,0.431708792065523,0,0,0,0,0,0,0,1,0,0,0
qabi1235,Pubiao-Qabiao,Tai-Kadai,95.0,,3,4,,severely endangered,2,13303.1481543868,9010.219220855644,92.0,88.075,65.8946980998325,52.192384221425044,1.57144510714158,1.0015769496035516,0,0,0,0,0,0,0,1,0,0,0
yero1238,Yerong-Southern Buyang,Tai-Kadai,95.0,,3,,,endangered,1,13303.1481543868,13303.1481543868,92.0,92.0,65.8946980998325,65.8946980998325,0.431708792065523,0.431708792065523,0,0,0,0,0,0,0,1,0,0,0
emab1235,E'ma Buyang,Tai-Kadai,95.0,,3,,,endangered,1,13303.1481543868,13303.1481543868,92.0,92.0,65.8946980998325,65.8946980998325,0.431708792065523,0.431708792065523,0,0,0,0,0,0,0,1,0,0,0
ennn1243,En,Tai-Kadai,95.0,,3,,,endangered,2,13303.1481543868,9010.219220855644,92.0,88.075,65.8946980998325,52.192384221425044,1.57144510714158,1.0015769496035516,0,0,0,0,0,0,0,1,0,0,0
lang1316,Langnian Buyang,Tai-Kadai,95.0,,3,5,,severely endangered,1,13303.1481543868,13303.1481543868,92.0,92.0,65.8946980998325,65.8946980998325,0.431708792065523,0.431708792065523,0,0,0,0,0,0,0,1,0,0,0
qaua1234,Central Gelao-Qau,Tai-Kadai,95.0,4,2,5,4,severely endangered,1,13303.1481543868,13303.1481543868,92.0,92.0,65.8946980998325,65.8946980998325,0.431708792065523,0.431708792065523,0,0,0,0,0,0,0,1,0,0,0
gela1264,Gelao Mulao,Tai-Kadai,95.0,,,5,5,critically endangered,1,13303.1481543868,13303.1481543868,92.0,92.0,65.8946980998325,65.8946980998325,0.431708792065523,0.431708792065523,0,0,0,0,0,0,0,1,0,0,0
redg1235,Red Gelao,Tai-Kadai,95.0,5,2,5,5,critically endangered,2,13303.1481543868,9010.219220855644,92.0,88.075,65.8946980998325,52.192384221425044,1.57144510714158,1.0015769496035516,0,0,0,0,0,0,0,1,0,0,0
gree1278,Hagei Gelao,Tai-Kadai,95.0,4,2,4,4,severely endangered,2,13303.1481543868,9010.219220855644,92.0,88.075,65.8946980998325,52.192384221425044,1.57144510714158,1.0015769496035516,0,0,0,0,0,0,0,1,0,0,0
whit1267,Duoluo Gelao,Tai-Kadai,95.0,4,2,5,4,severely endangered,2,13303.1481543868,9010.219220855644,92.0,88.075,65.8946980998325,52.192384221425044,1.57144510714158,1.0015769496035516,0,0,0,0,0,0,0,1,0,0,0
whit1266,White Lachi,Tai-Kadai,95.0,,,,,dormant,2,13303.1481543868,9010.219220855644,92.0,88.075,65.8946980998325,52.192384221425044,1.57144510714158,1.0015769496035516,0,0,0,0,0,0,0,1,0,0,0
lach1248,Lachi,Tai-Kadai,95.0,,2,2,,threatened,2,13303.1481543868,9010.219220855644,92.0,88.075,65.8946980998325,52.192384221425044,1.57144510714158,1.0015769496035516,0,0,0,0,0,0,0,1,0,0,0
baha1256,Baha Buyang,Tai-Kadai,95.0,,3,5,,severely endangered,1,13303.1481543868,13303.1481543868,92.0,92.0,65.8946980998325,65.8946980998325,0.431708792065523,0.431708792065523,0,0,0,0,0,0,0,1,0,0,0
laha1250,Laha (Viet Nam),Tai-Kadai,95.0,,2,,5,severely endangered,1,4717.29028732449,4717.29028732449,84.15,84.15,38.4900703430176,38.4900703430176,1.57144510714158,1.57144510714158,0,0,0,0,0,0,0,1,0,0,0
cham1315,Chamacoco,Zamucoan,3.0,,2,,,threatened,3,10310.5488778166,7049.270688808346,84.46347227,81.91541228666667,87.8958549533146,76.33141963980317,1.97522945625298,1.5077772796650588,0,0,0,0,0,0,0,0,0,0,1
ayor1240,Ayoreo,Zamucoan,3.0,,2,,,endangered,2,6416.09708970845,5418.63159430422,81.57806793,80.641382295,71.2361453773988,70.54920198304745,1.97522945625298,1.899465070767995,0,0,0,0,0,0,0,0,0,0,1
wiyo1248,Wiyot,Algic,47.0,,,,,awakening,1,84534.0407841548,84534.0407841548,94.69380188,94.69380188,80.1247798047184,80.1247798047184,1.04286346807884,1.04286346807884,0,0,0,0,0,0,0,0,1,0,0
yuro1248,Yurok,Algic,47.0,,,,,awakening,1,84534.0407841548,84534.0407841548,94.69380188,94.69380188,80.1247798047184,80.1247798047184,1.04286346807884,1.04286346807884,0,0,0,0,0,0,0,0,1,0,0
siks1238,Siksika,Algic,47.0,5,2,4,4,severely endangered,2,84534.0407841548,69437.19425331405,94.69380188,94.52355194,82.7002565766633,81.41251819069086,3.17427570128175,2.108569584680295,0,0,0,0,0,0,0,0,1,0,0
meno1252,Menominee,Algic,47.0,,4,,,severely endangered,1,84534.0407841548,84534.0407841548,94.69380188,94.69380188,80.1247798047184,80.1247798047184,1.04286346807884,1.04286346807884,0,0,0,0,0,0,0,0,1,0,0
chey1247,Cheyenne,Algic,47.0,4,2,3,3,endangered,1,84534.0407841548,84534.0407841548,94.69380188,94.69380188,80.1247798047184,80.1247798047184,1.04286346807884,1.04286346807884,0,0,0,0,0,0,0,0,1,0,0
arap1274,Arapaho,Algic,47.0,4,3,5,4,severely endangered,1,84534.0407841548,84534.0407841548,94.69380188,94.69380188,80.1247798047184,80.1247798047184,1.04286346807884,1.04286346807884,0,0,0,0,0,0,0,0,1,0,0
gros1243,Gros Ventre,Algic,47.0,,,,,awakening,1,84534.0407841548,84534.0407841548,94.69380188,94.69380188,80.1247798047184,80.1247798047184,1.04286346807884,1.04286346807884,0,0,0,0,0,0,0,0,1,0,0
male1292,Malecite-Passamaquoddy,Algic,47.0,,3,,,endangered,2,84534.0407841548,69437.19425331405,94.69380188,94.52355194,82.7002565766633,81.41251819069086,3.17427570128175,2.108569584680295,0,0,0,0,0,0,0,0,1,0,0
mikm1235,Mi'kmaq,Algic,47.0,,2,,,threatened,2,84534.0407841548,69437.19425331405,94.69380188,94.52355194,82.7002565766633,81.41251819069086,3.17427570128175,2.108569584680295,0,1,0,1,0,0,0,0,1,0,0
west2630,Western Abenaki,Algic,47.0,,5,5,5,critically endangered,2,84534.0407841548,69437.19425331405,94.69380188,94.52355194,82.7002565766633,81.41251819069086,3.17427570128175,2.108569584680295,0,0,0,0,0,0,0,0,1,0,0
wamp1249,Wampanoag,Algic,47.0,,,,,awakening,1,84534.0407841548,84534.0407841548,94.69380188,94.69380188,80.1247798047184,80.1247798047184,1.04286346807884,1.04286346807884,0,0,0,0,0,0,0,0,1,0,0
unam1242,Unami,Algic,47.0,,,,,dormant,1,84534.0407841548,84534.0407841548,94.69380188,94.69380188,80.1247798047184,80.1247798047184,1.04286346807884,1.04286346807884,0,0,0,0,0,0,0,0,1,0,0
muns1251,Munsee,Algic,47.0,,5,5,5,critically endangered,2,84534.0407841548,69437.19425331405,94.69380188,94.52355194,82.7002565766633,81.41251819069086,3.17427570128175,2.108569584680295,0,0,0,0,0,0,0,0,1,0,0
mont1268,Montagnais,Algic,47.0,,1,4,,endangered,1,54340.3477224733,54340.3477224733,94.353302,94.353302,82.7002565766633,82.7002565766633,3.17427570128175,3.17427570128175,0,0,0,0,0,0,0,0,1,0,0
atik1240,Atikamekw,Algic,47.0,,2,1,0,vulnerable,1,54340.3477224733,54340.3477224733,94.353302,94.353302,82.7002565766633,82.7002565766633,3.17427570128175,3.17427570128175,0,1,0,1,0,0,0,0,1,0,0
nort1552,Northern East Cree,Algic,47.0,,1,1,0,vulnerable,1,54340.3477224733,54340.3477224733,94.353302,94.353302,82.7002565766633,82.7002565766633,3.17427570128175,3.17427570128175,0,0,0,0,0,0,0,0,1,0,0
plai1258,Plains Cree,Algic,47.0,,4,,,severely endangered,2,84534.0407841548,69437.19425331405,94.69380188,94.52355194,82.7002565766633,81.41251819069086,3.17427570128175,2.108569584680295,0,0,0,0,0,0,0,0,1,0,0
mich1243,Heritage Michif,Algic,47.0,,2,4,5,severely endangered,2,84534.0407841548,69437.19425331405,94.69380188,94.52355194,82.7002565766633,81.41251819069086,3.17427570128175,2.108569584680295,0,0,0,0,0,0,0,0,1,0,0
miam1252,Miami,Algic,47.0,,,,,awakening,1,84534.0407841548,84534.0407841548,94.69380188,94.69380188,80.1247798047184,80.1247798047184,1.04286346807884,1.04286346807884,0,0,0,0,0,0,0,0,1,0,0
shaw1249,Shawnee,Algic,47.0,,4,,,severely endangered,1,84534.0407841548,84534.0407841548,94.69380188,94.69380188,80.1247798047184,80.1247798047184,1.04286346807884,1.04286346807884,0,0,0,0,0,0,0,0,1,0,0
kick1244,Kickapoo,Algic,47.0,,2,,,threatened,2,84534.0407841548,49359.911004503854,94.69380188,88.908069935,80.1247798047184,79.93933020116509,1.2127000253117,1.12778174669527,0,0,0,0,0,0,0,0,1,0,0
mesk1242,Meskwaki,Algic,47.0,,3,5,4,severely endangered,1,84534.0407841548,84534.0407841548,94.69380188,94.69380188,80.1247798047184,80.1247798047184,1.04286346807884,1.04286346807884,0,0,0,0,0,0,0,0,1,0,0
pota1247,Potawatomi,Algic,47.0,,5,,5,critically endangered,2,84534.0407841548,69437.19425331405,94.69380188,94.52355194,82.7002565766633,81.41251819069086,3.17427570128175,2.108569584680295,0,0,0,0,0,0,0,0,1,0,0
otta1242,Ottawa,Algic,47.0,,2,4,4,severely endangered,2,84534.0407841548,69437.19425331405,94.69380188,94.52355194,82.7002565766633,81.41251819069086,3.17427570128175,2.108569584680295,0,0,0,0,0,0,0,0,1,0,0
seve1240,Severn Ojibwa,Algic,47.0,,2,,,vulnerable,1,54340.3477224733,54340.3477224733,94.353302,94.353302,82.7002565766633,82.7002565766633,3.17427570128175,3.17427570128175,0,0,0,0,0,0,0,0,1,0,0
east2542,Eastern Ojibwa,Algic,47.0,,2,,,threatened,1,54340.3477224733,54340.3477224733,94.353302,94.353302,82.7002565766633,82.7002565766633,3.17427570128175,3.17427570128175,0,0,0,0,0,0,0,0,1,0,0
chip1241,Chippewa,Algic,47.0,,2,,,threatened,2,84534.0407841548,69437.19425331405,94.69380188,94.52355194,82.7002565766633,81.41251819069086,3.17427570128175,2.108569584680295,0,0,0,0,0,0,0,0,1,0,0
west1510,Western Ojibwa,Algic,47.0,,2,,,threatened,1,54340.3477224733,54340.3477224733,94.353302,94.353302,82.7002565766633,82.7002565766633,3.17427570128175,3.17427570128175,0,0,0,0,0,0,0,0,1,0,0
kris1246,I'saka,Sko,11.0,4,3,,3,severely endangered,1,3006.70564478923,3006.70564478923,18.81159973,18.81159973,15.4061816403333,15.4061816403333,4.06785501758394,4.06785501758394,0,0,0,0,0,0,0,0,0,1,0
puar1240,Puare,Sko,11.0,,4,,,severely endangered,1,3006.70564478923,3006.70564478923,18.81159973,18.81159973,15.4061816403333,15.4061816403333,4.06785501758394,4.06785501758394,0,0,0,0,0,0,0,0,0,1,0
rawo1244,Rawo,Sko,11.0,,3,,,endangered,1,3006.70564478923,3006.70564478923,18.81159973,18.81159973,15.4061816403333,15.4061816403333,4.06785501758394,4.06785501758394,0,0,0,0,0,0,0,0,0,1,0
nucl1634,Skou,Sko,11.0,3,3,,1,threatened,1,4925.43048751861,4925.43048751861,72.78075544,72.78075544,58.7509635387997,58.7509635387997,1.89719567962498,1.89719567962498,0,0,0,0,0,0,0,0,0,1,0
wutu1244,Wutung,Sko,11.0,,3,,,endangered,2,4925.43048751861,3966.06806615392,72.78075544,45.796177584999995,58.7509635387997,37.0785725895665,4.06785501758394,2.9825253486044603,0,0,0,0,0,0,0,0,0,1,0
vani1248,Vanimo,Sko,11.0,,2,,0,vulnerable,1,3006.70564478923,3006.70564478923,18.81159973,18.81159973,15.4061816403333,15.4061816403333,4.06785501758394,4.06785501758394,0,0,0,0,0,0,0,0,0,1,0
wara1302,Bauni,Sko,11.0,,3,,,endangered,1,3006.70564478923,3006.70564478923,18.81159973,18.81159973,15.4061816403333,15.4061816403333,4.06785501758394,4.06785501758394,0,0,0,0,0,0,0,0,0,1,0
raoo1244,Rao,Ramu,24.0,,2,,,threatened,1,3006.70564478923,3006.70564478923,18.81159973,18.81159973,15.4061816403333,15.4061816403333,4.06785501758394,4.06785501758394,0,0,0,0,0,0,0,0,0,1,0
bana1292,Banaro,Ramu,24.0,,2,,,threatened,1,3006.70564478923,3006.70564478923,18.81159973,18.81159973,15.4061816403333,15.4061816403333,4.06785501758394,4.06785501758394,0,0,0,0,0,0,0,0,0,1,0
bore1247,Borei,Ramu,24.0,,2,,,threatened,1,3006.70564478923,3006.70564478923,18.81159973,18.81159973,15.4061816403333,15.4061816403333,4.06785501758394,4.06785501758394,0,0,0,0,0,0,0,0,0,1,0
kaia1245,Kaian,Ramu,24.0,2,3,,0,threatened,1,3006.70564478923,3006.70564478923,18.81159973,18.81159973,15.4061816403333,15.4061816403333,4.06785501758394,4.06785501758394,0,0,0,0,0,0,0,0,0,1,0
wata1253,Watam,Ramu,24.0,2,3,1,0,threatened,1,3006.70564478923,3006.70564478923,18.81159973,18.81159973,15.4061816403333,15.4061816403333,4.06785501758394,4.06785501758394,0,0,0,0,0,0,0,0,0,1,0
bosn1248,Bosngun,Ramu,24.0,4,2,2,2,endangered,1,3006.70564478923,3006.70564478923,18.81159973,18.81159973,15.4061816403333,15.4061816403333,4.06785501758394,4.06785501758394,0,0,0,0,0,0,0,0,0,1,0
awar1249,Awar,Ramu,24.0,4,3,4,3,severely endangered,1,3006.70564478923,3006.70564478923,18.81159973,18.81159973,15.4061816403333,15.4061816403333,4.06785501758394,4.06785501758394,0,0,0,0,0,0,0,0,0,1,0
kire1240,Kire,Ramu,24.0,,2,,,threatened,1,3006.70564478923,3006.70564478923,18.81159973,18.81159973,15.4061816403333,15.4061816403333,4.06785501758394,4.06785501758394,0,0,0,0,0,0,0,0,0,1,0
arua1260,Aruamu,Ramu,24.0,,2,,,threatened,1,3006.70564478923,3006.70564478923,18.81159973,18.81159973,15.4061816403333,15.4061816403333,4.06785501758394,4.06785501758394,0,0,0,0,0,0,0,0,0,1,0
sepe1240,Sepen,Ramu,24.0,,3,,,endangered,1,3006.70564478923,3006.70564478923,18.81159973,18.81159973,15.4061816403333,15.4061816403333,4.06785501758394,4.06785501758394,0,0,0,0,0,0,0,0,0,1,0
anor1241,Anor,Ramu,24.0,,3,,,endangered,1,3006.70564478923,3006.70564478923,18.81159973,18.81159973,15.4061816403333,15.4061816403333,4.06785501758394,4.06785501758394,0,0,0,0,0,0,0,0,0,1,0
aiom1240,Aiome,Ramu,24.0,,3,,,endangered,1,3006.70564478923,3006.70564478923,18.81159973,18.81159973,15.4061816403333,15.4061816403333,4.06785501758394,4.06785501758394,0,0,0,0,0,0,0,0,0,1,0
abuu1241,Abu,Ramu,24.0,,2,,,threatened,1,3006.70564478923,3006.70564478923,18.81159973,18.81159973,15.4061816403333,15.4061816403333,4.06785501758394,4.06785501758394,0,0,0,0,0,0,0,0,0,1,0
goro1261,Gorovu,Ramu,24.0,,4,5,,critically endangered,1,3006.70564478923,3006.70564478923,18.81159973,18.81159973,15.4061816403333,15.4061816403333,4.06785501758394,4.06785501758394,0,0,0,0,0,0,0,0,0,1,0
tang1356,Tanguat,Ramu,24.0,,3,,,endangered,1,3006.70564478923,3006.70564478923,18.81159973,18.81159973,15.4061816403333,15.4061816403333,4.06785501758394,4.06785501758394,0,0,0,0,0,0,0,0,0,1,0
anda1284,Andarum,Ramu,24.0,,3,,,endangered,1,3006.70564478923,3006.70564478923,18.81159973,18.81159973,15.4061816403333,15.4061816403333,4.06785501758394,4.06785501758394,0,0,0,0,0,0,0,0,0,1,0
kang1291,Kanggape,Ramu,24.0,,3,,,endangered,1,3006.70564478923,3006.70564478923,18.81159973,18.81159973,15.4061816403333,15.4061816403333,4.06785501758394,4.06785501758394,0,0,0,0,0,0,0,0,0,1,0
tang1355,Tanggu,Ramu,24.0,,2,,,threatened,1,3006.70564478923,3006.70564478923,18.81159973,18.81159973,15.4061816403333,15.4061816403333,4.06785501758394,4.06785501758394,0,0,0,0,0,0,0,0,0,1,0
inap1241,Itutang-Inapang,Ramu,24.0,,2,,,threatened,1,3006.70564478923,3006.70564478923,18.81159973,18.81159973,15.4061816403333,15.4061816403333,4.06785501758394,4.06785501758394,0,0,0,0,0,0,0,0,0,1,0
akru1241,Chini,Ramu,24.0,,4,,,severely endangered,1,3006.70564478923,3006.70564478923,18.81159973,18.81159973,15.4061816403333,15.4061816403333,4.06785501758394,4.06785501758394,0,0,0,0,0,0,0,0,0,1,0
komi1271,Kominimung,Ramu,24.0,,3,,,endangered,1,3006.70564478923,3006.70564478923,18.81159973,18.81159973,15.4061816403333,15.4061816403333,4.06785501758394,4.06785501758394,0,0,0,0,0,0,0,0,0,1,0
igan1243,Igana,Ramu,24.0,,3,,,endangered,1,3006.70564478923,3006.70564478923,18.81159973,18.81159973,15.4061816403333,15.4061816403333,4.06785501758394,4.06785501758394,0,0,0,0,0,0,0,0,0,1,0
romk1240,Romkun,Ramu,24.0,,3,,,endangered,1,3006.70564478923,3006.70564478923,18.81159973,18.81159973,15.4061816403333,15.4061816403333,4.06785501758394,4.06785501758394,0,0,0,0,0,0,0,0,0,1,0
brer1240,Breri,Ramu,24.0,,3,,,endangered,1,3006.70564478923,3006.70564478923,18.81159973,18.81159973,15.4061816403333,15.4061816403333,4.06785501758394,4.06785501758394,0,0,0,0,0,0,0,0,0,1,0
naml1240,Namla,Namla-Tofanma,2.0,,4,,3,severely endangered,1,4925.43048751861,4925.43048751861,72.78075544,72.78075544,58.7509635387997,58.7509635387997,1.89719567962498,1.89719567962498,0,0,0,0,0,0,0,0,0,1,0
tofa1246,Tofanma,Namla-Tofanma,2.0,,3,,0,vulnerable,1,4925.43048751861,4925.43048751861,72.78075544,72.78075544,58.7509635387997,58.7509635387997,1.89719567962498,1.89719567962498,0,0,0,0,0,0,0,0,0,1,0
kadi1248,Kadiwéu,Guaicuruan,5.0,,2,,,threatened,1,10310.5488778166,10310.5488778166,84.46347227,84.46347227,87.8958549533146,87.8958549533146,0.724401697459186,0.724401697459186,0,0,0,0,0,0,0,0,0,0,1
moco1246,Mocoví,Guaicuruan,5.0,,2,,,threatened,1,13969.7836603737,13969.7836603737,89.66715228,89.66715228,92.2742315972952,92.2742315972952,0.432261342079918,0.432261342079918,0,0,0,0,0,0,0,0,0,0,1
toba1269,Toba,Guaicuruan,5.0,,1,,,vulnerable,3,13969.7836603737,8269.01561632738,89.66715228,83.64997229,92.2742315972952,77.79087852113003,1.97522945625298,1.4103971612053028,0,0,0,0,0,0,0,0,0,0,1
pila1245,Pilagá,Guaicuruan,5.0,,2,,,threatened,2,13969.7836603737,10192.940375041075,89.66715228,85.622610105,92.2742315972952,81.06824509299565,1.97522945625298,1.203745399166449,0,0,0,0,0,0,0,0,0,0,1
mand1443,Mander,Tor-Orya,13.0,,4,,,severely endangered,1,4925.43048751861,4925.43048751861,72.78075544,72.78075544,58.7509635387997,58.7509635387997,1.89719567962498,1.89719567962498,0,0,0,0,0,0,0,0,0,1,0
itik1240,Itik,Tor-Orya,13.0,,4,,,severely endangered,1,4925.43048751861,4925.43048751861,72.78075544,72.78075544,58.7509635387997,58.7509635387997,1.89719567962498,1.89719567962498,0,0,0,0,0,0,0,0,0,1,0
mare1261,Maremgi,Tor-Orya,13.0,,4,,,severely endangered,1,4925.43048751861,4925.43048751861,72.78075544,72.78075544,58.7509635387997,58.7509635387997,1.89719567962498,1.89719567962498,0,0,0,0,0,0,0,0,0,1,0
dabe1239,Dabe,Tor-Orya,13.0,,3,,,endangered,1,4925.43048751861,4925.43048751861,72.78075544,72.78075544,58.7509635387997,58.7509635387997,1.89719567962498,1.89719567962498,0,0,0,0,0,0,0,0,0,1,0
bone1255,Bonerif,Tor-Orya,13.0,,5,,,critically endangered,1,4925.43048751861,4925.43048751861,72.78075544,72.78075544,58.7509635387997,58.7509635387997,1.89719567962498,1.89719567962498,0,0,0,0,0,0,0,0,0,1,0
kede1239,Keder,Tor-Orya,13.0,,3,,,endangered,1,4925.43048751861,4925.43048751861,72.78075544,72.78075544,58.7509635387997,58.7509635387997,1.89719567962498,1.89719567962498,0,0,0,0,0,0,0,0,0,1,0
beta1253,Betaf,Tor-Orya,13.0,,3,,,endangered,1,4925.43048751861,4925.43048751861,72.78075544,72.78075544,58.7509635387997,58.7509635387997,1.89719567962498,1.89719567962498,0,0,0,0,0,0,0,0,0,1,0
yagu1244,Yagua,Peba-Yagua,3.0,,2,,,threatened,2,8452.37167056621,8185.79026940983,81.95705992,80.651246455,85.1912729600355,81.8561770733235,1.57651042813743,1.482072997801865,0,0,0,0,0,0,0,0,0,0,1
yame1242,Yameo,Peba-Yagua,3.0,,,,,dormant,1,8452.37167056621,8452.37167056621,81.95705992,81.95705992,85.1912729600355,85.1912729600355,1.57651042813743,1.57651042813743,0,0,0,0,0,0,0,0,0,0,1
ning1275,Ningera,Border,15.0,,3,,,endangered,1,3006.70564478923,3006.70564478923,18.81159973,18.81159973,15.4061816403333,15.4061816403333,4.06785501758394,4.06785501758394,0,0,0,0,0,0,0,0,0,1,0
ainb1238,Ainbai,Border,15.0,2,3,,,endangered,1,3006.70564478923,3006.70564478923,18.81159973,18.81159973,15.4061816403333,15.4061816403333,4.06785501758394,4.06785501758394,0,0,0,0,0,0,0,0,0,1,0
kilm1241,Kilmeri,Border,15.0,2,2,,,threatened,1,3006.70564478923,3006.70564478923,18.81159973,18.81159973,15.4061816403333,15.4061816403333,4.06785501758394,4.06785501758394,0,0,0,0,0,0,0,0,0,1,0
pagi1244,Pagi,Border,15.0,2,2,,,threatened,1,3006.70564478923,3006.70564478923,18.81159973,18.81159973,15.4061816403333,15.4061816403333,4.06785501758394,4.06785501758394,0,0,0,0,0,0,0,0,0,1,0
aman1265,Amanab,Border,15.0,,2,,,threatened,2,4925.43048751861,3966.06806615392,72.78075544,45.796177584999995,58.7509635387997,37.0785725895665,4.06785501758394,2.9825253486044603,0,0,0,0,0,0,0,0,0,1,0
wari1266,Waris,Border,15.0,,2,,,threatened,2,4925.43048751861,3966.06806615392,72.78075544,45.796177584999995,58.7509635387997,37.0785725895665,4.06785501758394,2.9825253486044603,0,0,0,0,0,0,0,0,0,1,0
mane1266,Manem,Border,15.0,,3,,,endangered,2,4925.43048751861,3966.06806615392,72.78075544,45.796177584999995,58.7509635387997,37.0785725895665,4.06785501758394,2.9825253486044603,0,0,0,0,0,0,0,0,0,1,0
imon1245,Imonda,Border,15.0,,3,,,endangered,1,3006.70564478923,3006.70564478923,18.81159973,18.81159973,15.4061816403333,15.4061816403333,4.06785501758394,4.06785501758394,0,0,0,0,0,0,0,0,0,1,0
seng1285,Senggi,Border,15.0,,3,2,,endangered,1,4925.43048751861,4925.43048751861,72.78075544,72.78075544,58.7509635387997,58.7509635387997,1.89719567962498,1.89719567962498,0,0,0,0,0,0,0,0,0,1,0
sowa1245,Sowanda,Border,15.0,,2,,,threatened,2,4925.43048751861,3966.06806615392,72.78075544,45.796177584999995,58.7509635387997,37.0785725895665,4.06785501758394,2.9825253486044603,0,0,0,0,0,0,0,0,0,1,0
daon1243,Daonda,Border,15.0,,3,,,endangered,1,3006.70564478923,3006.70564478923,18.81159973,18.81159973,15.4061816403333,15.4061816403333,4.06785501758394,4.06785501758394,0,0,0,0,0,0,0,0,0,1,0
auwe1239,Auwe,Border,15.0,,3,,,endangered,1,3006.70564478923,3006.70564478923,18.81159973,18.81159973,15.4061816403333,15.4061816403333,4.06785501758394,4.06785501758394,0,0,0,0,0,0,0,0,0,1,0
awyi1241,Awyi,Border,15.0,,3,3,,endangered,1,4925.43048751861,4925.43048751861,72.78075544,72.78075544,58.7509635387997,58.7509635387997,1.89719567962498,1.89719567962498,0,0,0,0,0,0,0,0,0,1,0
taik1255,Taikat,Border,15.0,,3,2,,endangered,1,4925.43048751861,4925.43048751861,72.78075544,72.78075544,58.7509635387997,58.7509635387997,1.89719567962498,1.89719567962498,0,0,0,0,0,0,0,0,0,1,0
jaqa1244,Jaqaru,Aymaran,4.0,,3,,,severely endangered,1,8452.37167056621,8452.37167056621,81.95705992,81.95705992,85.1912729600355,85.1912729600355,1.57651042813743,1.57651042813743,0,0,0,0,0,0,0,0,0,0,1
sout2996,Southern Aymara,Aymaran,4.0,,0,,,at risk,4,16709.8893972307,10888.30270676765,95.590243,86.729787965,92.2742315972952,84.42418519566228,1.82370068528301,1.1428730078216551,1,1,0,0,0,0,0,0,0,0,1
tura1265,Turaka,Dagan,9.0,,4,,,severely endangered,1,3006.70564478923,3006.70564478923,18.81159973,18.81159973,15.4061816403333,15.4061816403333,4.06785501758394,4.06785501758394,0,0,0,0,0,0,0,0,0,1,0
onjo1240,Onjob,Dagan,9.0,,3,,,endangered,1,3006.70564478923,3006.70564478923,18.81159973,18.81159973,15.4061816403333,15.4061816403333,4.06785501758394,4.06785501758394,0,0,0,0,0,0,0,0,0,1,0
pech1241,Pech,Chibchan,27.0,,3,,4,severely endangered,1,3426.43483328923,3426.43483328923,58.62269974,58.62269974,58.7850728104829,58.7850728104829,2.49057240695025,2.49057240695025,0,0,0,0,0,0,0,0,1,0,0
chim1309,Chimila,Chibchan,27.0,,3,,,threatened,1,7919.20886825345,7919.20886825345,79.34543299,79.34543299,78.5210811866115,78.5210811866115,1.3876355674663,1.3876355674663,0,0,0,0,0,0,0,0,0,0,1
cogu1240,Cogui,Chibchan,27.0,,2,,,vulnerable,1,7919.20886825345,7919.20886825345,79.34543299,79.34543299,78.5210811866115,78.5210811866115,1.3876355674663,1.3876355674663,0,0,0,0,0,0,0,0,0,0,1
arhu1242,Arhuaco,Chibchan,27.0,,1,,,vulnerable,1,7919.20886825345,7919.20886825345,79.34543299,79.34543299,78.5210811866115,78.5210811866115,1.3876355674663,1.3876355674663,0,0,0,0,0,0,0,0,0,0,1
mala1522,Malayo,Chibchan,27.0,,2,,,threatened,1,7919.20886825345,7919.20886825345,79.34543299,79.34543299,78.5210811866115,78.5210811866115,1.3876355674663,1.3876355674663,0,0,0,0,0,0,0,0,0,0,1
bari1297,Barí,Chibchan,27.0,,2,0,1,vulnerable,2,7919.20886825345,6068.39994734368,79.34543299,78.01216733000001,89.285859883201,83.90347053490625,1.3876355674663,0.8987269869421874,0,0,0,0,0,0,0,0,0,0,1
bugl1243,Buglere,Chibchan,27.0,,2,,,threatened,1,19161.2188501596,19161.2188501596,72.77149963,72.77149963,65.9958447685488,65.9958447685488,1.47211283915818,1.47211283915818,0,0,0,0,0,0,0,0,1,0,0
ngab1239,Ngäbere,Chibchan,27.0,,2,,,threatened,2,19161.2188501596,18874.1860352539,87.17019653,79.97084808,79.3107672397967,72.65330600417275,1.47211283915818,1.24537985248217,0,0,0,0,0,0,0,0,1,0,0
boru1252,Boruca,Chibchan,27.0,,,,,awakening,1,18587.1532203482,18587.1532203482,87.17019653,87.17019653,79.3107672397967,79.3107672397967,1.01864686580616,1.01864686580616,0,0,0,0,0,0,0,0,1,0,0
teri1250,Teribe,Chibchan,27.0,,2,,,threatened,2,19161.2188501596,18874.1860352539,87.17019653,79.97084808,79.3107672397967,72.65330600417275,1.47211283915818,1.24537985248217,0,0,0,0,0,0,0,0,1,0,0
cabe1245,Cabécar,Chibchan,27.0,,2,,,threatened,1,18587.1532203482,18587.1532203482,87.17019653,87.17019653,79.3107672397967,79.3107672397967,1.01864686580616,1.01864686580616,0,0,0,0,0,0,0,0,1,0,0
brib1243,Bribri,Chibchan,27.0,,2,,,threatened,2,19161.2188501596,18874.1860352539,87.17019653,79.97084808,79.3107672397967,72.65330600417275,1.47211283915818,1.24537985248217,0,0,0,0,0,0,0,0,1,0,0
male1297,Maléku Jaíka,Chibchan,27.0,,3,,,endangered,1,18587.1532203482,18587.1532203482,87.17019653,87.17019653,79.3107672397967,79.3107672397967,1.01864686580616,1.01864686580616,0,0,0,0,0,0,0,0,1,0,0
nima1245,Nimanbur,Nyulnyulan,10.0,,5,,,critically endangered,1,64603.9856308464,64603.9856308464,96.13140106,96.13140106,87.6021469990446,87.6021469990446,2.12571289816265,2.12571289816265,0,0,0,0,0,0,1,0,0,0,0
nyul1247,Nyulnyul,Nyulnyulan,10.0,,5,,,critically endangered,1,64603.9856308464,64603.9856308464,96.13140106,96.13140106,87.6021469990446,87.6021469990446,2.12571289816265,2.12571289816265,0,0,0,0,0,0,1,0,0,0,0
dyab1238,Dyaberdyaber,Nyulnyulan,10.0,,,,,dormant,1,64603.9856308464,64603.9856308464,96.13140106,96.13140106,87.6021469990446,87.6021469990446,2.12571289816265,2.12571289816265,0,0,0,0,0,0,1,0,0,0,0
djaw1238,Djawi,Nyulnyulan,10.0,,5,,,critically endangered,1,64603.9856308464,64603.9856308464,96.13140106,96.13140106,87.6021469990446,87.6021469990446,2.12571289816265,2.12571289816265,0,0,0,0,0,0,1,0,0,0,0
bard1255,Bardi,Nyulnyulan,10.0,,5,,,critically endangered,1,64603.9856308464,64603.9856308464,96.13140106,96.13140106,87.6021469990446,87.6021469990446,2.12571289816265,2.12571289816265,0,0,0,0,0,0,1,0,0,0,0
yawu1244,Yawuru,Nyulnyulan,10.0,,5,,5,critically endangered,1,64603.9856308464,64603.9856308464,96.13140106,96.13140106,87.6021469990446,87.6021469990446,2.12571289816265,2.12571289816265,0,0,0,0,0,0,1,0,0,0,0
nyig1240,Nyigina,Nyulnyulan,10.0,,4,,,severely endangered,1,64603.9856308464,64603.9856308464,96.13140106,96.13140106,87.6021469990446,87.6021469990446,2.12571289816265,2.12571289816265,0,0,0,0,0,0,1,0,0,0,0
warr1258,Warrwa,Nyulnyulan,10.0,,5,,,critically endangered,1,64603.9856308464,64603.9856308464,96.13140106,96.13140106,87.6021469990446,87.6021469990446,2.12571289816265,2.12571289816265,0,0,0,0,0,0,1,0,0,0,0
ngum1253,Ngumbarl,Nyulnyulan,10.0,,,,,dormant,1,64603.9856308464,64603.9856308464,96.13140106,96.13140106,87.6021469990446,87.6021469990446,2.12571289816265,2.12571289816265,0,0,0,0,0,0,1,0,0,0,0
lenc1243,Lenca-Salvador,Lencan,2.0,,,,,dormant,1,5579.65969165029,5579.65969165029,66.47769928,66.47769928,75.0674905102199,75.0674905102199,1.06563734540893,1.06563734540893,0,0,0,0,0,0,0,0,1,0,0
mand1446,Mandan,Siouan,18.0,,,,,dormant,1,84534.0407841548,84534.0407841548,94.69380188,94.69380188,80.1247798047184,80.1247798047184,1.04286346807884,1.04286346807884,0,0,0,0,0,0,0,0,1,0,0
cata1286,Catawba,Siouan,18.0,,,,,awakening,1,84534.0407841548,84534.0407841548,94.69380188,94.69380188,80.1247798047184,80.1247798047184,1.04286346807884,1.04286346807884,0,0,0,0,0,0,0,0,1,0,0
iowa1245,Iowa-Oto,Siouan,18.0,,,,,awakening,1,84534.0407841548,84534.0407841548,94.69380188,94.69380188,80.1247798047184,80.1247798047184,1.04286346807884,1.04286346807884,0,0,0,0,0,0,0,0,1,0,0
hoch1243,Ho-Chunk,Siouan,18.0,,3,,,endangered,1,84534.0407841548,84534.0407841548,94.69380188,94.69380188,80.1247798047184,80.1247798047184,1.04286346807884,1.04286346807884,0,0,0,0,0,0,0,0,1,0,0
quap1242,Quapaw,Siouan,18.0,,,,,awakening,1,84534.0407841548,84534.0407841548,94.69380188,94.69380188,80.1247798047184,80.1247798047184,1.04286346807884,1.04286346807884,0,0,0,0,0,0,0,0,1,0,0
omah1247,Omaha-Ponca,Siouan,18.0,,4,,,severely endangered,1,84534.0407841548,84534.0407841548,94.69380188,94.69380188,80.1247798047184,80.1247798047184,1.04286346807884,1.04286346807884,0,0,0,0,0,0,0,0,1,0,0
osag1243,Osage,Siouan,18.0,,,,,awakening,1,84534.0407841548,84534.0407841548,94.69380188,94.69380188,80.1247798047184,80.1247798047184,1.04286346807884,1.04286346807884,0,0,0,0,0,0,0,0,1,0,0
kans1243,Kansa,Siouan,18.0,,,,,awakening,1,84534.0407841548,84534.0407841548,94.69380188,94.69380188,80.1247798047184,80.1247798047184,1.04286346807884,1.04286346807884,0,0,0,0,0,0,0,0,1,0,0
lako1247,Lakota,Siouan,18.0,,1,4,3,endangered,2,84534.0407841548,69437.19425331405,94.69380188,94.52355194,82.7002565766633,81.41251819069086,3.17427570128175,2.108569584680295,0,0,0,0,0,0,0,0,1,0,0
assi1247,Assiniboine,Siouan,18.0,,3,,,endangered,2,84534.0407841548,69437.19425331405,94.69380188,94.52355194,82.7002565766633,81.41251819069086,3.17427570128175,2.108569584680295,0,0,0,0,0,0,0,0,1,0,0
ston1242,Stoney,Siouan,18.0,,2,4,3,endangered,1,54340.3477224733,54340.3477224733,94.353302,94.353302,82.7002565766633,82.7002565766633,3.17427570128175,3.17427570128175,0,0,0,0,0,0,0,0,1,0,0
crow1244,Crow,Siouan,18.0,,2,,,threatened,1,84534.0407841548,84534.0407841548,94.69380188,94.69380188,80.1247798047184,80.1247798047184,1.04286346807884,1.04286346807884,0,0,0,0,0,0,0,0,1,0,0
hida1246,Hidatsa,Siouan,18.0,,4,5,5,critically endangered,1,84534.0407841548,84534.0407841548,94.69380188,94.69380188,80.1247798047184,80.1247798047184,1.04286346807884,1.04286346807884,0,0,0,0,0,0,0,0,1,0,0
west2600,West Makian,North Halmahera,15.0,,1,,,vulnerable,1,4925.43048751861,4925.43048751861,72.78075544,72.78075544,58.7509635387997,58.7509635387997,1.89719567962498,1.89719567962498,0,0,0,0,0,0,0,0,0,1,0
tobe1252,Tobelo,North Halmahera,15.0,3,,2,1,threatened,1,4925.43048751861,4925.43048751861,72.78075544,72.78075544,58.7509635387997,58.7509635387997,1.89719567962498,1.89719567962498,0,0,0,0,0,0,0,0,0,1,0
kaoo1238,Kao,North Halmahera,15.0,,3,,,endangered,1,4925.43048751861,4925.43048751861,72.78075544,72.78075544,58.7509635387997,58.7509635387997,1.89719567962498,1.89719567962498,0,0,0,0,0,0,0,0,0,1,0
ibuu1240,Ibu,North Halmahera,15.0,,4,,,severely endangered,1,4925.43048751861,4925.43048751861,72.78075544,72.78075544,58.7509635387997,58.7509635387997,1.89719567962498,1.89719567962498,0,0,0,0,0,0,0,0,0,1,0
tido1248,Tidore,North Halmahera,15.0,1,1,2,1,threatened,1,4925.43048751861,4925.43048751861,72.78075544,72.78075544,58.7509635387997,58.7509635387997,1.89719567962498,1.89719567962498,0,0,0,0,0,0,0,0,0,1,0
tern1247,Ternate,North Halmahera,15.0,4,1,2,0,threatened,1,4925.43048751861,4925.43048751861,72.78075544,72.78075544,58.7509635387997,58.7509635387997,1.89719567962498,1.89719567962498,0,0,0,0,0,0,0,0,0,1,0
jeme1245,Towa,Kiowa-Tanoan,8.0,1,2,1,1,threatened,1,84534.0407841548,84534.0407841548,94.69380188,94.69380188,80.1247798047184,80.1247798047184,1.04286346807884,1.04286346807884,0,0,0,0,0,0,0,0,1,0,0
kiow1266,Kiowa,Kiowa-Tanoan,8.0,,4,5,5,critically endangered,1,84534.0407841548,84534.0407841548,94.69380188,94.69380188,80.1247798047184,80.1247798047184,1.04286346807884,1.04286346807884,0,0,0,0,0,0,0,0,1,0,0
sout2961,Southern Tiwa,Kiowa-Tanoan,8.0,,2,,3,endangered,1,84534.0407841548,84534.0407841548,94.69380188,94.69380188,80.1247798047184,80.1247798047184,1.04286346807884,1.04286346807884,0,0,0,0,0,0,0,0,1,0,0
picu1248,Picuris Northern Tiwa,Kiowa-Tanoan,8.0,,3,,1,threatened,1,84534.0407841548,84534.0407841548,94.69380188,94.69380188,80.1247798047184,80.1247798047184,1.04286346807884,1.04286346807884,0,0,0,0,0,0,0,0,1,0,0
nort1550,Taos Northern Tiwa,Kiowa-Tanoan,8.0,,3,,,endangered,1,84534.0407841548,84534.0407841548,94.69380188,94.69380188,80.1247798047184,80.1247798047184,1.04286346807884,1.04286346807884,0,0,0,0,0,0,0,0,1,0,0
tewa1260,Rio Grande Tewa,Kiowa-Tanoan,8.0,4,2,4,2,endangered,1,84534.0407841548,84534.0407841548,94.69380188,94.69380188,80.1247798047184,80.1247798047184,1.04286346807884,1.04286346807884,0,0,0,0,0,0,0,0,1,0,0
ajas1235,Aja (South Sudan),Kresh-Aja,3.0,,3,,,endangered,2,1080.14718624765,1032.3774261316375,18.60000038,12.635500192,34.8673015510839,28.12206029778725,5.35572566859027,3.184391091226555,0,0,0,0,0,1,0,0,0,0,0
gbay1288,Kresh-Woro,Kresh-Aja,3.0,,1,,,vulnerable,3,1080.14718624765,860.305284086437,18.60000038,13.017833551333334,44.1243555638904,33.45615871982163,5.35572566859027,3.5801025872744403,0,0,0,0,0,1,0,0,0,0,0
kamu1260,Kamula,Kamula-Elevala,3.0,,3,,,endangered,1,3006.70564478923,3006.70564478923,18.81159973,18.81159973,15.4061816403333,15.4061816403333,4.06785501758394,4.06785501758394,0,0,0,0,0,0,0,0,0,1,0
wasc1239,Upper Chinook,Chinookan,4.0,,,,,dormant,1,84534.0407841548,84534.0407841548,94.69380188,94.69380188,80.1247798047184,80.1247798047184,1.04286346807884,1.04286346807884,0,0,0,0,0,0,0,0,1,0,0
chin1272,Creolized Grand Ronde Chinook Jargon,Chinookan,4.0,,5,,5,critically endangered,2,84534.0407841548,69437.19425331405,94.69380188,94.52355194,82.7002565766633,81.41251819069086,3.17427570128175,2.108569584680295,0,0,0,0,0,0,0,0,1,0,0
nupo1240,Nüpode Huitoto,Huitotoan,7.0,,4,,,severely endangered,3,10310.5488778166,8894.043138878753,84.46347227,81.92198839333334,87.8958549533146,83.86940303332052,1.57651042813743,1.2295158976876388,0,0,0,0,0,0,0,0,0,0,1
muru1274,Murui Huitoto,Huitotoan,7.0,,2,,,threatened,2,8452.37167056621,8185.79026940983,81.95705992,80.651246455,85.1912729600355,81.8561770733235,1.57651042813743,1.482072997801865,0,0,0,0,0,0,0,0,0,0,1
mini1256,Minica Huitoto,Huitotoan,7.0,,2,,,threatened,2,8452.37167056621,8185.79026940983,81.95705992,80.651246455,85.1912729600355,81.8561770733235,1.57651042813743,1.482072997801865,0,0,0,0,0,0,0,0,0,0,1
ocai1244,Ocaina,Huitotoan,7.0,5,4,5,5,critically endangered,2,8452.37167056621,8185.79026940983,81.95705992,80.651246455,85.1912729600355,81.8561770733235,1.57651042813743,1.482072997801865,0,0,0,0,0,0,0,0,0,0,1
nonu1241,Nonuya,Huitotoan,7.0,,,,,dormant,2,8452.37167056621,8185.79026940983,81.95705992,80.651246455,85.1912729600355,81.8561770733235,1.57651042813743,1.482072997801865,0,0,0,0,0,0,0,0,0,0,1
hoaa1235,Amkoe,Kxa,5.0,,4,,3,severely endangered,1,7695.75319445165,7695.75319445165,57.45950036,57.45950036,67.4623537838418,67.4623537838418,2.29137163491074,2.29137163491074,0,0,0,0,0,1,0,0,0,0,0
juho1239,South-Eastern Ju,Kxa,5.0,,1,,,vulnerable,2,7695.75319445165,6054.440358283686,64.87460327,61.167051814999994,67.4623537838418,58.935578404528655,3.14230774103844,2.71683968797459,0,0,0,0,0,1,0,0,0,0,0
kung1261,North-Central Ju,Kxa,5.0,,1,,,vulnerable,3,6267.186814093,4448.72959465875,78.35759735,61.312333423333335,70.6551379036435,61.58524647155874,4.18812173875964,2.91730055531553,0,0,0,0,0,1,0,0,0,0,0
ango1255,Angoram,Lower Sepik,6.0,,2,,,threatened,1,3006.70564478923,3006.70564478923,18.81159973,18.81159973,15.4061816403333,15.4061816403333,4.06785501758394,4.06785501758394,0,0,0,0,0,0,0,0,0,1,0
cham1313,Chambri,Lower Sepik,6.0,,2,,,threatened,1,3006.70564478923,3006.70564478923,18.81159973,18.81159973,15.4061816403333,15.4061816403333,4.06785501758394,4.06785501758394,0,0,0,0,0,0,0,0,0,1,0
yima1243,Yimas,Lower Sepik,6.0,,3,,2,endangered,1,3006.70564478923,3006.70564478923,18.81159973,18.81159973,15.4061816403333,15.4061816403333,4.06785501758394,4.06785501758394,0,0,0,0,0,0,0,0,0,1,0
tabr1243,Tabriak,Lower Sepik,6.0,,2,,,threatened,1,3006.70564478923,3006.70564478923,18.81159973,18.81159973,15.4061816403333,15.4061816403333,4.06785501758394,4.06785501758394,0,0,0,0,0,0,0,0,0,1,0
kopa1248,Kopar,Lower Sepik,6.0,,3,,,endangered,1,3006.70564478923,3006.70564478923,18.81159973,18.81159973,15.4061816403333,15.4061816403333,4.06785501758394,4.06785501758394,0,0,0,0,0,0,0,0,0,1,0
muri1260,Murik (Papua New Guinea),Lower Sepik,6.0,,2,2,2,threatened,1,3006.70564478923,3006.70564478923,18.81159973,18.81159973,15.4061816403333,15.4061816403333,4.06785501758394,4.06785501758394,0,0,0,0,0,0,0,0,0,1,0
caja1238,Cajamarca Quechua,Quechuan,43.0,,1,,2,threatened,1,8452.37167056621,8452.37167056621,81.95705992,81.95705992,85.1912729600355,85.1912729600355,1.57651042813743,1.57651042813743,0,0,0,0,0,0,0,0,0,0,1
lamb1276,Lambayeque Quechua,Quechuan,43.0,,2,,1,threatened,1,8452.37167056621,8452.37167056621,81.95705992,81.95705992,85.1912729600355,85.1912729600355,1.57651042813743,1.57651042813743,0,0,0,0,0,0,0,0,0,0,1
ayac1239,Ayacucho Quechua,Quechuan,43.0,,0,1,1,at risk,1,8452.37167056621,8452.37167056621,81.95705992,81.95705992,85.1912729600355,85.1912729600355,1.57651042813743,1.57651042813743,0,0,0,0,0,0,0,0,0,0,1
cusc1236,Cusco Quechua,Quechuan,43.0,,0,,,vulnerable,1,8452.37167056621,8452.37167056621,81.95705992,81.95705992,85.1912729600355,85.1912729600355,1.57651042813743,1.57651042813743,0,0,0,0,0,0,0,0,0,0,1
nort2976,North Bolivian Quechua,Quechuan,43.0,,0,,,at risk,2,8452.37167056621,6436.7688847331,81.95705992,80.83087829,85.1912729600355,78.21370916871714,1.82370068528301,1.70010555671022,0,0,0,0,0,0,0,0,0,0,1
sant1432,Santiago del Estero Quichua,Quechuan,43.0,,1,,,vulnerable,1,13969.7836603737,13969.7836603737,89.66715228,89.66715228,92.2742315972952,92.2742315972952,0.432261342079918,0.432261342079918,0,0,0,0,0,0,0,0,0,0,1
sout2991,South Bolivian Quechua,Quechuan,43.0,,0,,,at risk,3,16709.8893972307,11700.279718834798,95.590243,88.32069731333333,92.2742315972952,84.16848927420453,1.82370068528301,0.9983272010497299,0,0,0,0,0,0,0,0,0,0,1
paca1245,Pacaraos Quechua,Quechuan,43.0,,4,,,severely endangered,1,8452.37167056621,8452.37167056621,81.95705992,81.95705992,85.1912729600355,85.1912729600355,1.57651042813743,1.57651042813743,0,0,0,0,0,0,0,0,0,0,1
huay1241,Huaylla Wanca Quechua,Quechuan,43.0,,0,,,at risk,1,8452.37167056621,8452.37167056621,81.95705992,81.95705992,85.1912729600355,85.1912729600355,1.57651042813743,1.57651042813743,0,0,0,0,0,0,0,0,0,0,1
hual1241,Huallaga Huánuco Quechua,Quechuan,43.0,,1,,0,vulnerable,1,8452.37167056621,8452.37167056621,81.95705992,81.95705992,85.1912729600355,85.1912729600355,1.57651042813743,1.57651042813743,0,0,0,0,0,0,0,0,0,0,1
marg1254,Margos-Yarowilca-Lauricocha Quechua,Quechuan,43.0,,1,,0,vulnerable,1,8452.37167056621,8452.37167056621,81.95705992,81.95705992,85.1912729600355,85.1912729600355,1.57651042813743,1.57651042813743,0,0,0,0,0,0,0,0,0,0,1
huay1240,Huaylas Ancash Quechua,Quechuan,43.0,,1,,1,vulnerable,1,8452.37167056621,8452.37167056621,81.95705992,81.95705992,85.1912729600355,85.1912729600355,1.57651042813743,1.57651042813743,0,0,0,0,0,0,0,0,0,0,1
nort2980,North Junín Quechua,Quechuan,43.0,,1,1,,vulnerable,1,8452.37167056621,8452.37167056621,81.95705992,81.95705992,85.1912729600355,85.1912729600355,1.57651042813743,1.57651042813743,0,0,0,0,0,0,0,0,0,0,1
yauy1235,Yauyos Quechua,Quechuan,43.0,5,3,5,5,critically endangered,1,8452.37167056621,8452.37167056621,81.95705992,81.95705992,85.1912729600355,85.1912729600355,1.57651042813743,1.57651042813743,1,0,0,0,0,0,0,0,0,0,1
chac1250,Chachapoyas Quechua,Quechuan,43.0,,2,,,threatened,1,8452.37167056621,8452.37167056621,81.95705992,81.95705992,85.1912729600355,85.1912729600355,1.57651042813743,1.57651042813743,0,0,0,0,0,0,0,0,0,0,1
sanm1289,San Martín Quechua,Quechuan,43.0,,1,4,4,severely endangered,1,8452.37167056621,8452.37167056621,81.95705992,81.95705992,85.1912729600355,85.1912729600355,1.57651042813743,1.57651042813743,0,0,0,0,0,0,0,0,0,0,1
napo1242,Napo Lowland Quechua,Quechuan,43.0,,1,,,vulnerable,3,8452.37167056621,7748.762092861886,81.95705992,79.49174135333334,85.1912729600355,75.65001579546906,1.57651042813743,1.3313060685539433,0,0,0,0,0,0,0,0,0,0,1
nort2745,Northern Yukaghir,Yukaghir,4.0,,4,5,5,critically endangered,1,14889.0185546875,14889.0185546875,94.36495368,94.36495368,75.1119136177067,75.1119136177067,-0.0283196242809465,-0.0283196242809465,0,0,0,0,0,0,0,1,0,0,0
sout2750,Southern Yukaghir,Yukaghir,4.0,5,4,5,5,critically endangered,1,14889.0185546875,14889.0185546875,94.36495368,94.36495368,75.1119136177067,75.1119136177067,-0.0283196242809465,-0.0283196242809465,0,0,0,0,0,0,0,1,0,0,0
svan1243,Svan,Kartvelian,5.0,,1,,,vulnerable,2,14889.0185546875,12065.254888912315,94.36495368,89.081755285,75.1119136177067,68.09543706354,0.106666251709168,0.03917331371411075,0,0,0,0,0,0,0,1,0,0,0
ming1252,Mingrelian,Kartvelian,5.0,,0,,,at risk,1,9241.49122313713,9241.49122313713,83.79855689,83.79855689,61.0789605093733,61.0789605093733,0.106666251709168,0.106666251709168,0,0,0,0,0,0,0,1,0,0,0
lazz1240,Laz,Kartvelian,5.0,,1,,,vulnerable,2,15892.7157287241,12567.103475930617,87.3078767,85.553216795,89.3443122873887,75.211636398381,0.587160894947427,0.3469135733282975,0,0,0,0,0,0,0,1,0,0,0
keig1242,Keiga,Kadugli-Krongo,6.0,1,2,,1,threatened,1,984.607666015625,984.607666015625,18.60000038,18.60000038,34.8673015510839,34.8673015510839,1.01305651386284,1.01305651386284,0,0,0,0,0,1,0,0,0,0,0
tuli1249,Tulishi,Kadugli-Krongo,6.0,,2,,,threatened,1,984.607666015625,984.607666015625,18.60000038,18.60000038,34.8673015510839,34.8673015510839,1.01305651386284,1.01305651386284,0,0,0,0,0,1,0,0,0,0,0
tumt1243,Tumtum,Kadugli-Krongo,6.0,,2,,,threatened,1,984.607666015625,984.607666015625,18.60000038,18.60000038,34.8673015510839,34.8673015510839,1.01305651386284,1.01305651386284,0,0,0,0,0,1,0,0,0,0,0
kron1241,Krongo,Kadugli-Krongo,6.0,,1,,,vulnerable,1,984.607666015625,984.607666015625,18.60000038,18.60000038,34.8673015510839,34.8673015510839,1.01305651386284,1.01305651386284,0,0,0,0,0,1,0,0,0,0,0
kang1288,Kanga,Kadugli-Krongo,6.0,,2,,,threatened,1,984.607666015625,984.607666015625,18.60000038,18.60000038,34.8673015510839,34.8673015510839,1.01305651386284,1.01305651386284,0,0,0,0,0,1,0,0,0,0,0
teda1241,Tedaga,Saharan,10.0,,1,,,vulnerable,4,6569.16408678648,2337.5386290632814,81.95449829,37.837599277500004,87.8854066107749,48.9605608130427,7.20534416894141,4.14244635432311,0,0,0,0,0,1,0,0,0,0,0
cavi1250,Cavineña,Pano-Tacanan,45.0,,3,,,endangered,1,4421.16609889999,4421.16609889999,79.70469666,79.70469666,71.2361453773988,71.2361453773988,1.82370068528301,1.82370068528301,1,0,0,0,0,0,0,0,0,0,1
esee1248,Ese Ejja,Pano-Tacanan,45.0,1,2,0,0,vulnerable,2,8452.37167056621,6436.7688847331,81.95705992,80.83087829,85.1912729600355,78.21370916871714,1.82370068528301,1.70010555671022,0,0,0,0,0,0,0,0,0,0,1
reye1240,Reyesano,Pano-Tacanan,45.0,,4,,5,critically endangered,1,4421.16609889999,4421.16609889999,79.70469666,79.70469666,71.2361453773988,71.2361453773988,1.82370068528301,1.82370068528301,1,0,0,0,0,0,0,0,0,0,1
taca1256,Tacana,Pano-Tacanan,45.0,,2,,,threatened,1,4421.16609889999,4421.16609889999,79.70469666,79.70469666,71.2361453773988,71.2361453773988,1.82370068528301,1.82370068528301,1,0,0,0,0,0,0,0,0,0,1
arao1248,Araona,Pano-Tacanan,45.0,1,3,1,0,threatened,1,4421.16609889999,4421.16609889999,79.70469666,79.70469666,71.2361453773988,71.2361453773988,1.82370068528301,1.82370068528301,1,0,0,0,0,0,0,0,0,0,1
toro1255,Toromono,Pano-Tacanan,45.0,,,,,dormant,1,4421.16609889999,4421.16609889999,79.70469666,79.70469666,71.2361453773988,71.2361453773988,1.82370068528301,1.82370068528301,1,0,0,0,0,0,0,0,0,0,1
cash1251,Cashibo-Cacataibo,Pano-Tacanan,45.0,,2,,1,threatened,1,8452.37167056621,8452.37167056621,81.95705992,81.95705992,85.1912729600355,85.1912729600355,1.57651042813743,1.57651042813743,0,0,0,0,0,0,0,0,0,0,1
kaxa1239,Kaxararí,Pano-Tacanan,45.0,,2,,,threatened,1,10310.5488778166,10310.5488778166,84.46347227,84.46347227,87.8958549533146,87.8958549533146,0.724401697459186,0.724401697459186,0,0,0,0,0,0,0,0,0,0,1
chac1251,Chácobo,Pano-Tacanan,45.0,0,2,2,0,vulnerable,1,4421.16609889999,4421.16609889999,79.70469666,79.70469666,71.2361453773988,71.2361453773988,1.82370068528301,1.82370068528301,1,0,0,0,0,0,0,0,0,0,1
poya1241,Poyanáwa,Pano-Tacanan,45.0,,,,,dormant,1,10310.5488778166,10310.5488778166,84.46347227,84.46347227,87.8958549533146,87.8958549533146,0.724401697459186,0.724401697459186,0,0,0,0,0,0,0,0,0,0,1
nuku1263,Nukuini,Pano-Tacanan,45.0,,,,,dormant,1,10310.5488778166,10310.5488778166,84.46347227,84.46347227,87.8958549533146,87.8958549533146,0.724401697459186,0.724401697459186,0,0,0,0,0,0,0,0,0,0,1
isco1239,Isconahua,Pano-Tacanan,45.0,,5,5,5,critically endangered,1,8452.37167056621,8452.37167056621,81.95705992,81.95705992,85.1912729600355,85.1912729600355,1.57651042813743,1.57651042813743,0,0,0,0,0,0,0,0,0,0,1
maru1252,Marúbo,Pano-Tacanan,45.0,,2,,,threatened,1,10310.5488778166,10310.5488778166,84.46347227,84.46347227,87.8958549533146,87.8958549533146,0.724401697459186,0.724401697459186,0,0,0,0,0,0,0,0,0,0,1
pano1254,Panoan Katukína,Pano-Tacanan,45.0,,3,,,endangered,1,10310.5488778166,10310.5488778166,84.46347227,84.46347227,87.8958549533146,87.8958549533146,0.724401697459186,0.724401697459186,0,0,0,0,0,0,0,0,0,0,1
ship1254,Shipibo-Conibo,Pano-Tacanan,45.0,,1,,,vulnerable,1,8452.37167056621,8452.37167056621,81.95705992,81.95705992,85.1912729600355,85.1912729600355,1.57651042813743,1.57651042813743,0,0,0,0,0,0,0,0,0,0,1
amah1246,Amahuaca,Pano-Tacanan,45.0,,3,,,endangered,2,10310.5488778166,9381.460274191406,84.46347227,83.21026609500001,87.8958549533146,86.54356395667506,1.57651042813743,1.150456062798308,0,0,0,0,0,0,0,0,0,0,1
cash1254,Cashinahua,Pano-Tacanan,45.0,,2,,,threatened,2,10310.5488778166,9381.460274191406,84.46347227,83.21026609500001,87.8958549533146,86.54356395667506,1.57651042813743,1.150456062798308,0,0,0,0,0,0,0,0,0,0,1
yami1256,Yaminahua,Pano-Tacanan,45.0,,,,,dormant,3,10310.5488778166,7728.0288824275995,84.46347227,82.04174295,87.8958549533146,81.4410910969163,1.82370068528301,1.3748709369598753,1,0,0,0,0,0,0,0,0,0,1
shan1283,Shanenawa,Pano-Tacanan,45.0,,4,5,5,critically endangered,1,10310.5488778166,10310.5488778166,84.46347227,84.46347227,87.8958549533146,87.8958549533146,0.724401697459186,0.724401697459186,0,0,0,0,0,0,0,0,0,0,1
mati1255,Matís,Pano-Tacanan,45.0,,3,,,endangered,1,10310.5488778166,10310.5488778166,84.46347227,84.46347227,87.8958549533146,87.8958549533146,0.724401697459186,0.724401697459186,0,0,0,0,0,0,0,0,0,0,1
kuli1255,Kulina Pano,Pano-Tacanan,45.0,,4,,,severely endangered,1,10310.5488778166,10310.5488778166,84.46347227,84.46347227,87.8958549533146,87.8958549533146,0.724401697459186,0.724401697459186,0,0,0,0,0,0,0,0,0,0,1
demu1235,Demushbo,Pano-Tacanan,45.0,,,,,dormant,2,10310.5488778166,7365.857488358295,84.46347227,82.08408446499999,87.8958549533146,79.5660001653567,1.82370068528301,1.2740511913710981,0,0,0,0,0,0,0,0,0,0,1
koru1247,Korubo,Pano-Tacanan,45.0,,4,,,severely endangered,1,10310.5488778166,10310.5488778166,84.46347227,84.46347227,87.8958549533146,87.8958549533146,0.724401697459186,0.724401697459186,0,0,0,0,0,0,0,0,0,0,1
olek1239,Olekha,Sino-Tibetan,519.0,,5,5,5,critically endangered,1,3831.32535494609,3831.32535494609,91.27739716,91.27739716,42.5645249803412,42.5645249803412,2.61867173932571,2.61867173932571,0,0,0,0,0,0,0,1,0,0,0
gong1251,Gongduk,Sino-Tibetan,519.0,,2,,,threatened,1,3831.32535494609,3831.32535494609,91.27739716,91.27739716,42.5645249803412,42.5645249803412,2.61867173932571,2.61867173932571,0,0,0,0,0,0,0,1,0,0,0
nort2724,Northern Bai,Sino-Tibetan,519.0,,1,4,,endangered,1,13303.1481543868,13303.1481543868,92.0,92.0,65.8946980998325,65.8946980998325,0.431708792065523,0.431708792065523,0,0,0,0,0,0,0,1,0,0,0
diga1241,Tawra,Sino-Tibetan,519.0,,2,,,threatened,2,13303.1481543868,7998.942981493205,92.0,78.47174835,65.8946980998325,50.6367976683357,1.77423382325139,1.1029713076584564,0,0,0,0,0,0,0,1,0,0,0
idum1241,Idu,Sino-Tibetan,519.0,4,1,2,1,threatened,2,13303.1481543868,7998.942981493205,92.0,78.47174835,65.8946980998325,50.6367976683357,1.77423382325139,1.1029713076584564,0,0,0,0,0,0,0,1,0,0,0
sing1264,Northern Jinghpaw,Sino-Tibetan,519.0,,2,,,threatened,1,2694.73780859961,2694.73780859961,64.9434967,64.9434967,35.3788972368389,35.3788972368389,1.77423382325139,1.77423382325139,0,1,0,0,0,0,0,1,0,0,0
deor1238,Deori,Sino-Tibetan,519.0,1,2,,,threatened,1,2694.73780859961,2694.73780859961,64.9434967,64.9434967,35.3788972368389,35.3788972368389,1.77423382325139,1.77423382325139,0,0,0,0,0,0,0,1,0,0,0
garo1247,Garo,Sino-Tibetan,519.0,1,1,,0,vulnerable,2,2694.73780859961,2644.0769627036752,64.9434967,59.18260493,35.3788972368389,34.0286084345848,2.82015881681108,2.297196320031235,0,1,0,0,0,0,0,1,0,0,0
tiwa1253,Tiwa (India),Sino-Tibetan,519.0,,1,,,vulnerable,1,2694.73780859961,2694.73780859961,64.9434967,64.9434967,35.3788972368389,35.3788972368389,1.77423382325139,1.77423382325139,0,0,0,0,0,0,0,1,0,0,0
kach1279,Kachari,Sino-Tibetan,519.0,,1,4,3,endangered,1,2694.73780859961,2694.73780859961,64.9434967,64.9434967,35.3788972368389,35.3788972368389,1.77423382325139,1.77423382325139,0,0,0,0,0,0,0,1,0,0,0
dima1251,Dimasa,Sino-Tibetan,519.0,,0,,,at risk,1,2694.73780859961,2694.73780859961,64.9434967,64.9434967,35.3788972368389,35.3788972368389,1.77423382325139,1.77423382325139,0,0,0,0,0,0,0,1,0,0,0
rian1262,Riang (India),Sino-Tibetan,519.0,,2,,,threatened,2,2694.73780859961,2644.0769627036752,64.9434967,59.18260493,35.3788972368389,34.0286084345848,2.82015881681108,2.297196320031235,0,0,0,0,0,0,0,1,0,0,0
koch1250,Koch,Sino-Tibetan,519.0,2,,1,0,vulnerable,2,2694.73780859961,2644.0769627036752,64.9434967,59.18260493,35.3788972368389,34.0286084345848,2.82015881681108,2.297196320031235,0,0,0,0,0,0,0,1,0,0,0
ruga1238,Ruga,Sino-Tibetan,519.0,5,5,5,5,critically endangered,1,2694.73780859961,2694.73780859961,64.9434967,64.9434967,35.3788972368389,35.3788972368389,1.77423382325139,1.77423382325139,0,0,0,0,0,0,0,1,0,0,0
aton1241,Atong (India),Sino-Tibetan,519.0,3,,2,1,threatened,2,2694.73780859961,2644.0769627036752,64.9434967,59.18260493,35.3788972368389,34.0286084345848,2.82015881681108,2.297196320031235,0,0,0,0,0,0,0,1,0,0,0
rabh1238,Rabha,Sino-Tibetan,519.0,,0,,,at risk,1,2694.73780859961,2694.73780859961,64.9434967,64.9434967,35.3788972368389,35.3788972368389,1.77423382325139,1.77423382325139,0,0,0,0,0,0,0,1,0,0,0
phom1236,Phom Naga,Sino-Tibetan,519.0,,1,,,vulnerable,1,2694.73780859961,2694.73780859961,64.9434967,64.9434967,35.3788972368389,35.3788972368389,1.77423382325139,1.77423382325139,0,0,0,0,0,0,0,1,0,0,0
kony1248,Konyak Naga,Sino-Tibetan,519.0,,1,,,vulnerable,2,2694.73780859961,2026.89391210034,64.9434967,55.1955986,35.3788972368389,32.91440282212625,1.77423382325139,1.3358158736485914,0,0,0,0,0,0,0,1,0,0,0
wanc1238,Wancho Naga,Sino-Tibetan,519.0,,1,,,vulnerable,1,2694.73780859961,2694.73780859961,64.9434967,64.9434967,35.3788972368389,35.3788972368389,1.77423382325139,1.77423382325139,0,0,0,0,0,0,0,1,0,0,0
khia1236,Khiamniungan Naga,Sino-Tibetan,519.0,1,1,,,vulnerable,2,2694.73780859961,2026.89391210034,64.9434967,55.1955986,35.3788972368389,32.91440282212625,1.77423382325139,1.3358158736485914,0,0,0,0,0,0,0,1,0,0,0
noct1238,Nocte Naga,Sino-Tibetan,519.0,2,1,,1,threatened,1,2694.73780859961,2694.73780859961,64.9434967,64.9434967,35.3788972368389,35.3788972368389,1.77423382325139,1.77423382325139,0,0,0,0,0,0,0,1,0,0,0
wutu1241,Wutunhua,Sino-Tibetan,519.0,3,2,,,endangered,1,13303.1481543868,13303.1481543868,92.0,92.0,65.8946980998325,65.8946980998325,0.431708792065523,0.431708792065523,0,0,0,0,0,0,0,1,0,0,0
dung1253,Dungan,Sino-Tibetan,519.0,1,0,1,0,vulnerable,5,14154.6324958076,5586.875668510692,93.39167254,69.741894992,62.072531584162,44.21190595951884,1.97493793290612,1.83794873960961,0,0,0,0,0,0,0,1,0,0,0
lepc1244,Lepcha,Sino-Tibetan,519.0,4,2,4,3,severely endangered,3,3831.32535494609,2657.7910693766603,91.27739716,67.51426442333333,66.772343163029,48.23858846006971,2.61867173932571,1.5299093877070475,0,0,0,0,0,0,0,1,0,0,0
gama1251,Gamale Kham,Sino-Tibetan,519.0,,1,,,vulnerable,1,1447.31004458428,1447.31004458428,46.32189941,46.32189941,66.772343163029,66.772343163029,0.196822600544043,0.196822600544043,0,0,0,0,0,0,0,1,0,0,0
chep1245,Chepang,Sino-Tibetan,519.0,,1,,,vulnerable,1,1447.31004458428,1447.31004458428,46.32189941,46.32189941,66.772343163029,66.772343163029,0.196822600544043,0.196822600544043,0,0,0,0,0,0,0,1,0,0,0
than1259,Thangmi,Sino-Tibetan,519.0,2,1,2,2,threatened,4,13303.1481543868,5319.1303406291945,92.0,73.6356983175,66.772343163029,52.6526158700104,2.61867173932571,1.2553592387966663,0,0,0,0,0,0,0,1,0,0,0
bara1357,Baraamu,Sino-Tibetan,519.0,,4,5,5,critically endangered,2,13303.1481543868,7375.229099485539,92.0,69.16094970500001,66.772343163029,66.33352063143076,0.431708792065523,0.31426569630478296,0,0,0,0,0,0,0,1,0,0,0
wamb1257,Wambule,Sino-Tibetan,519.0,,1,,,vulnerable,1,1447.31004458428,1447.31004458428,46.32189941,46.32189941,66.772343163029,66.772343163029,0.196822600544043,0.196822600544043,0,0,0,0,0,0,0,1,0,0,0
jeru1240,Jerung,Sino-Tibetan,519.0,,3,,,endangered,1,1447.31004458428,1447.31004458428,46.32189941,46.32189941,66.772343163029,66.772343163029,0.196822600544043,0.196822600544043,0,0,0,0,0,0,0,1,0,0,0
wayu1241,Wayu,Sino-Tibetan,519.0,,2,3,,endangered,1,1447.31004458428,1447.31004458428,46.32189941,46.32189941,66.772343163029,66.772343163029,0.196822600544043,0.196822600544043,0,0,0,0,0,0,0,1,0,0,0
bahi1252,Bahing,Sino-Tibetan,519.0,,5,5,5,critically endangered,1,1447.31004458428,1447.31004458428,46.32189941,46.32189941,66.772343163029,66.772343163029,0.196822600544043,0.196822600544043,0,0,0,0,0,0,0,1,0,0,0
sunw1242,Sunwar,Sino-Tibetan,519.0,3,1,,2,threatened,1,1447.31004458428,1447.31004458428,46.32189941,46.32189941,66.772343163029,66.772343163029,0.196822600544043,0.196822600544043,0,0,0,0,0,0,0,1,0,0,0
tilu1238,Tilung,Sino-Tibetan,519.0,5,5,5,5,critically endangered,1,1447.31004458428,1447.31004458428,46.32189941,46.32189941,66.772343163029,66.772343163029,0.196822600544043,0.196822600544043,0,0,0,0,0,0,0,1,0,0,0
thul1246,Thulung,Sino-Tibetan,519.0,4,2,5,3,severely endangered,2,2694.73780859961,2071.023926591945,64.9434967,55.632698055,66.772343163029,51.07562019993395,1.77423382325139,0.9855282118977164,0,0,0,0,0,0,0,1,0,0,0
koii1238,Koi,Sino-Tibetan,519.0,,2,,,threatened,1,1447.31004458428,1447.31004458428,46.32189941,46.32189941,66.772343163029,66.772343163029,0.196822600544043,0.196822600544043,0,0,0,0,0,0,0,1,0,0,0
khal1275,Khaling,Sino-Tibetan,519.0,,1,0,0,vulnerable,2,2694.73780859961,2071.023926591945,64.9434967,55.632698055,66.772343163029,51.07562019993395,1.77423382325139,0.9855282118977164,0,0,0,0,0,0,0,1,0,0,0
dumi1241,Dumi,Sino-Tibetan,519.0,5,5,5,5,critically endangered,1,1447.31004458428,1447.31004458428,46.32189941,46.32189941,66.772343163029,66.772343163029,0.196822600544043,0.196822600544043,0,0,0,0,0,0,0,1,0,0,0
chhu1238,Chhulung,Sino-Tibetan,519.0,2,2,3,2,endangered,1,1447.31004458428,1447.31004458428,46.32189941,46.32189941,66.772343163029,66.772343163029,0.196822600544043,0.196822600544043,0,0,0,0,0,0,0,1,0,0,0
chhi1245,Chintang,Sino-Tibetan,519.0,,2,1,,threatened,1,1447.31004458428,1447.31004458428,46.32189941,46.32189941,66.772343163029,66.772343163029,0.196822600544043,0.196822600544043,0,0,0,0,0,0,0,1,0,0,0
limb1266,Limbu,Sino-Tibetan,519.0,,0,,3,threatened,2,2694.73780859961,2071.023926591945,64.9434967,55.632698055,66.772343163029,51.07562019993395,1.77423382325139,0.9855282118977164,0,0,0,0,0,0,0,1,0,0,0
yakk1236,Yakkha,Sino-Tibetan,519.0,,1,,3,endangered,2,2694.73780859961,2071.023926591945,64.9434967,55.632698055,66.772343163029,51.07562019993395,1.77423382325139,0.9855282118977164,0,0,0,0,0,0,0,1,0,0,0
athp1241,Athpariya,Sino-Tibetan,519.0,,2,,,threatened,1,1447.31004458428,1447.31004458428,46.32189941,46.32189941,66.772343163029,66.772343163029,0.196822600544043,0.196822600544043,0,0,0,0,0,0,0,1,0,0,0
belh1239,Belhariya,Sino-Tibetan,519.0,,3,4,,severely endangered,1,1447.31004458428,1447.31004458428,46.32189941,46.32189941,66.772343163029,66.772343163029,0.196822600544043,0.196822600544043,0,0,0,0,0,0,0,1,0,0,0
nort2727,Lohorung,Sino-Tibetan,519.0,2,2,2,0,threatened,1,1447.31004458428,1447.31004458428,46.32189941,46.32189941,66.772343163029,66.772343163029,0.196822600544043,0.196822600544043,0,0,0,0,0,0,0,1,0,0,0
sout2734,Southern Yamphu,Sino-Tibetan,519.0,2,2,2,1,threatened,1,1447.31004458428,1447.31004458428,46.32189941,46.32189941,66.772343163029,66.772343163029,0.196822600544043,0.196822600544043,0,0,0,0,0,0,0,1,0,0,0
yamp1242,Yamphu,Sino-Tibetan,519.0,2,2,2,1,threatened,1,1447.31004458428,1447.31004458428,46.32189941,46.32189941,66.772343163029,66.772343163029,0.196822600544043,0.196822600544043,0,0,0,0,0,0,0,1,0,0,0
west2422,Western Mewahang,Sino-Tibetan,519.0,,2,,,threatened,1,1447.31004458428,1447.31004458428,46.32189941,46.32189941,66.772343163029,66.772343163029,0.196822600544043,0.196822600544043,0,0,0,0,0,0,0,1,0,0,0
east2357,Eastern Mewahang,Sino-Tibetan,519.0,,3,5,,severely endangered,1,1447.31004458428,1447.31004458428,46.32189941,46.32189941,66.772343163029,66.772343163029,0.196822600544043,0.196822600544043,0,0,0,0,0,0,0,1,0,0,0
puma1239,Puma,Sino-Tibetan,519.0,,2,,,threatened,1,1447.31004458428,1447.31004458428,46.32189941,46.32189941,66.772343163029,66.772343163029,0.196822600544043,0.196822600544043,0,0,0,0,0,0,0,1,0,0,0
dung1252,Dungmali,Sino-Tibetan,519.0,,2,,,threatened,1,1447.31004458428,1447.31004458428,46.32189941,46.32189941,66.772343163029,66.772343163029,0.196822600544043,0.196822600544043,0,0,0,0,0,0,0,1,0,0,0
caml1239,Camling,Sino-Tibetan,519.0,,1,,,vulnerable,1,1447.31004458428,1447.31004458428,46.32189941,46.32189941,66.772343163029,66.772343163029,0.196822600544043,0.196822600544043,0,0,0,0,0,0,0,1,0,0,0
bant1281,Bantawa,Sino-Tibetan,519.0,2,1,2,1,threatened,1,1447.31004458428,1447.31004458428,46.32189941,46.32189941,66.772343163029,66.772343163029,0.196822600544043,0.196822600544043,0,0,0,0,0,0,0,1,0,0,0
samp1249,Sampang,Sino-Tibetan,519.0,,2,,4,severely endangered,1,1447.31004458428,1447.31004458428,46.32189941,46.32189941,66.772343163029,66.772343163029,0.196822600544043,0.196822600544043,0,0,0,0,0,0,0,1,0,0,0
kulu1253,Kulung (Nepal),Sino-Tibetan,519.0,3,1,,1,threatened,2,2694.73780859961,2071.023926591945,64.9434967,55.632698055,66.772343163029,51.07562019993395,1.77423382325139,0.9855282118977164,0,0,0,0,0,0,0,1,0,0,0
nach1240,Nachering,Sino-Tibetan,519.0,,1,,,vulnerable,1,1447.31004458428,1447.31004458428,46.32189941,46.32189941,66.772343163029,66.772343163029,0.196822600544043,0.196822600544043,0,0,0,0,0,0,0,1,0,0,0
nung1282,Nung (Myanmar),Sino-Tibetan,519.0,5,2,5,5,critically endangered,2,13303.1481543868,7331.099084993934,92.0,68.72385025,65.8946980998325,48.17230325362305,0.897397924045793,0.664553358055658,0,0,0,0,0,0,0,1,0,0,0
drun1238,Drung,Sino-Tibetan,519.0,1,2,0,0,vulnerable,2,13303.1481543868,7331.099084993934,92.0,68.72385025,65.8946980998325,48.17230325362305,0.897397924045793,0.664553358055658,0,0,0,0,0,0,0,1,0,0,0
mila1245,Milang,Sino-Tibetan,519.0,1,2,,0,vulnerable,1,2694.73780859961,2694.73780859961,64.9434967,64.9434967,35.3788972368389,35.3788972368389,1.77423382325139,1.77423382325139,0,0,0,0,0,0,0,1,0,0,0
koro1316,Koro,Sino-Tibetan,519.0,,3,,2,endangered,1,2694.73780859961,2694.73780859961,64.9434967,64.9434967,35.3788972368389,35.3788972368389,1.77423382325139,1.77423382325139,0,0,0,0,0,0,0,1,0,0,0
boka1249,Bokar-Ramo,Sino-Tibetan,519.0,,2,,,threatened,2,13303.1481543868,7998.942981493205,92.0,78.47174835,65.8946980998325,50.6367976683357,1.77423382325139,1.1029713076584564,0,0,0,0,0,0,0,1,0,0,0
apat1240,Apatani,Sino-Tibetan,519.0,,1,,,vulnerable,1,2694.73780859961,2694.73780859961,64.9434967,64.9434967,35.3788972368389,35.3788972368389,1.77423382325139,1.77423382325139,0,0,0,0,0,0,0,1,0,0,0
galo1242,Galo,Sino-Tibetan,519.0,1,1,1,1,vulnerable,1,2694.73780859961,2694.73780859961,64.9434967,64.9434967,35.3788972368389,35.3788972368389,1.77423382325139,1.77423382325139,0,0,0,0,0,0,0,1,0,0,0
naaa1245,Na,Sino-Tibetan,519.0,,2,,,threatened,1,2694.73780859961,2694.73780859961,64.9434967,64.9434967,35.3788972368389,35.3788972368389,1.77423382325139,1.77423382325139,0,0,0,0,0,0,0,1,0,0,0
tagi1241,Tagin,Sino-Tibetan,519.0,,1,,,vulnerable,1,2694.73780859961,2694.73780859961,64.9434967,64.9434967,35.3788972368389,35.3788972368389,1.77423382325139,1.77423382325139,0,0,0,0,0,0,0,1,0,0,0
tang1377,Tangam,Sino-Tibetan,519.0,,3,5,,severely endangered,1,2694.73780859961,2694.73780859961,64.9434967,64.9434967,35.3788972368389,35.3788972368389,1.77423382325139,1.77423382325139,0,0,0,0,0,0,0,1,0,0,0
bori1243,Bori-Karko,Sino-Tibetan,519.0,,0,,,at risk,3,13303.1481543868,6609.7371059775,92.0,82.74029795333333,65.8946980998325,47.94604010567087,2.61867173932571,1.6082047848808745,0,0,0,0,0,0,0,1,0,0,0
misi1242,Mising-Padam-Miri-Minyong,Sino-Tibetan,519.0,,0,,,at risk,1,2694.73780859961,2694.73780859961,64.9434967,64.9434967,35.3788972368389,35.3788972368389,1.77423382325139,1.77423382325139,0,0,0,0,0,0,0,1,0,0,0
raji1240,Raji,Sino-Tibetan,519.0,3,3,,,endangered,2,2694.73780859961,2071.023926591945,64.9434967,55.632698055,66.772343163029,51.07562019993395,1.77423382325139,0.9855282118977164,0,0,0,0,0,0,0,1,0,0,0
raut1239,Raute,Sino-Tibetan,519.0,1,3,0,0,vulnerable,2,2694.73780859961,2071.023926591945,64.9434967,55.632698055,66.772343163029,51.07562019993395,1.77423382325139,0.9855282118977164,0,0,0,0,0,0,0,1,0,0,0
lhok1238,Lhokpu,Sino-Tibetan,519.0,,2,,,threatened,1,3831.32535494609,3831.32535494609,91.27739716,91.27739716,42.5645249803412,42.5645249803412,2.61867173932571,2.61867173932571,0,0,0,0,0,0,0,1,0,0,0
dhim1246,Dhimal,Sino-Tibetan,519.0,,1,4,,endangered,2,2694.73780859961,2071.023926591945,64.9434967,55.632698055,66.772343163029,51.07562019993395,1.77423382325139,0.9855282118977164,0,0,0,0,0,0,0,1,0,0,0
toto1302,Toto,Sino-Tibetan,519.0,,2,,,threatened,1,2694.73780859961,2694.73780859961,64.9434967,64.9434967,35.3788972368389,35.3788972368389,1.77423382325139,1.77423382325139,0,0,0,0,0,0,0,1,0,0,0
saja1240,Sajolang,Sino-Tibetan,519.0,,2,,,threatened,1,2694.73780859961,2694.73780859961,64.9434967,64.9434967,35.3788972368389,35.3788972368389,1.77423382325139,1.77423382325139,0,0,0,0,0,0,0,1,0,0,0
bugu1246,Bugun,Sino-Tibetan,519.0,,2,,,threatened,1,2694.73780859961,2694.73780859961,64.9434967,64.9434967,35.3788972368389,35.3788972368389,1.77423382325139,1.77423382325139,0,0,0,0,0,0,0,1,0,0,0
sher1257,Sherdukpen,Sino-Tibetan,519.0,,2,,,threatened,1,2694.73780859961,2694.73780859961,64.9434967,64.9434967,35.3788972368389,35.3788972368389,1.77423382325139,1.77423382325139,0,0,0,0,0,0,0,1,0,0,0
sulu1241,Eastern Puroik,Sino-Tibetan,519.0,,2,,,threatened,2,13303.1481543868,7998.942981493205,92.0,78.47174835,65.8946980998325,50.6367976683357,1.77423382325139,1.1029713076584564,0,0,0,0,0,0,0,1,0,0,0
mari1416,Maring Naga,Sino-Tibetan,519.0,3,1,,,threatened,1,2694.73780859961,2694.73780859961,64.9434967,64.9434967,35.3788972368389,35.3788972368389,1.77423382325139,1.77423382325139,0,0,0,0,0,0,0,1,0,0,0
tang1336,East-Central Tangkhul Naga,Sino-Tibetan,519.0,,1,5,,endangered,2,2694.73780859961,2026.89391210034,64.9434967,55.1955986,35.3788972368389,32.91440282212625,1.77423382325139,1.3358158736485914,0,0,0,0,0,0,0,1,0,0,0
thad1238,Thado Chin,Sino-Tibetan,519.0,,,4,,severely endangered,2,2694.73780859961,2026.89391210034,64.9434967,55.1955986,35.3788972368389,32.91440282212625,1.77423382325139,1.3358158736485914,0,0,0,0,0,0,0,1,0,0,0
tedi1235,Tedim Chin,Sino-Tibetan,519.0,,0,,,at risk,2,2694.73780859961,2026.89391210034,64.9434967,55.1955986,35.3788972368389,32.91440282212625,1.77423382325139,1.3358158736485914,0,0,0,0,0,0,0,1,0,0,0
pait1244,Paite Chin,Sino-Tibetan,519.0,,1,,,vulnerable,2,2694.73780859961,2026.89391210034,64.9434967,55.1955986,35.3788972368389,32.91440282212625,1.77423382325139,1.3358158736485914,0,0,0,0,0,0,0,1,0,0,0
simt1238,Simte,Sino-Tibetan,519.0,,2,,,threatened,1,2694.73780859961,2694.73780859961,64.9434967,64.9434967,35.3788972368389,35.3788972368389,1.77423382325139,1.77423382325139,0,0,0,0,0,0,0,1,0,0,0
zouu1235,Zou,Sino-Tibetan,519.0,,1,,,vulnerable,2,2694.73780859961,2026.89391210034,64.9434967,55.1955986,35.3788972368389,32.91440282212625,1.77423382325139,1.3358158736485914,0,0,0,0,0,0,0,1,0,0,0
gang1266,Gangte,Sino-Tibetan,519.0,,1,,,vulnerable,2,2694.73780859961,2026.89391210034,64.9434967,55.1955986,35.3788972368389,32.91440282212625,1.77423382325139,1.3358158736485914,0,0,0,0,0,0,0,1,0,0,0
vaip1239,Vaiphei,Sino-Tibetan,519.0,1,1,0,1,vulnerable,1,2694.73780859961,2694.73780859961,64.9434967,64.9434967,35.3788972368389,35.3788972368389,1.77423382325139,1.77423382325139,0,0,0,0,0,0,0,1,0,0,0
pank1249,Pangkhua,Sino-Tibetan,519.0,1,,0,0,vulnerable,3,2694.73780859961,2215.7346470028065,64.9434967,54.60430345333333,35.3788972368389,32.835708425527734,2.82015881681108,1.830596854702754,0,0,0,0,0,0,0,1,0,0,0
haka1240,Haka Chin,Sino-Tibetan,519.0,2,,2,2,threatened,3,2694.73780859961,2215.7346470028065,64.9434967,54.60430345333333,35.3788972368389,32.835708425527734,2.82015881681108,1.830596854702754,0,0,0,0,0,0,0,1,0,0,0
fala1243,Falam Chin,Sino-Tibetan,519.0,1,0,,0,vulnerable,3,2694.73780859961,2215.7346470028065,64.9434967,54.60430345333333,35.3788972368389,32.835708425527734,2.82015881681108,1.830596854702754,0,0,0,0,0,0,0,1,0,0,0
bawm1236,Bawm Chin,Sino-Tibetan,519.0,1,,0,0,vulnerable,3,2694.73780859961,2215.7346470028065,64.9434967,54.60430345333333,35.3788972368389,32.835708425527734,2.82015881681108,1.830596854702754,0,1,0,0,0,0,0,1,0,0,0
hmar1241,Hmar,Sino-Tibetan,519.0,0,,,1,vulnerable,1,2694.73780859961,2694.73780859961,64.9434967,64.9434967,35.3788972368389,35.3788972368389,1.77423382325139,1.77423382325139,0,0,0,0,0,0,0,1,0,0,0
biet1238,Biete,Sino-Tibetan,519.0,,1,,,vulnerable,1,2694.73780859961,2694.73780859961,64.9434967,64.9434967,35.3788972368389,35.3788972368389,1.77423382325139,1.77423382325139,0,0,0,0,0,0,0,1,0,0,0
mara1382,Mara,Sino-Tibetan,519.0,,1,,,vulnerable,2,2694.73780859961,2026.89391210034,64.9434967,55.1955986,35.3788972368389,32.91440282212625,1.77423382325139,1.3358158736485914,0,0,0,0,0,0,0,1,0,0,0
tara1313,Tarao,Sino-Tibetan,519.0,,3,,,endangered,1,2694.73780859961,2694.73780859961,64.9434967,64.9434967,35.3788972368389,35.3788972368389,1.77423382325139,1.77423382325139,0,0,0,0,0,0,0,1,0,0,0
komi1270,Kom (India),Sino-Tibetan,519.0,,1,,,vulnerable,1,2694.73780859961,2694.73780859961,64.9434967,64.9434967,35.3788972368389,35.3788972368389,1.77423382325139,1.77423382325139,0,1,0,0,0,0,0,1,0,0,0
koir1240,Koireng,Sino-Tibetan,519.0,,2,,0,vulnerable,1,2694.73780859961,2694.73780859961,64.9434967,64.9434967,35.3788972368389,35.3788972368389,1.77423382325139,1.77423382325139,0,0,0,0,0,0,0,1,0,0,0
lamk1238,Lamkang,Sino-Tibetan,519.0,3,2,,,endangered,2,2694.73780859961,2026.89391210034,64.9434967,55.1955986,35.3788972368389,32.91440282212625,1.77423382325139,1.3358158736485914,0,0,0,0,0,0,0,1,0,0,0
anal1239,Anal,Sino-Tibetan,519.0,,1,4,,endangered,2,2694.73780859961,2026.89391210034,64.9434967,55.1955986,35.3788972368389,32.91440282212625,1.77423382325139,1.3358158736485914,0,0,0,0,0,0,0,1,0,0,0
chir1283,Chiru,Sino-Tibetan,519.0,2,2,2,,threatened,1,2694.73780859961,2694.73780859961,64.9434967,64.9434967,35.3788972368389,35.3788972368389,1.77423382325139,1.77423382325139,0,0,0,0,0,0,0,1,0,0,0
aimo1244,Aimol,Sino-Tibetan,519.0,3,2,,,endangered,2,2694.73780859961,2071.023926591945,64.9434967,55.632698055,66.772343163029,51.07562019993395,1.77423382325139,0.9855282118977164,0,0,0,0,0,0,0,1,0,0,0
khez1235,Khezha Naga,Sino-Tibetan,519.0,,1,,,vulnerable,1,2694.73780859961,2694.73780859961,64.9434967,64.9434967,35.3788972368389,35.3788972368389,1.77423382325139,1.77423382325139,0,0,0,0,0,0,0,1,0,0,0
chok1243,Chokri Naga,Sino-Tibetan,519.0,,1,,,vulnerable,1,2694.73780859961,2694.73780859961,64.9434967,64.9434967,35.3788972368389,35.3788972368389,1.77423382325139,1.77423382325139,0,0,0,0,0,0,0,1,0,0,0
maon1238,Mao Naga,Sino-Tibetan,519.0,,1,,,vulnerable,1,2694.73780859961,2694.73780859961,64.9434967,64.9434967,35.3788972368389,35.3788972368389,1.77423382325139,1.77423382325139,0,0,0,0,0,0,0,1,0,0,0
sout2732,Southern Rengma Naga,Sino-Tibetan,519.0,3,1,2,1,threatened,1,2694.73780859961,2694.73780859961,64.9434967,64.9434967,35.3788972368389,35.3788972368389,1.77423382325139,1.77423382325139,0,0,0,0,0,0,0,1,0,0,0
sumi1235,Sumi Naga,Sino-Tibetan,519.0,,0,,,at risk,1,2694.73780859961,2694.73780859961,64.9434967,64.9434967,35.3788972368389,35.3788972368389,1.77423382325139,1.77423382325139,0,0,0,0,0,0,0,1,0,0,0
nort2725,Northern Rengma Naga,Sino-Tibetan,519.0,,2,,,threatened,1,2694.73780859961,2694.73780859961,64.9434967,64.9434967,35.3788972368389,35.3788972368389,1.77423382325139,1.77423382325139,0,0,0,0,0,0,0,1,0,0,0
poch1243,Pochuri Naga,Sino-Tibetan,519.0,,2,,,threatened,1,2694.73780859961,2694.73780859961,64.9434967,64.9434967,35.3788972368389,35.3788972368389,1.77423382325139,1.77423382325139,0,0,0,0,0,0,0,1,0,0,0
sang1321,Sangtam Naga,Sino-Tibetan,519.0,2,1,0,0,vulnerable,1,2694.73780859961,2694.73780859961,64.9434967,64.9434967,35.3788972368389,35.3788972368389,1.77423382325139,1.77423382325139,0,0,0,0,0,0,0,1,0,0,0
loth1237,Lotha Naga,Sino-Tibetan,519.0,,0,,,at risk,1,2694.73780859961,2694.73780859961,64.9434967,64.9434967,35.3788972368389,35.3788972368389,1.77423382325139,1.77423382325139,0,0,0,0,0,0,0,1,0,0,0
yimc1240,Yimchungru Naga,Sino-Tibetan,519.0,,1,,,vulnerable,1,2694.73780859961,2694.73780859961,64.9434967,64.9434967,35.3788972368389,35.3788972368389,1.77423382325139,1.77423382325139,0,0,0,0,0,0,0,1,0,0,0
para1302,Jejara Naga,Sino-Tibetan,519.0,1,2,,0,vulnerable,2,2694.73780859961,2026.89391210034,64.9434967,55.1955986,35.3788972368389,32.91440282212625,1.77423382325139,1.3358158736485914,0,0,0,0,0,0,0,1,0,0,0
karb1241,Hills Karbi,Sino-Tibetan,519.0,,0,,,at risk,1,2694.73780859961,2694.73780859961,64.9434967,64.9434967,35.3788972368389,35.3788972368389,1.77423382325139,1.77423382325139,0,0,0,0,0,0,0,1,0,0,0
rong1266,Rongmei Naga,Sino-Tibetan,519.0,,1,,,vulnerable,1,2694.73780859961,2694.73780859961,64.9434967,64.9434967,35.3788972368389,35.3788972368389,1.77423382325139,1.77423382325139,0,0,0,0,0,0,0,1,0,0,0
than1255,Thangal Naga,Sino-Tibetan,519.0,,1,,,vulnerable,1,2694.73780859961,2694.73780859961,64.9434967,64.9434967,35.3788972368389,35.3788972368389,1.77423382325139,1.77423382325139,0,0,0,0,0,0,0,1,0,0,0
mara1379,Maram Naga,Sino-Tibetan,519.0,,1,,,vulnerable,1,2694.73780859961,2694.73780859961,64.9434967,64.9434967,35.3788972368389,35.3788972368389,1.77423382325139,1.77423382325139,0,0,0,0,0,0,0,1,0,0,0
lian1251,Liangmai Naga,Sino-Tibetan,519.0,,1,,,vulnerable,1,2694.73780859961,2694.73780859961,64.9434967,64.9434967,35.3788972368389,35.3788972368389,1.77423382325139,1.77423382325139,0,0,0,0,0,0,0,1,0,0,0
mzie1235,Mzieme Naga,Sino-Tibetan,519.0,,1,,,vulnerable,1,2694.73780859961,2694.73780859961,64.9434967,64.9434967,35.3788972368389,35.3788972368389,1.77423382325139,1.77423382325139,0,0,0,0,0,0,0,1,0,0,0
zeme1240,Zeme Naga,Sino-Tibetan,519.0,2,1,,1,threatened,1,2694.73780859961,2694.73780859961,64.9434967,64.9434967,35.3788972368389,35.3788972368389,1.77423382325139,1.77423382325139,0,0,0,0,0,0,0,1,0,0,0
nort2732,Northern Tujia,Sino-Tibetan,519.0,4,1,5,,severely endangered,1,13303.1481543868,13303.1481543868,92.0,92.0,65.8946980998325,65.8946980998325,0.431708792065523,0.431708792065523,0,0,0,0,0,0,0,1,0,0,0
sout2739,Southern Tujia,Sino-Tibetan,519.0,4,2,5,4,severely endangered,1,13303.1481543868,13303.1481543868,92.0,92.0,65.8946980998325,65.8946980998325,0.431708792065523,0.431708792065523,0,0,0,0,0,0,0,1,0,0,0
ugon1239,Ugong,Sino-Tibetan,519.0,4,4,5,5,critically endangered,1,7346.62022142185,7346.62022142185,90.86718789,90.86718789,61.8689338391321,61.8689338391321,1.47434839627653,1.47434839627653,0,0,0,0,0,0,0,1,0,0,0
acha1249,Longchuan Achang,Sino-Tibetan,519.0,4,4,3,2,endangered,2,13303.1481543868,7331.099084993934,92.0,68.72385025,65.8946980998325,48.17230325362305,0.897397924045793,0.664553358055658,0,0,0,0,0,0,0,1,0,0,0
hpon1238,Hpon,Sino-Tibetan,519.0,,,,,dormant,1,1359.05001560107,1359.05001560107,45.4477005,45.4477005,30.4499084074136,30.4499084074136,0.897397924045793,0.897397924045793,0,0,0,0,0,0,0,1,0,0,0
pela1242,Pela,Sino-Tibetan,519.0,1,3,0,0,vulnerable,2,13303.1481543868,7331.099084993934,92.0,68.72385025,65.8946980998325,48.17230325362305,0.897397924045793,0.664553358055658,0,0,0,0,0,0,0,1,0,0,0
zauz1238,Zauzou,Sino-Tibetan,519.0,,2,,3,endangered,1,13303.1481543868,13303.1481543868,92.0,92.0,65.8946980998325,65.8946980998325,0.431708792065523,0.431708792065523,0,0,0,0,0,0,0,1,0,0,0
phuk1235,Phukha,Sino-Tibetan,519.0,,1,,,vulnerable,2,13303.1481543868,9010.219220855644,92.0,88.075,65.8946980998325,52.192384221425044,1.57144510714158,1.0015769496035516,0,0,0,0,0,0,0,1,0,0,0
moji1238,Moji,Sino-Tibetan,519.0,,,,1,vulnerable,1,13303.1481543868,13303.1481543868,92.0,92.0,65.8946980998325,65.8946980998325,0.431708792065523,0.431708792065523,0,0,0,0,0,0,0,1,0,0,0
lagh1245,Laghuu,Sino-Tibetan,519.0,,3,,,endangered,1,4717.29028732449,4717.29028732449,84.15,84.15,38.4900703430176,38.4900703430176,1.57144510714158,1.57144510714158,0,0,0,0,0,0,0,1,0,0,0
qila1235,Qila Muji,Sino-Tibetan,519.0,1,2,0,0,vulnerable,1,13303.1481543868,13303.1481543868,92.0,92.0,65.8946980998325,65.8946980998325,0.431708792065523,0.431708792065523,0,0,0,0,0,0,0,1,0,0,0
muzi1235,Muzi,Sino-Tibetan,519.0,,1,2,1,threatened,1,13303.1481543868,13303.1481543868,92.0,92.0,65.8946980998325,65.8946980998325,0.431708792065523,0.431708792065523,0,0,0,0,0,0,0,1,0,0,0
sout2722,Southern Muji,Sino-Tibetan,519.0,1,1,0,0,vulnerable,1,13303.1481543868,13303.1481543868,92.0,92.0,65.8946980998325,65.8946980998325,0.431708792065523,0.431708792065523,0,0,0,0,0,0,0,1,0,0,0
nort2716,Northern Muji,Sino-Tibetan,519.0,4,2,3,2,endangered,1,13303.1481543868,13303.1481543868,92.0,92.0,65.8946980998325,65.8946980998325,0.431708792065523,0.431708792065523,0,0,0,0,0,0,0,1,0,0,0
aluo1235,Aluo,Sino-Tibetan,519.0,,1,4,,endangered,1,13303.1481543868,13303.1481543868,92.0,92.0,65.8946980998325,65.8946980998325,0.431708792065523,0.431708792065523,0,0,0,0,0,0,0,1,0,0,0
same1240,Samei,Sino-Tibetan,519.0,,1,2,1,threatened,1,13303.1481543868,13303.1481543868,92.0,92.0,65.8946980998325,65.8946980998325,0.431708792065523,0.431708792065523,0,0,0,0,0,0,0,1,0,0,0
sani1265,Sanie,Sino-Tibetan,519.0,5,2,4,3,severely endangered,1,13303.1481543868,13303.1481543868,92.0,92.0,65.8946980998325,65.8946980998325,0.431708792065523,0.431708792065523,0,0,0,0,0,0,0,1,0,0,0
ches1238,Chesu,Sino-Tibetan,519.0,,2,3,,endangered,1,13303.1481543868,13303.1481543868,92.0,92.0,65.8946980998325,65.8946980998325,0.431708792065523,0.431708792065523,0,0,0,0,0,0,0,1,0,0,0
ayiz1244,Ayizi,Sino-Tibetan,519.0,,2,5,5,critically endangered,1,13303.1481543868,13303.1481543868,92.0,92.0,65.8946980998325,65.8946980998325,0.431708792065523,0.431708792065523,0,0,0,0,0,0,0,1,0,0,0
tang1372,Tanglang-Toloza,Sino-Tibetan,519.0,,3,1,,threatened,1,13303.1481543868,13303.1481543868,92.0,92.0,65.8946980998325,65.8946980998325,0.431708792065523,0.431708792065523,0,0,0,0,0,0,0,1,0,0,0
nalu1239,Naluo Yi,Sino-Tibetan,519.0,,1,,,vulnerable,1,13303.1481543868,13303.1481543868,92.0,92.0,65.8946980998325,65.8946980998325,0.431708792065523,0.431708792065523,0,0,0,0,0,0,0,1,0,0,0
talu1238,Lavu-Yongsheng-Talu,Sino-Tibetan,519.0,,1,,,vulnerable,1,13303.1481543868,13303.1481543868,92.0,92.0,65.8946980998325,65.8946980998325,0.431708792065523,0.431708792065523,0,0,0,0,0,0,0,1,0,0,0
xish1235,Xishanba Lalo,Sino-Tibetan,519.0,1,0,1,1,vulnerable,1,13303.1481543868,13303.1481543868,92.0,92.0,65.8946980998325,65.8946980998325,0.431708792065523,0.431708792065523,0,0,0,0,0,0,0,1,0,0,0
lamu1257,Lamu,Sino-Tibetan,519.0,,3,,,endangered,1,13303.1481543868,13303.1481543868,92.0,92.0,65.8946980998325,65.8946980998325,0.431708792065523,0.431708792065523,0,0,0,0,0,0,0,1,0,0,0
sama1296,Samatu,Sino-Tibetan,519.0,,3,5,5,critically endangered,1,13303.1481543868,13303.1481543868,92.0,92.0,65.8946980998325,65.8946980998325,0.431708792065523,0.431708792065523,0,0,0,0,0,0,0,1,0,0,0
hler1235,Hlersu,Sino-Tibetan,519.0,2,1,0,0,vulnerable,1,13303.1481543868,13303.1481543868,92.0,92.0,65.8946980998325,65.8946980998325,0.431708792065523,0.431708792065523,0,0,0,0,0,0,0,1,0,0,0
miqi1235,Miqie,Sino-Tibetan,519.0,4,2,2,1,threatened,1,13303.1481543868,13303.1481543868,92.0,92.0,65.8946980998325,65.8946980998325,0.431708792065523,0.431708792065523,0,0,0,0,0,0,0,1,0,0,0
sadu1234,Sadu,Sino-Tibetan,519.0,3,2,2,2,endangered,1,13303.1481543868,13303.1481543868,92.0,92.0,65.8946980998325,65.8946980998325,0.431708792065523,0.431708792065523,0,0,0,0,0,0,0,1,0,0,0
sama1295,Samatao,Sino-Tibetan,519.0,,3,5,5,critically endangered,1,13303.1481543868,13303.1481543868,92.0,92.0,65.8946980998325,65.8946980998325,0.431708792065523,0.431708792065523,0,0,0,0,0,0,0,1,0,0,0
kats1235,Katso,Sino-Tibetan,519.0,,2,2,2,threatened,1,13303.1481543868,13303.1481543868,92.0,92.0,65.8946980998325,65.8946980998325,0.431708792065523,0.431708792065523,0,0,0,0,0,0,0,1,0,0,0
kats1235,Katso,Sino-Tibetan,519.0,1,2,2,1,threatened,1,13303.1481543868,13303.1481543868,92.0,92.0,65.8946980998325,65.8946980998325,0.431708792065523,0.431708792065523,0,0,0,0,0,0,0,1,0,0,0
kuco1235,Kucong,Sino-Tibetan,519.0,,1,1,,vulnerable,2,13303.1481543868,9010.219220855644,92.0,88.075,65.8946980998325,52.192384221425044,1.57144510714158,1.0015769496035516,0,0,0,0,0,0,0,1,0,0,0
cosa1234,Cosao,Sino-Tibetan,519.0,,3,3,2,endangered,2,13303.1481543868,7713.563624268945,92.0,78.79634856999999,65.8946980998325,52.72495676998655,3.26799060616451,1.8498496991150164,0,0,0,0,0,0,0,1,0,0,0
phan1254,Phana',Sino-Tibetan,519.0,,3,,,endangered,2,13303.1481543868,7713.563624268945,92.0,78.79634856999999,65.8946980998325,52.72495676998655,3.26799060616451,1.8498496991150164,0,0,0,0,0,0,0,1,0,0,0
sila1247,Sila,Sino-Tibetan,519.0,,2,1,,threatened,3,13303.1481543868,6714.80584528746,92.0,80.58089904666667,65.8946980998325,47.979994627663565,3.26799060616451,1.7570481684572041,0,0,0,0,0,0,0,1,0,0,0
mpii1239,Mpi,Sino-Tibetan,519.0,,2,,3,endangered,1,7346.62022142185,7346.62022142185,90.86718789,90.86718789,61.8689338391321,61.8689338391321,1.47434839627653,1.47434839627653,0,0,0,0,0,0,0,1,0,0,0
kadu1253,Kaduo,Sino-Tibetan,519.0,1,0,0,0,vulnerable,2,13303.1481543868,7713.563624268945,92.0,78.79634856999999,65.8946980998325,52.72495676998655,3.26799060616451,1.8498496991150164,0,0,0,0,0,0,0,1,0,0,0
muda1235,Muda,Sino-Tibetan,519.0,,2,,,threatened,1,13303.1481543868,13303.1481543868,92.0,92.0,65.8946980998325,65.8946980998325,0.431708792065523,0.431708792065523,0,0,0,0,0,0,0,1,0,0,0
chep1243,Chepya,Sino-Tibetan,519.0,,2,,,threatened,2,13303.1481543868,7713.563624268945,92.0,78.79634856999999,65.8946980998325,52.72495676998655,3.26799060616451,1.8498496991150164,0,0,0,0,0,0,0,1,0,0,0
akeu1235,Akeu,Sino-Tibetan,519.0,,2,,,threatened,4,13303.1481543868,6033.199371390203,92.0,73.4768963825,65.8946980998325,49.4421889466297,3.26799060616451,1.517861429638089,0,0,0,0,0,0,0,1,0,0,0
sang1320,Sangkong,Sino-Tibetan,519.0,,2,,,threatened,1,13303.1481543868,13303.1481543868,92.0,92.0,65.8946980998325,65.8946980998325,0.431708792065523,0.431708792065523,0,0,0,0,0,0,0,1,0,0,0
coon1239,Côông,Sino-Tibetan,519.0,,3,4,,severely endangered,1,4717.29028732449,4717.29028732449,84.15,84.15,38.4900703430176,38.4900703430176,1.57144510714158,1.57144510714158,0,0,0,0,0,0,0,1,0,0,0
phun1245,Phunoi,Sino-Tibetan,519.0,,1,,,vulnerable,2,7346.62022142185,4735.299657786471,90.86718789,78.229942515,61.8689338391321,50.71207463963635,3.26799060616451,2.37116950122052,0,0,0,0,0,0,0,1,0,0,0
laom1237,Laomian,Sino-Tibetan,519.0,2,2,,1,threatened,2,13303.1481543868,7331.099084993934,92.0,68.72385025,65.8946980998325,48.17230325362305,0.897397924045793,0.664553358055658,0,0,0,0,0,0,0,1,0,0,0
bisu1244,Bisu,Sino-Tibetan,519.0,,2,,,threatened,4,13303.1481543868,6033.199371390203,92.0,73.4768963825,65.8946980998325,49.4421889466297,3.26799060616451,1.517861429638089,0,0,0,0,0,0,0,1,0,0,0
buyu1238,Buyuan Jinuo,Sino-Tibetan,519.0,,3,,,endangered,1,13303.1481543868,13303.1481543868,92.0,92.0,65.8946980998325,65.8946980998325,0.431708792065523,0.431708792065523,0,0,0,0,0,0,0,1,0,0,0
youl1235,Youle Jinuo,Sino-Tibetan,519.0,,2,,4,severely endangered,1,13303.1481543868,13303.1481543868,92.0,92.0,65.8946980998325,65.8946980998325,0.431708792065523,0.431708792065523,0,0,0,0,0,0,0,1,0,0,0
kath1251,Thou-Kathu,Sino-Tibetan,519.0,,2,1,,threatened,1,13303.1481543868,13303.1481543868,92.0,92.0,65.8946980998325,65.8946980998325,0.431708792065523,0.431708792065523,0,0,0,0,0,0,0,1,0,0,0
maan1239,Maang,Sino-Tibetan,519.0,,2,,,threatened,2,13303.1481543868,9010.219220855644,92.0,88.075,65.8946980998325,52.192384221425044,1.57144510714158,1.0015769496035516,0,0,0,0,0,0,0,1,0,0,0
guiq1238,Guiqiong,Sino-Tibetan,519.0,4,2,3,2,endangered,1,13303.1481543868,13303.1481543868,92.0,92.0,65.8946980998325,65.8946980998325,0.431708792065523,0.431708792065523,0,0,0,0,0,0,0,1,0,0,0
lizu1234,Lizu,Sino-Tibetan,519.0,4,2,3,2,endangered,1,13303.1481543868,13303.1481543868,92.0,92.0,65.8946980998325,65.8946980998325,0.431708792065523,0.431708792065523,0,0,0,0,0,0,0,1,0,0,0
ersu1241,Ersu,Sino-Tibetan,519.0,3,1,2,1,threatened,1,13303.1481543868,13303.1481543868,92.0,92.0,65.8946980998325,65.8946980998325,0.431708792065523,0.431708792065523,0,0,0,0,0,0,0,1,0,0,0
zhab1238,Zhaba,Sino-Tibetan,519.0,,2,1,,threatened,1,13303.1481543868,13303.1481543868,92.0,92.0,65.8946980998325,65.8946980998325,0.431708792065523,0.431708792065523,0,0,0,0,0,0,0,1,0,0,0
quey1238,Queyu,Sino-Tibetan,519.0,,2,,,threatened,1,13303.1481543868,13303.1481543868,92.0,92.0,65.8946980998325,65.8946980998325,0.431708792065523,0.431708792065523,0,0,0,0,0,0,0,1,0,0,0
sout2728,Southern Qiang,Sino-Tibetan,519.0,,,4,1,threatened,1,13303.1481543868,13303.1481543868,92.0,92.0,65.8946980998325,65.8946980998325,0.431708792065523,0.431708792065523,0,0,0,0,0,0,0,1,0,0,0
nort2722,Northern Qiang,Sino-Tibetan,519.0,,,4,1,threatened,1,13303.1481543868,13303.1481543868,92.0,92.0,65.8946980998325,65.8946980998325,0.431708792065523,0.431708792065523,0,0,0,0,0,0,0,1,0,0,0
nort2723,Northern Pumi,Sino-Tibetan,519.0,,1,,,vulnerable,1,13303.1481543868,13303.1481543868,92.0,92.0,65.8946980998325,65.8946980998325,0.431708792065523,0.431708792065523,0,0,0,0,0,0,0,1,0,0,0
sout2729,Southern Pumi,Sino-Tibetan,519.0,,1,,,vulnerable,1,13303.1481543868,13303.1481543868,92.0,92.0,65.8946980998325,65.8946980998325,0.431708792065523,0.431708792065523,0,0,0,0,0,0,0,1,0,0,0
guan1266,Khroskyabs,Sino-Tibetan,519.0,,2,,,threatened,1,13303.1481543868,13303.1481543868,92.0,92.0,65.8946980998325,65.8946980998325,0.431708792065523,0.431708792065523,0,0,0,0,0,0,0,1,0,0,0
horp1239,Stau-Dgebshes,Sino-Tibetan,519.0,,1,,,vulnerable,1,13303.1481543868,13303.1481543868,92.0,92.0,65.8946980998325,65.8946980998325,0.431708792065523,0.431708792065523,0,0,0,0,0,0,0,1,0,0,0
horp1239,Stau-Dgebshes,Sino-Tibetan,519.0,2,3,1,0,threatened,1,13303.1481543868,13303.1481543868,92.0,92.0,65.8946980998325,65.8946980998325,0.431708792065523,0.431708792065523,0,0,0,0,0,0,0,1,0,0,0
shix1238,Shixing,Sino-Tibetan,519.0,2,2,2,0,threatened,1,13303.1481543868,13303.1481543868,92.0,92.0,65.8946980998325,65.8946980998325,0.431708792065523,0.431708792065523,0,0,0,0,0,0,0,1,0,0,0
namu1246,Namuyi,Sino-Tibetan,519.0,3,2,3,2,endangered,1,13303.1481543868,13303.1481543868,92.0,92.0,65.8946980998325,65.8946980998325,0.431708792065523,0.431708792065523,0,0,0,0,0,0,0,1,0,0,0
mruu1242,Mru,Sino-Tibetan,519.0,,1,,1,vulnerable,3,2694.73780859961,2215.7346470028065,64.9434967,54.60430345333333,35.3788972368389,32.835708425527734,2.82015881681108,1.830596854702754,0,0,0,0,0,0,0,1,0,0,0
kana1283,Kanashi,Sino-Tibetan,519.0,,2,,,threatened,1,2694.73780859961,2694.73780859961,64.9434967,64.9434967,35.3788972368389,35.3788972368389,1.77423382325139,1.77423382325139,0,0,0,0,0,0,0,1,0,0,0
kinn1249,Kinnauri,Sino-Tibetan,519.0,3,1,2,2,threatened,2,13303.1481543868,7998.942981493205,92.0,78.47174835,65.8946980998325,50.6367976683357,1.77423382325139,1.1029713076584564,0,0,0,0,0,0,0,1,0,0,0
jang1254,Jangshung,Sino-Tibetan,519.0,,2,,,threatened,1,2694.73780859961,2694.73780859961,64.9434967,64.9434967,35.3788972368389,35.3788972368389,1.77423382325139,1.77423382325139,0,0,0,0,0,0,0,1,0,0,0
patt1248,Pattani,Sino-Tibetan,519.0,1,1,,,vulnerable,1,2694.73780859961,2694.73780859961,64.9434967,64.9434967,35.3788972368389,35.3788972368389,1.77423382325139,1.77423382325139,0,0,0,0,0,0,0,1,0,0,0
tina1246,Tinani,Sino-Tibetan,519.0,2,,,,threatened,2,13303.1481543868,7998.942981493205,92.0,78.47174835,65.8946980998325,50.6367976683357,1.77423382325139,1.1029713076584564,0,0,0,0,0,0,0,1,0,0,0
gahr1239,Bunan,Sino-Tibetan,519.0,2,2,1,1,threatened,1,2694.73780859961,2694.73780859961,64.9434967,64.9434967,35.3788972368389,35.3788972368389,1.77423382325139,1.77423382325139,0,0,0,0,0,0,0,1,0,0,0
rong1264,Rongpo,Sino-Tibetan,519.0,3,1,,,threatened,1,2694.73780859961,2694.73780859961,64.9434967,64.9434967,35.3788972368389,35.3788972368389,1.77423382325139,1.77423382325139,0,0,0,0,0,0,0,1,0,0,0
chau1259,Chaudangsi,Sino-Tibetan,519.0,4,2,,,endangered,2,2694.73780859961,2071.023926591945,64.9434967,55.632698055,66.772343163029,51.07562019993395,1.77423382325139,0.9855282118977164,0,0,0,0,0,0,0,1,0,0,0
byan1241,Byangsi,Sino-Tibetan,519.0,2,2,,,threatened,2,2694.73780859961,2071.023926591945,64.9434967,55.632698055,66.772343163029,51.07562019993395,1.77423382325139,0.9855282118977164,0,0,0,0,0,0,0,1,0,0,0
darm1243,Darma,Sino-Tibetan,519.0,3,2,2,1,threatened,2,2694.73780859961,2071.023926591945,64.9434967,55.632698055,66.772343163029,51.07562019993395,1.77423382325139,0.9855282118977164,0,0,0,0,0,0,0,1,0,0,0
kaik1246,Kaike,Sino-Tibetan,519.0,1,3,0,0,vulnerable,1,1447.31004458428,1447.31004458428,46.32189941,46.32189941,66.772343163029,66.772343163029,0.196822600544043,0.196822600544043,0,0,0,0,0,0,0,1,0,0,0
sout2715,Southern Ghale,Sino-Tibetan,519.0,2,2,0,0,vulnerable,1,1447.31004458428,1447.31004458428,46.32189941,46.32189941,66.772343163029,66.772343163029,0.196822600544043,0.196822600544043,0,0,0,0,0,0,0,1,0,0,0
seke1240,Seke (Nepal),Sino-Tibetan,519.0,,2,,,threatened,1,1447.31004458428,1447.31004458428,46.32189941,46.32189941,66.772343163029,66.772343163029,0.196822600544043,0.196822600544043,0,0,0,0,0,0,0,1,0,0,0
guru1261,Gurung,Sino-Tibetan,519.0,2,0,2,2,threatened,3,3831.32535494609,2657.7910693766603,91.27739716,67.51426442333333,66.772343163029,48.23858846006971,2.61867173932571,1.5299093877070475,0,0,0,0,0,0,0,1,0,0,0
mana1288,Manange,Sino-Tibetan,519.0,,2,,,threatened,1,1447.31004458428,1447.31004458428,46.32189941,46.32189941,66.772343163029,66.772343163029,0.196822600544043,0.196822600544043,0,0,0,0,0,0,0,1,0,0,0
narp1239,Nar Phu,Sino-Tibetan,519.0,,3,,,endangered,1,1447.31004458428,1447.31004458428,46.32189941,46.32189941,66.772343163029,66.772343163029,0.196822600544043,0.196822600544043,0,0,0,0,0,0,0,1,0,0,0
thak1245,Thakali,Sino-Tibetan,519.0,,2,,,threatened,1,1447.31004458428,1447.31004458428,46.32189941,46.32189941,66.772343163029,66.772343163029,0.196822600544043,0.196822600544043,0,0,0,0,0,0,0,1,0,0,0
chan1310,Chantyal,Sino-Tibetan,519.0,,2,,,threatened,1,1447.31004458428,1447.31004458428,46.32189941,46.32189941,66.772343163029,66.772343163029,0.196822600544043,0.196822600544043,0,0,0,0,0,0,0,1,0,0,0
balt1258,Balti,Sino-Tibetan,519.0,0,0,0,,at risk,2,2694.73780859961,2086.755294189785,64.9434967,61.09824835,39.1734368360905,37.2761670364647,2.41802539576733,2.09612960950936,0,0,0,0,0,0,0,1,0,0,0
puri1258,Purik-Sham-Nubra,Sino-Tibetan,519.0,,0,,,at risk,2,2694.73780859961,2086.755294189785,64.9434967,61.09824835,39.1734368360905,37.2761670364647,2.41802539576733,2.09612960950936,0,0,0,0,0,0,0,1,0,0,0
zang1248,Zangskari,Sino-Tibetan,519.0,,2,,,threatened,2,2694.73780859961,2086.755294189785,64.9434967,61.09824835,39.1734368360905,37.2761670364647,2.41802539576733,2.09612960950936,0,0,0,0,0,0,0,1,0,0,0
lada1244,Leh Ladakhi,Sino-Tibetan,519.0,4,0,3,1,threatened,2,13303.1481543868,7998.942981493205,92.0,78.47174835,65.8946980998325,50.6367976683357,1.77423382325139,1.1029713076584564,0,0,0,0,0,0,0,1,0,0,0
spit1240,Spiti Bhoti,Sino-Tibetan,519.0,,2,,,threatened,2,2694.73780859961,2086.755294189785,64.9434967,61.09824835,39.1734368360905,37.2761670364647,2.41802539576733,2.09612960950936,0,0,0,0,0,0,0,1,0,0,0
jadd1243,Jad,Sino-Tibetan,519.0,3,2,,,endangered,2,2694.73780859961,2086.755294189785,64.9434967,61.09824835,39.1734368360905,37.2761670364647,2.41802539576733,2.09612960950936,0,0,0,0,0,0,0,1,0,0,0
baim1244,Baima,Sino-Tibetan,519.0,2,1,2,1,threatened,1,13303.1481543868,13303.1481543868,92.0,92.0,65.8946980998325,65.8946980998325,0.431708792065523,0.431708792065523,0,0,0,0,0,0,0,1,0,0,0
chon1285,Choni,Sino-Tibetan,519.0,,0,,,at risk,1,13303.1481543868,13303.1481543868,92.0,92.0,65.8946980998325,65.8946980998325,0.431708792065523,0.431708792065523,0,0,0,0,0,0,0,1,0,0,0
brok1249,Dur Brokkat,Sino-Tibetan,519.0,,3,,,endangered,1,3831.32535494609,3831.32535494609,91.27739716,91.27739716,42.5645249803412,42.5645249803412,2.61867173932571,2.61867173932571,0,0,0,0,0,0,0,1,0,0,0
brok1248,Brokpake,Sino-Tibetan,519.0,,2,,,threatened,2,3831.32535494609,3263.03158177285,91.27739716,78.11044693,42.5645249803412,38.97171110859005,2.61867173932571,2.19645278128855,0,0,0,0,0,0,0,1,0,0,0
lakh1240,Lakha,Sino-Tibetan,519.0,,2,,,threatened,1,3831.32535494609,3831.32535494609,91.27739716,91.27739716,42.5645249803412,42.5645249803412,2.61867173932571,2.61867173932571,0,0,0,0,0,0,0,1,0,0,0
kham1283,Khamba,Sino-Tibetan,519.0,,2,,,threatened,1,2694.73780859961,2694.73780859961,64.9434967,64.9434967,35.3788972368389,35.3788972368389,1.77423382325139,1.77423382325139,0,0,0,0,0,0,0,1,0,0,0
choc1275,Chocangacakha,Sino-Tibetan,519.0,,1,,,vulnerable,1,3831.32535494609,3831.32535494609,91.27739716,91.27739716,42.5645249803412,42.5645249803412,2.61867173932571,2.61867173932571,0,0,0,0,0,0,0,1,0,0,0
lhom1239,Lhomi,Sino-Tibetan,519.0,2,1,,0,vulnerable,3,13303.1481543868,5815.065335856896,92.0,67.75513203666667,66.772343163029,56.01531283323347,1.77423382325139,0.8009217386203186,0,0,0,0,0,0,0,1,0,0,0
walu1241,Walungge,Sino-Tibetan,519.0,,2,,1,threatened,2,2694.73780859961,2071.023926591945,64.9434967,55.632698055,66.772343163029,51.07562019993395,1.77423382325139,0.9855282118977164,0,0,0,0,0,0,0,1,0,0,0
dolp1239,Dolpo,Sino-Tibetan,519.0,,2,,,threatened,2,13303.1481543868,7375.229099485539,92.0,69.16094970500001,66.772343163029,66.33352063143076,0.431708792065523,0.31426569630478296,0,0,0,0,0,0,0,1,0,0,0
tsum1240,Tsum,Sino-Tibetan,519.0,,2,,,threatened,2,13303.1481543868,7375.229099485539,92.0,69.16094970500001,66.772343163029,66.33352063143076,0.431708792065523,0.31426569630478296,0,0,0,0,0,0,0,1,0,0,0
nubr1241,Gyalsumdo-Nubri,Sino-Tibetan,519.0,,2,,,threatened,2,13303.1481543868,7375.229099485539,92.0,69.16094970500001,66.772343163029,66.33352063143076,0.431708792065523,0.31426569630478296,0,0,0,0,0,0,0,1,0,0,0
kaga1252,Kagate,Sino-Tibetan,519.0,2,2,0,0,vulnerable,1,1447.31004458428,1447.31004458428,46.32189941,46.32189941,66.772343163029,66.772343163029,0.196822600544043,0.196822600544043,0,0,0,0,0,0,0,1,0,0,0
hela1238,Lamjung-Melamchi Yolmo,Sino-Tibetan,519.0,2,2,0,1,threatened,1,1447.31004458428,1447.31004458428,46.32189941,46.32189941,66.772343163029,66.772343163029,0.196822600544043,0.196822600544043,0,0,0,0,0,0,0,1,0,0,0
jire1238,Jirel,Sino-Tibetan,519.0,,2,,,threatened,1,1447.31004458428,1447.31004458428,46.32189941,46.32189941,66.772343163029,66.772343163029,0.196822600544043,0.196822600544043,0,0,0,0,0,0,0,1,0,0,0
sher1255,Solu-Khumbu Sherpa,Sino-Tibetan,519.0,3,1,2,1,threatened,3,13303.1481543868,5815.065335856896,92.0,67.75513203666667,66.772343163029,56.01531283323347,1.77423382325139,0.8009217386203186,0,0,0,0,0,0,0,1,0,0,0
nyen1254,Upper Mangdep,Sino-Tibetan,519.0,2,2,1,0,vulnerable,1,3831.32535494609,3831.32535494609,91.27739716,91.27739716,42.5645249803412,42.5645249803412,2.61867173932571,2.61867173932571,0,0,0,0,0,0,0,1,0,0,0
chal1267,Chalikha,Sino-Tibetan,519.0,,2,,,threatened,1,3831.32535494609,3831.32535494609,91.27739716,91.27739716,42.5645249803412,42.5645249803412,2.61867173932571,2.61867173932571,0,0,0,0,0,0,0,1,0,0,0
khen1241,Khengkha,Sino-Tibetan,519.0,,1,,,vulnerable,1,3831.32535494609,3831.32535494609,91.27739716,91.27739716,42.5645249803412,42.5645249803412,2.61867173932571,2.61867173932571,0,0,0,0,0,0,0,1,0,0,0
kurt1248,Kurtokha,Sino-Tibetan,519.0,,1,,,vulnerable,2,13303.1481543868,8567.236754666445,92.0,91.63869858000001,65.8946980998325,54.22961154008685,2.61867173932571,1.5251902656956164,0,0,0,0,0,0,0,1,0,0,0
dakp1242,Dakpakha,Sino-Tibetan,519.0,,1,,,vulnerable,2,3831.32535494609,3263.03158177285,91.27739716,78.11044693,42.5645249803412,38.97171110859005,2.61867173932571,2.19645278128855,0,0,0,0,0,0,0,1,0,0,0
miju1243,Kman,Sino-Tibetan,519.0,,2,,,threatened,2,13303.1481543868,7998.942981493205,92.0,78.47174835,65.8946980998325,50.6367976683357,1.77423382325139,1.1029713076584564,0,0,0,0,0,0,0,1,0,0,0
zakh1243,Zakhring,Sino-Tibetan,519.0,,3,,,endangered,2,13303.1481543868,7998.942981493205,92.0,78.47174835,65.8946980998325,50.6367976683357,1.77423382325139,1.1029713076584564,0,0,0,0,0,0,0,1,0,0,0
ticu1245,Ticuna,Ticuna-Yuri,2.0,,1,,,vulnerable,3,10310.5488778166,8894.043138878753,84.46347227,81.92198839333334,87.8958549533146,83.86940303332052,1.57651042813743,1.2295158976876388,0,0,0,0,0,0,0,0,0,0,1
wori1246,Woria,Geelvink Bay,10.0,,5,,,critically endangered,1,4925.43048751861,4925.43048751861,72.78075544,72.78075544,58.7509635387997,58.7509635387997,1.89719567962498,1.89719567962498,0,0,0,0,0,0,0,0,0,1,0
tefa1238,Tefaro,Geelvink Bay,10.0,,3,,,endangered,1,4925.43048751861,4925.43048751861,72.78075544,72.78075544,58.7509635387997,58.7509635387997,1.89719567962498,1.89719567962498,0,0,0,0,0,0,0,0,0,1,0
demi1242,Demisa,Geelvink Bay,10.0,,3,,,endangered,1,4925.43048751861,4925.43048751861,72.78075544,72.78075544,58.7509635387997,58.7509635387997,1.89719567962498,1.89719567962498,0,0,0,0,0,0,0,0,0,1,0
saur1251,Sauri,Geelvink Bay,10.0,,3,2,,endangered,1,4925.43048751861,4925.43048751861,72.78075544,72.78075544,58.7509635387997,58.7509635387997,1.89719567962498,1.89719567962498,0,0,0,0,0,0,0,0,0,1,0
kofe1239,Kofei,Geelvink Bay,10.0,,3,,,endangered,1,4925.43048751861,4925.43048751861,72.78075544,72.78075544,58.7509635387997,58.7509635387997,1.89719567962498,1.89719567962498,0,0,0,0,0,0,0,0,0,1,0
bura1276,Burate,Geelvink Bay,10.0,,3,,,endangered,1,4925.43048751861,4925.43048751861,72.78075544,72.78075544,58.7509635387997,58.7509635387997,1.89719567962498,1.89719567962498,0,0,0,0,0,0,0,0,0,1,0
warr1255,Warrgamay,Pama-Nyungan,250.0,,5,,,critically endangered,1,64603.9856308464,64603.9856308464,96.13140106,96.13140106,87.6021469990446,87.6021469990446,2.12571289816265,2.12571289816265,0,0,0,0,0,0,1,0,0,0,0
dyir1250,Dyirbal,Pama-Nyungan,250.0,5,5,5,4,critically endangered,1,64603.9856308464,64603.9856308464,96.13140106,96.13140106,87.6021469990446,87.6021469990446,2.12571289816265,2.12571289816265,0,0,0,0,0,0,1,0,0,0,0
kala1377,Kala Lagaw Ya,Pama-Nyungan,250.0,4,3,3,3,severely endangered,1,64603.9856308464,64603.9856308464,96.13140106,96.13140106,87.6021469990446,87.6021469990446,2.12571289816265,2.12571289816265,0,0,0,0,0,0,1,0,0,0,0
waru1265,Warumungu,Pama-Nyungan,250.0,,4,,,severely endangered,1,64603.9856308464,64603.9856308464,96.13140106,96.13140106,87.6021469990446,87.6021469990446,2.12571289816265,2.12571289816265,0,0,0,0,0,0,1,0,0,0,0
mang1383,Mangala,Pama-Nyungan,250.0,,4,,,severely endangered,1,64603.9856308464,64603.9856308464,96.13140106,96.13140106,87.6021469990446,87.6021469990446,2.12571289816265,2.12571289816265,0,0,0,0,0,0,1,0,0,0,0
nyan1301,Nyangumarta,Pama-Nyungan,250.0,,3,,,endangered,1,64603.9856308464,64603.9856308464,96.13140106,96.13140106,87.6021469990446,87.6021469990446,2.12571289816265,2.12571289816265,0,0,0,0,0,0,1,0,0,0,0
kara1476,Karadjeri,Pama-Nyungan,250.0,3,4,5,5,critically endangered,1,64603.9856308464,64603.9856308464,96.13140106,96.13140106,87.6021469990446,87.6021469990446,2.12571289816265,2.12571289816265,0,0,0,0,0,0,1,0,0,0,0
koka1244,Kokata,Pama-Nyungan,250.0,,5,,,critically endangered,1,64603.9856308464,64603.9856308464,96.13140106,96.13140106,87.6021469990446,87.6021469990446,2.12571289816265,2.12571289816265,0,0,0,0,0,0,1,0,0,0,0
anta1253,Antakarinya,Pama-Nyungan,250.0,,4,,,severely endangered,1,64603.9856308464,64603.9856308464,96.13140106,96.13140106,87.6021469990446,87.6021469990446,2.12571289816265,2.12571289816265,0,0,0,0,0,0,1,0,0,0,0
pini1245,Lake Carnegie Western Desert,Pama-Nyungan,250.0,,4,,,severely endangered,1,64603.9856308464,64603.9856308464,96.13140106,96.13140106,87.6021469990446,87.6021469990446,2.12571289816265,2.12571289816265,0,0,0,0,0,0,1,0,0,0,0
kuka1246,Kukatja,Pama-Nyungan,250.0,3,2,0,0,vulnerable,1,64603.9856308464,64603.9856308464,96.13140106,96.13140106,87.6021469990446,87.6021469990446,2.12571289816265,2.12571289816265,0,0,0,0,0,0,1,0,0,0,0
pint1250,Pintupi-Luritja,Pama-Nyungan,250.0,,2,,,threatened,1,64603.9856308464,64603.9856308464,96.13140106,96.13140106,87.6021469990446,87.6021469990446,2.12571289816265,2.12571289816265,0,0,0,0,0,0,1,0,0,0,0
pint1251,Pintiini,Pama-Nyungan,250.0,,3,,,endangered,1,64603.9856308464,64603.9856308464,96.13140106,96.13140106,87.6021469990446,87.6021469990446,2.12571289816265,2.12571289816265,0,0,0,0,0,0,1,0,0,0,0
pitj1243,Pitjantjatjara,Pama-Nyungan,250.0,3,2,0,0,vulnerable,1,64603.9856308464,64603.9856308464,96.13140106,96.13140106,87.6021469990446,87.6021469990446,2.12571289816265,2.12571289816265,0,0,0,0,0,0,1,0,0,0,0
yank1247,Yankunytjatjara,Pama-Nyungan,250.0,4,4,5,5,critically endangered,1,64603.9856308464,64603.9856308464,96.13140106,96.13140106,87.6021469990446,87.6021469990446,2.12571289816265,2.12571289816265,0,0,0,0,0,0,1,0,0,0,0
ngaa1240,Ngaanyatjarra,Pama-Nyungan,250.0,,2,,,threatened,1,64603.9856308464,64603.9856308464,96.13140106,96.13140106,87.6021469990446,87.6021469990446,2.12571289816265,2.12571289816265,0,0,0,0,0,0,1,0,0,0,0
ngaa1240,Ngaanyatjarra,Pama-Nyungan,250.0,,4,,,severely endangered,1,64603.9856308464,64603.9856308464,96.13140106,96.13140106,87.6021469990446,87.6021469990446,2.12571289816265,2.12571289816265,0,0,0,0,0,0,1,0,0,0,0
yulp1239,Yulparija,Pama-Nyungan,250.0,,4,,,severely endangered,1,64603.9856308464,64603.9856308464,96.13140106,96.13140106,87.6021469990446,87.6021469990446,2.12571289816265,2.12571289816265,0,0,0,0,0,0,1,0,0,0,0
mart1256,Martu Wangka,Pama-Nyungan,250.0,,3,,,endangered,1,64603.9856308464,64603.9856308464,96.13140106,96.13140106,87.6021469990446,87.6021469990446,2.12571289816265,2.12571289816265,0,0,0,0,0,0,1,0,0,0,0
wanm1242,Wanman,Pama-Nyungan,250.0,,4,,,severely endangered,1,64603.9856308464,64603.9856308464,96.13140106,96.13140106,87.6021469990446,87.6021469990446,2.12571289816265,2.12571289816265,0,0,0,0,0,0,1,0,0,0,0
warl1254,Warlpiri,Pama-Nyungan,250.0,1,2,,1,threatened,1,64603.9856308464,64603.9856308464,96.13140106,96.13140106,87.6021469990446,87.6021469990446,2.12571289816265,2.12571289816265,0,0,0,0,0,0,1,0,0,0,0
warl1255,Warlmanpa,Pama-Nyungan,250.0,,4,,,severely endangered,1,64603.9856308464,64603.9856308464,96.13140106,96.13140106,87.6021469990446,87.6021469990446,2.12571289816265,2.12571289816265,0,0,0,0,0,0,1,0,0,0,0
ngar1288,Ngardi,Pama-Nyungan,250.0,,4,,,severely endangered,1,64603.9856308464,64603.9856308464,96.13140106,96.13140106,87.6021469990446,87.6021469990446,2.12571289816265,2.12571289816265,0,0,0,0,0,0,1,0,0,0,0
walm1241,Walmajarri-Juwaliny,Pama-Nyungan,250.0,,3,,,endangered,1,64603.9856308464,64603.9856308464,96.13140106,96.13140106,87.6021469990446,87.6021469990446,2.12571289816265,2.12571289816265,0,0,0,0,0,0,1,0,0,0,0
jaru1254,Jaru,Pama-Nyungan,250.0,4,3,2,1,endangered,1,64603.9856308464,64603.9856308464,96.13140106,96.13140106,87.6021469990446,87.6021469990446,2.12571289816265,2.12571289816265,0,0,0,0,0,0,1,0,0,0,0
mudb1240,Mudburra,Pama-Nyungan,250.0,4,4,5,5,critically endangered,1,64603.9856308464,64603.9856308464,96.13140106,96.13140106,87.6021469990446,87.6021469990446,2.12571289816265,2.12571289816265,0,0,0,0,0,0,1,0,0,0,0
guri1247,Gurindji,Pama-Nyungan,250.0,,3,,,endangered,1,64603.9856308464,64603.9856308464,96.13140106,96.13140106,87.6021469990446,87.6021469990446,2.12571289816265,2.12571289816265,0,0,0,0,0,0,1,0,0,0,0
ngar1235,Ngarinman,Pama-Nyungan,250.0,,3,,,endangered,1,64603.9856308464,64603.9856308464,96.13140106,96.13140106,87.6021469990446,87.6021469990446,2.12571289816265,2.12571289816265,0,0,0,0,0,0,1,0,0,0,0
ngan1296,Nganyaywana,Pama-Nyungan,250.0,,,,,dormant,1,64603.9856308464,64603.9856308464,96.13140106,96.13140106,87.6021469990446,87.6021469990446,2.12571289816265,2.12571289816265,0,0,0,0,0,0,1,0,0,0,0
dyan1250,Dyangadi,Pama-Nyungan,250.0,,,,,awakening,1,64603.9856308464,64603.9856308464,96.13140106,96.13140106,87.6021469990446,87.6021469990446,2.12571289816265,2.12571289816265,0,0,0,0,0,0,1,0,0,0,0
gugu1256,Roth's Gugu Warra,Pama-Nyungan,250.0,,,,,dormant,1,64603.9856308464,64603.9856308464,96.13140106,96.13140106,87.6021469990446,87.6021469990446,2.12571289816265,2.12571289816265,0,0,0,0,0,0,1,0,0,0,0
yala1262,Yalarnnga,Pama-Nyungan,250.0,,,,,dormant,1,64603.9856308464,64603.9856308464,96.13140106,96.13140106,87.6021469990446,87.6021469990446,2.12571289816265,2.12571289816265,0,0,0,0,0,0,1,0,0,0,0
kalk1246,Kalkatungu,Pama-Nyungan,250.0,,,,,dormant,1,64603.9856308464,64603.9856308464,96.13140106,96.13140106,87.6021469990446,87.6021469990446,2.12571289816265,2.12571289816265,0,0,0,0,0,0,1,0,0,0,0
yuga1244,Yugambal,Pama-Nyungan,250.0,,5,,,critically endangered,1,64603.9856308464,64603.9856308464,96.13140106,96.13140106,87.6021469990446,87.6021469990446,2.12571289816265,2.12571289816265,0,0,0,0,0,0,1,0,0,0,0
biga1237,Bigambal,Pama-Nyungan,250.0,,,,,dormant,1,64603.9856308464,64603.9856308464,96.13140106,96.13140106,87.6021469990446,87.6021469990446,2.12571289816265,2.12571289816265,0,0,0,0,0,0,1,0,0,0,0
guga1239,Gugadj,Pama-Nyungan,250.0,,,,,dormant,1,64603.9856308464,64603.9856308464,96.13140106,96.13140106,87.6021469990446,87.6021469990446,2.12571289816265,2.12571289816265,0,0,0,0,0,0,1,0,0,0,0
maya1280,Mayaguduna,Pama-Nyungan,250.0,,5,,,critically endangered,1,64603.9856308464,64603.9856308464,96.13140106,96.13140106,87.6021469990446,87.6021469990446,2.12571289816265,2.12571289816265,0,0,0,0,0,0,1,0,0,0,0
ngaw1240,Ngawun,Pama-Nyungan,250.0,,5,,,critically endangered,1,64603.9856308464,64603.9856308464,96.13140106,96.13140106,87.6021469990446,87.6021469990446,2.12571289816265,2.12571289816265,0,0,0,0,0,0,1,0,0,0,0
mbar1253,Rimanggudhinma,Pama-Nyungan,250.0,,5,,,critically endangered,1,64603.9856308464,64603.9856308464,96.13140106,96.13140106,87.6021469990446,87.6021469990446,2.12571289816265,2.12571289816265,0,0,0,0,0,0,1,0,0,0,0
lamu1254,Lamalama,Pama-Nyungan,250.0,,5,,,critically endangered,1,64603.9856308464,64603.9856308464,96.13140106,96.13140106,87.6021469990446,87.6021469990446,2.12571289816265,2.12571289816265,0,0,0,0,0,0,1,0,0,0,0
umbu1256,Umbuygamu,Pama-Nyungan,250.0,,5,,,critically endangered,1,64603.9856308464,64603.9856308464,96.13140106,96.13140106,87.6021469990446,87.6021469990446,2.12571289816265,2.12571289816265,0,0,0,0,0,0,1,0,0,0,0
yiry1245,Yir-Yoront,Pama-Nyungan,250.0,,4,,,severely endangered,1,64603.9856308464,64603.9856308464,96.13140106,96.13140106,87.6021469990446,87.6021469990446,2.12571289816265,2.12571289816265,0,0,0,0,0,0,1,0,0,0,0
gugu1254,Gugubera,Pama-Nyungan,250.0,,4,4,,severely endangered,1,64603.9856308464,64603.9856308464,96.13140106,96.13140106,87.6021469990446,87.6021469990446,2.12571289816265,2.12571289816265,0,0,0,0,0,0,1,0,0,0,0
thay1249,Thayore,Pama-Nyungan,250.0,,3,,,endangered,1,64603.9856308464,64603.9856308464,96.13140106,96.13140106,87.6021469990446,87.6021469990446,2.12571289816265,2.12571289816265,0,0,0,0,0,0,1,0,0,0,0
kuuk1243,Kuuk-Yak,Pama-Nyungan,250.0,,,,,dormant,1,64603.9856308464,64603.9856308464,96.13140106,96.13140106,87.6021469990446,87.6021469990446,2.12571289816265,2.12571289816265,0,0,0,0,0,0,1,0,0,0,0
kokn1236,Kok-Nar,Pama-Nyungan,250.0,,,,,dormant,1,64603.9856308464,64603.9856308464,96.13140106,96.13140106,87.6021469990446,87.6021469990446,2.12571289816265,2.12571289816265,0,0,0,0,0,0,1,0,0,0,0
kuth1240,Kuthant,Pama-Nyungan,250.0,,5,,,critically endangered,1,64603.9856308464,64603.9856308464,96.13140106,96.13140106,87.6021469990446,87.6021469990446,2.12571289816265,2.12571289816265,0,0,0,0,0,0,1,0,0,0,0
areb1238,Areba,Pama-Nyungan,250.0,,5,,,critically endangered,1,64603.9856308464,64603.9856308464,96.13140106,96.13140106,87.6021469990446,87.6021469990446,2.12571289816265,2.12571289816265,0,0,0,0,0,0,1,0,0,0,0
gurd1238,Gurdjar,Pama-Nyungan,250.0,,5,5,5,critically endangered,1,64603.9856308464,64603.9856308464,96.13140106,96.13140106,87.6021469990446,87.6021469990446,2.12571289816265,2.12571289816265,0,0,0,0,0,0,1,0,0,0,0
mbab1239,Mbabaram,Pama-Nyungan,250.0,,,,,dormant,1,64603.9856308464,64603.9856308464,96.13140106,96.13140106,87.6021469990446,87.6021469990446,2.12571289816265,2.12571289816265,0,0,0,0,0,0,1,0,0,0,0
wami1239,Wamin,Pama-Nyungan,250.0,,5,5,5,critically endangered,1,64603.9856308464,64603.9856308464,96.13140106,96.13140106,87.6021469990446,87.6021469990446,2.12571289816265,2.12571289816265,0,0,0,0,0,0,1,0,0,0,0
mbiy1238,Mbiywom,Pama-Nyungan,250.0,,,,,dormant,1,64603.9856308464,64603.9856308464,96.13140106,96.13140106,87.6021469990446,87.6021469990446,2.12571289816265,2.12571289816265,0,0,0,0,0,0,1,0,0,0,0
atam1239,Atampaya,Pama-Nyungan,250.0,,5,,,critically endangered,1,64603.9856308464,64603.9856308464,96.13140106,96.13140106,87.6021469990446,87.6021469990446,2.12571289816265,2.12571289816265,0,0,0,0,0,0,1,0,0,0,0
alng1239,Alngith,Pama-Nyungan,250.0,,5,,,critically endangered,1,64603.9856308464,64603.9856308464,96.13140106,96.13140106,87.6021469990446,87.6021469990446,2.12571289816265,2.12571289816265,0,0,0,0,0,0,1,0,0,0,0
leni1238,Linngithigh,Pama-Nyungan,250.0,,,,,dormant,1,64603.9856308464,64603.9856308464,96.13140106,96.13140106,87.6021469990446,87.6021469990446,2.12571289816265,2.12571289816265,0,0,0,0,0,0,1,0,0,0,0
yang1305,Yangathimri,Pama-Nyungan,250.0,,4,,,severely endangered,1,64603.9856308464,64603.9856308464,96.13140106,96.13140106,87.6021469990446,87.6021469990446,2.12571289816265,2.12571289816265,0,0,0,0,0,0,1,0,0,0,0
thay1248,Thaypan,Pama-Nyungan,250.0,,,,,dormant,1,64603.9856308464,64603.9856308464,96.13140106,96.13140106,87.6021469990446,87.6021469990446,2.12571289816265,2.12571289816265,0,0,0,0,0,0,1,0,0,0,0
kunj1245,Kunjen,Pama-Nyungan,250.0,3,4,5,5,critically endangered,1,64603.9856308464,64603.9856308464,96.13140106,96.13140106,87.6021469990446,87.6021469990446,2.12571289816265,2.12571289816265,0,0,0,0,0,0,1,0,0,0,0
ikar1243,Ikaranggal,Pama-Nyungan,250.0,,,,,dormant,1,64603.9856308464,64603.9856308464,96.13140106,96.13140106,87.6021469990446,87.6021469990446,2.12571289816265,2.12571289816265,0,0,0,0,0,0,1,0,0,0,0
taga1279,Tagalaka,Pama-Nyungan,250.0,,5,,,critically endangered,1,64603.9856308464,64603.9856308464,96.13140106,96.13140106,87.6021469990446,87.6021469990446,2.12571289816265,2.12571289816265,0,0,0,0,0,0,1,0,0,0,0
wikn1246,Wikngenchera,Pama-Nyungan,250.0,,4,,,severely endangered,1,64603.9856308464,64603.9856308464,96.13140106,96.13140106,87.6021469990446,87.6021469990446,2.12571289816265,2.12571289816265,0,0,0,0,0,0,1,0,0,0,0
umbi1243,Umbindhamu,Pama-Nyungan,250.0,,5,,,critically endangered,1,64603.9856308464,64603.9856308464,96.13140106,96.13140106,87.6021469990446,87.6021469990446,2.12571289816265,2.12571289816265,0,0,0,0,0,0,1,0,0,0,0
ayab1239,Yintyinka-Ayabadhu,Pama-Nyungan,250.0,,5,,,critically endangered,1,64603.9856308464,64603.9856308464,96.13140106,96.13140106,87.6021469990446,87.6021469990446,2.12571289816265,2.12571289816265,0,0,0,0,0,0,1,0,0,0,0
kuuk1238,Kuuku-Ya'u,Pama-Nyungan,250.0,3,4,5,4,severely endangered,1,64603.9856308464,64603.9856308464,96.13140106,96.13140106,87.6021469990446,87.6021469990446,2.12571289816265,2.12571289816265,0,0,0,0,0,0,1,0,0,0,0
umpi1239,Umpila,Pama-Nyungan,250.0,,5,,,critically endangered,1,64603.9856308464,64603.9856308464,96.13140106,96.13140106,87.6021469990446,87.6021469990446,2.12571289816265,2.12571289816265,0,0,0,0,0,0,1,0,0,0,0
kanj1260,Kanju,Pama-Nyungan,250.0,3,4,5,5,critically endangered,1,64603.9856308464,64603.9856308464,96.13140106,96.13140106,87.6021469990446,87.6021469990446,2.12571289816265,2.12571289816265,0,0,0,0,0,0,1,0,0,0,0
flin1247,Flinders Island,Pama-Nyungan,250.0,,5,,,critically endangered,1,64603.9856308464,64603.9856308464,96.13140106,96.13140106,87.6021469990446,87.6021469990446,2.12571289816265,2.12571289816265,0,0,0,0,0,0,1,0,0,0,0
barr1247,Barrow Point,Pama-Nyungan,250.0,,5,,,critically endangered,1,64603.9856308464,64603.9856308464,96.13140106,96.13140106,87.6021469990446,87.6021469990446,2.12571289816265,2.12571289816265,0,0,0,0,0,0,1,0,0,0,0
wikm1246,Wik-Me'anha,Pama-Nyungan,250.0,,4,,,severely endangered,1,64603.9856308464,64603.9856308464,96.13140106,96.13140106,87.6021469990446,87.6021469990446,2.12571289816265,2.12571289816265,0,0,0,0,0,0,1,0,0,0,0
wike1239,Wik-Epa,Pama-Nyungan,250.0,,5,,,critically endangered,1,64603.9856308464,64603.9856308464,96.13140106,96.13140106,87.6021469990446,87.6021469990446,2.12571289816265,2.12571289816265,0,0,0,0,0,0,1,0,0,0,0
paka1251,Pakanha,Pama-Nyungan,250.0,,4,,,severely endangered,1,64603.9856308464,64603.9856308464,96.13140106,96.13140106,87.6021469990446,87.6021469990446,2.12571289816265,2.12571289816265,0,0,0,0,0,0,1,0,0,0,0
wikm1247,Wik-Mungkan,Pama-Nyungan,250.0,,2,,,threatened,1,64603.9856308464,64603.9856308464,96.13140106,96.13140106,87.6021469990446,87.6021469990446,2.12571289816265,2.12571289816265,0,0,0,0,0,0,1,0,0,0,0
wiki1239,Wik-Iiyanh,Pama-Nyungan,250.0,,4,,,severely endangered,1,64603.9856308464,64603.9856308464,96.13140106,96.13140106,87.6021469990446,87.6021469990446,2.12571289816265,2.12571289816265,0,0,0,0,0,0,1,0,0,0,0
kuku1280,Kuku-Uwanh,Pama-Nyungan,250.0,4,4,2,5,severely endangered,1,64603.9856308464,64603.9856308464,96.13140106,96.13140106,87.6021469990446,87.6021469990446,2.12571289816265,2.12571289816265,0,0,0,0,0,0,1,0,0,0,0
kuku1281,Kuku-Ugbanh,Pama-Nyungan,250.0,,5,,,critically endangered,1,64603.9856308464,64603.9856308464,96.13140106,96.13140106,87.6021469990446,87.6021469990446,2.12571289816265,2.12571289816265,0,0,0,0,0,0,1,0,0,0,0
kuku1283,Kuku-Muminh,Pama-Nyungan,250.0,4,4,5,5,critically endangered,1,64603.9856308464,64603.9856308464,96.13140106,96.13140106,87.6021469990446,87.6021469990446,2.12571289816265,2.12571289816265,0,0,0,0,0,0,1,0,0,0,0
kuku1282,Kuku-Mu'inh,Pama-Nyungan,250.0,,5,,,critically endangered,1,64603.9856308464,64603.9856308464,96.13140106,96.13140106,87.6021469990446,87.6021469990446,2.12571289816265,2.12571289816265,0,0,0,0,0,0,1,0,0,0,0
wika1238,Wikalkan,Pama-Nyungan,250.0,,4,,,severely endangered,1,64603.9856308464,64603.9856308464,96.13140106,96.13140106,87.6021469990446,87.6021469990446,2.12571289816265,2.12571289816265,0,0,0,0,0,0,1,0,0,0,0
wikn1245,Wik-Ngathana,Pama-Nyungan,250.0,,3,,,endangered,1,64603.9856308464,64603.9856308464,96.13140106,96.13140106,87.6021469990446,87.6021469990446,2.12571289816265,2.12571289816265,0,0,0,0,0,0,1,0,0,0,0
yand1251,Yanda,Pama-Nyungan,250.0,,,,,dormant,1,64603.9856308464,64603.9856308464,96.13140106,96.13140106,87.6021469990446,87.6021469990446,2.12571289816265,2.12571289816265,0,0,0,0,0,0,1,0,0,0,0
guwa1242,Guwa,Pama-Nyungan,250.0,,,,,dormant,1,64603.9856308464,64603.9856308464,96.13140106,96.13140106,87.6021469990446,87.6021469990446,2.12571289816265,2.12571289816265,0,0,0,0,0,0,1,0,0,0,0
waru1264,Warrongo,Pama-Nyungan,250.0,,,,,awakening,1,64603.9856308464,64603.9856308464,96.13140106,96.13140106,87.6021469990446,87.6021469990446,2.12571289816265,2.12571289816265,0,0,0,0,0,0,1,0,0,0,0
gugu1253,Gugu Badhun,Pama-Nyungan,250.0,,5,,,critically endangered,1,64603.9856308464,64603.9856308464,96.13140106,96.13140106,87.6021469990446,87.6021469990446,2.12571289816265,2.12571289816265,0,0,0,0,0,0,1,0,0,0,0
wadj1255,Wadjigu,Pama-Nyungan,250.0,,5,,,critically endangered,1,64603.9856308464,64603.9856308464,96.13140106,96.13140106,87.6021469990446,87.6021469990446,2.12571289816265,2.12571289816265,0,0,0,0,0,0,1,0,0,0,0
gung1248,Gungabula,Pama-Nyungan,250.0,,5,,,critically endangered,1,64603.9856308464,64603.9856308464,96.13140106,96.13140106,87.6021469990446,87.6021469990446,2.12571289816265,2.12571289816265,0,0,0,0,0,0,1,0,0,0,0
kung1258,Kunggari,Pama-Nyungan,250.0,,4,,,severely endangered,1,64603.9856308464,64603.9856308464,96.13140106,96.13140106,87.6021469990446,87.6021469990446,2.12571289816265,2.12571289816265,0,0,0,0,0,0,1,0,0,0,0
mand1417,Mandandanyi,Pama-Nyungan,250.0,,5,,,critically endangered,1,64603.9856308464,64603.9856308464,96.13140106,96.13140106,87.6021469990446,87.6021469990446,2.12571289816265,2.12571289816265,0,0,0,0,0,0,1,0,0,0,0
guwa1243,Guwamu,Pama-Nyungan,250.0,,5,,,critically endangered,1,64603.9856308464,64603.9856308464,96.13140106,96.13140106,87.6021469990446,87.6021469990446,2.12571289816265,2.12571289816265,0,0,0,0,0,0,1,0,0,0,0
marg1253,Margany,Pama-Nyungan,250.0,,5,,,critically endangered,1,64603.9856308464,64603.9856308464,96.13140106,96.13140106,87.6021469990446,87.6021469990446,2.12571289816265,2.12571289816265,0,0,0,0,0,0,1,0,0,0,0
guny1241,Gunya,Pama-Nyungan,250.0,,5,,,critically endangered,1,64603.9856308464,64603.9856308464,96.13140106,96.13140106,87.6021469990446,87.6021469990446,2.12571289816265,2.12571289816265,0,0,0,0,0,0,1,0,0,0,0
bidy1243,Bidyara,Pama-Nyungan,250.0,,4,,,severely endangered,1,64603.9856308464,64603.9856308464,96.13140106,96.13140106,87.6021469990446,87.6021469990446,2.12571289816265,2.12571289816265,0,0,0,0,0,0,1,0,0,0,0
biri1256,Biri,Pama-Nyungan,250.0,,,,,awakening,1,64603.9856308464,64603.9856308464,96.13140106,96.13140106,87.6021469990446,87.6021469990446,2.12571289816265,2.12571289816265,0,0,0,0,0,0,1,0,0,0,0
yann1237,Nhangu,Pama-Nyungan,250.0,,3,,,endangered,1,64603.9856308464,64603.9856308464,96.13140106,96.13140106,87.6021469990446,87.6021469990446,2.12571289816265,2.12571289816265,0,0,0,0,0,0,1,0,0,0,0
djin1253,Djinang,Pama-Nyungan,250.0,,3,,,endangered,1,64603.9856308464,64603.9856308464,96.13140106,96.13140106,87.6021469990446,87.6021469990446,2.12571289816265,2.12571289816265,0,0,0,0,0,0,1,0,0,0,0
djin1252,Djinba,Pama-Nyungan,250.0,,4,,,severely endangered,1,64603.9856308464,64603.9856308464,96.13140106,96.13140106,87.6021469990446,87.6021469990446,2.12571289816265,2.12571289816265,0,0,0,0,0,0,1,0,0,0,0
rita1239,Ritharrngu,Pama-Nyungan,250.0,,3,,,endangered,1,64603.9856308464,64603.9856308464,96.13140106,96.13140106,87.6021469990446,87.6021469990446,2.12571289816265,2.12571289816265,0,0,0,0,0,0,1,0,0,0,0
dhan1270,Dhangu,Pama-Nyungan,250.0,,3,,,endangered,1,64603.9856308464,64603.9856308464,96.13140106,96.13140106,87.6021469990446,87.6021469990446,2.12571289816265,2.12571289816265,0,0,0,0,0,0,1,0,0,0,0
dayi1244,Dayi,Pama-Nyungan,250.0,,5,,,critically endangered,1,64603.9856308464,64603.9856308464,96.13140106,96.13140106,87.6021469990446,87.6021469990446,2.12571289816265,2.12571289816265,0,0,0,0,0,0,1,0,0,0,0
ying1247,Yinggarda,Pama-Nyungan,250.0,,5,,,critically endangered,1,64603.9856308464,64603.9856308464,96.13140106,96.13140106,87.6021469990446,87.6021469990446,2.12571289816265,2.12571289816265,0,0,0,0,0,0,1,0,0,0,0
nhan1238,Nhanda,Pama-Nyungan,250.0,,5,,,critically endangered,1,64603.9856308464,64603.9856308464,96.13140106,96.13140106,87.6021469990446,87.6021469990446,2.12571289816265,2.12571289816265,0,0,0,0,0,0,1,0,0,0,0
badi1246,Badimaya,Pama-Nyungan,250.0,,,,,dormant,1,64603.9856308464,64603.9856308464,96.13140106,96.13140106,87.6021469990446,87.6021469990446,2.12571289816265,2.12571289816265,0,0,0,0,0,0,1,0,0,0,0
badi1246,Badimaya,Pama-Nyungan,250.0,,,,,dormant,1,64603.9856308464,64603.9856308464,96.13140106,96.13140106,87.6021469990446,87.6021469990446,2.12571289816265,2.12571289816265,0,0,0,0,0,0,1,0,0,0,0
waja1257,Wajarri,Pama-Nyungan,250.0,,4,,,severely endangered,1,64603.9856308464,64603.9856308464,96.13140106,96.13140106,87.6021469990446,87.6021469990446,2.12571289816265,2.12571289816265,0,0,0,0,0,0,1,0,0,0,0
malg1242,Malgana,Pama-Nyungan,250.0,,,,,dormant,1,64603.9856308464,64603.9856308464,96.13140106,96.13140106,87.6021469990446,87.6021469990446,2.12571289816265,2.12571289816265,0,0,0,0,0,0,1,0,0,0,0
nhuw1239,Nhuwala,Pama-Nyungan,250.0,,4,,,severely endangered,1,64603.9856308464,64603.9856308464,96.13140106,96.13140106,87.6021469990446,87.6021469990446,2.12571289816265,2.12571289816265,0,0,0,0,0,0,1,0,0,0,0
mart1255,Martuthunira,Pama-Nyungan,250.0,,5,,,critically endangered,1,64603.9856308464,64603.9856308464,96.13140106,96.13140106,87.6021469990446,87.6021469990446,2.12571289816265,2.12571289816265,0,0,0,0,0,0,1,0,0,0,0
nija1241,Nyiyaparli-Palyku,Pama-Nyungan,250.0,,4,,,severely endangered,1,64603.9856308464,64603.9856308464,96.13140106,96.13140106,87.6021469990446,87.6021469990446,2.12571289816265,2.12571289816265,0,0,0,0,0,0,1,0,0,0,0
tjur1240,Tjurruru,Pama-Nyungan,250.0,,,,,dormant,1,64603.9856308464,64603.9856308464,96.13140106,96.13140106,87.6021469990446,87.6021469990446,2.12571289816265,2.12571289816265,0,0,0,0,0,0,1,0,0,0,0
ngar1287,Ngarluma,Pama-Nyungan,250.0,,4,,,severely endangered,1,64603.9856308464,64603.9856308464,96.13140106,96.13140106,87.6021469990446,87.6021469990446,2.12571289816265,2.12571289816265,0,0,0,0,0,0,1,0,0,0,0
kari1304,Kariyarra,Pama-Nyungan,250.0,,5,,,critically endangered,1,64603.9856308464,64603.9856308464,96.13140106,96.13140106,87.6021469990446,87.6021469990446,2.12571289816265,2.12571289816265,0,0,0,0,0,0,1,0,0,0,0
kurr1243,Kurrama,Pama-Nyungan,250.0,,5,,,critically endangered,1,64603.9856308464,64603.9856308464,96.13140106,96.13140106,87.6021469990446,87.6021469990446,2.12571289816265,2.12571289816265,0,0,0,0,0,0,1,0,0,0,0
yind1247,Yindjibarndi,Pama-Nyungan,250.0,,3,,4,severely endangered,1,64603.9856308464,64603.9856308464,96.13140106,96.13140106,87.6021469990446,87.6021469990446,2.12571289816265,2.12571289816265,0,0,0,0,0,0,1,0,0,0,0
pany1241,Panytyima,Pama-Nyungan,250.0,,4,,,severely endangered,1,64603.9856308464,64603.9856308464,96.13140106,96.13140106,87.6021469990446,87.6021469990446,2.12571289816265,2.12571289816265,0,0,0,0,0,0,1,0,0,0,0
nyam1271,Nyamal,Pama-Nyungan,250.0,,5,,,critically endangered,1,64603.9856308464,64603.9856308464,96.13140106,96.13140106,87.6021469990446,87.6021469990446,2.12571289816265,2.12571289816265,0,0,0,0,0,0,1,0,0,0,0
pini1244,Pinigura,Pama-Nyungan,250.0,,,,,dormant,1,64603.9856308464,64603.9856308464,96.13140106,96.13140106,87.6021469990446,87.6021469990446,2.12571289816265,2.12571289816265,0,0,0,0,0,0,1,0,0,0,0
bayu1240,Bayungu,Pama-Nyungan,250.0,,5,,,critically endangered,1,64603.9856308464,64603.9856308464,96.13140106,96.13140106,87.6021469990446,87.6021469990446,2.12571289816265,2.12571289816265,0,0,0,0,0,0,1,0,0,0,0
dhal1245,Dhalandji,Pama-Nyungan,250.0,,5,,,critically endangered,1,64603.9856308464,64603.9856308464,96.13140106,96.13140106,87.6021469990446,87.6021469990446,2.12571289816265,2.12571289816265,0,0,0,0,0,0,1,0,0,0,0
burd1238,Burduna,Pama-Nyungan,250.0,,,,,dormant,1,64603.9856308464,64603.9856308464,96.13140106,96.13140106,87.6021469990446,87.6021469990446,2.12571289816265,2.12571289816265,0,0,0,0,0,0,1,0,0,0,0
djiw1241,Djiwarli,Pama-Nyungan,250.0,,,,,dormant,1,64603.9856308464,64603.9856308464,96.13140106,96.13140106,87.6021469990446,87.6021469990446,2.12571289816265,2.12571289816265,0,0,0,0,0,0,1,0,0,0,0
thii1234,Thiin,Pama-Nyungan,250.0,,5,,5,critically endangered,1,64603.9856308464,64603.9856308464,96.13140106,96.13140106,87.6021469990446,87.6021469990446,2.12571289816265,2.12571289816265,0,0,0,0,0,0,1,0,0,0,0
dhar1247,Dhargari,Pama-Nyungan,250.0,,5,,,critically endangered,1,64603.9856308464,64603.9856308464,96.13140106,96.13140106,87.6021469990446,87.6021469990446,2.12571289816265,2.12571289816265,0,0,0,0,0,0,1,0,0,0,0
wari1262,Wariyangga,Pama-Nyungan,250.0,,,,,dormant,1,64603.9856308464,64603.9856308464,96.13140106,96.13140106,87.6021469990446,87.6021469990446,2.12571289816265,2.12571289816265,0,0,0,0,0,0,1,0,0,0,0
nyaw1247,Nyawaygi,Pama-Nyungan,250.0,,5,,,critically endangered,1,64603.9856308464,64603.9856308464,96.13140106,96.13140106,87.6021469990446,87.6021469990446,2.12571289816265,2.12571289816265,0,0,0,0,0,0,1,0,0,0,0
narr1259,Narrinyeri,Pama-Nyungan,250.0,,,,,awakening,1,64603.9856308464,64603.9856308464,96.13140106,96.13140106,87.6021469990446,87.6021469990446,2.12571289816265,2.12571289816265,0,0,0,0,0,0,1,0,0,0,0
yort1237,Yorta Yorta,Pama-Nyungan,250.0,,,,,awakening,1,64603.9856308464,64603.9856308464,96.13140106,96.13140106,87.6021469990446,87.6021469990446,2.12571289816265,2.12571289816265,0,0,0,0,0,0,1,0,0,0,0
cola1237,Colac,Pama-Nyungan,250.0,,,,,dormant,1,64603.9856308464,64603.9856308464,96.13140106,96.13140106,87.6021469990446,87.6021469990446,2.12571289816265,2.12571289816265,0,0,0,0,0,0,1,0,0,0,0
woiw1237,Woiwurrung-Thagungwurrung,Pama-Nyungan,250.0,,,,,awakening,1,64603.9856308464,64603.9856308464,96.13140106,96.13140106,87.6021469990446,87.6021469990446,2.12571289816265,2.12571289816265,0,0,0,0,0,0,1,0,0,0,0
wath1238,Wathawurrung,Pama-Nyungan,250.0,,,,,awakening,1,64603.9856308464,64603.9856308464,96.13140106,96.13140106,87.6021469990446,87.6021469990446,2.12571289816265,2.12571289816265,0,0,0,0,0,0,1,0,0,0,0
warr1257,Warrnambool,Pama-Nyungan,250.0,,,,,dormant,1,64603.9856308464,64603.9856308464,96.13140106,96.13140106,87.6021469990446,87.6021469990446,2.12571289816265,2.12571289816265,0,0,0,0,0,0,1,0,0,0,0
bung1264,Bunganditj,Pama-Nyungan,250.0,,,,,awakening,1,64603.9856308464,64603.9856308464,96.13140106,96.13140106,87.6021469990446,87.6021469990446,2.12571289816265,2.12571289816265,0,0,0,0,0,0,1,0,0,0,0
gami1243,Yuwaalaraay-Gamilaraay,Pama-Nyungan,250.0,5,5,5,5,critically endangered,1,64603.9856308464,64603.9856308464,96.13140106,96.13140106,87.6021469990446,87.6021469990446,2.12571289816265,2.12571289816265,0,0,0,0,0,0,1,0,0,0,0
wira1262,Wiradhuri,Pama-Nyungan,250.0,,5,,,critically endangered,1,64603.9856308464,64603.9856308464,96.13140106,96.13140106,87.6021469990446,87.6021469990446,2.12571289816265,2.12571289816265,0,0,0,0,0,0,1,0,0,0,0
wang1291,Ngiyambaa,Pama-Nyungan,250.0,,5,,,critically endangered,1,64603.9856308464,64603.9856308464,96.13140106,96.13140106,87.6021469990446,87.6021469990446,2.12571289816265,2.12571289816265,0,0,0,0,0,0,1,0,0,0,0
waka1274,Wakawaka,Pama-Nyungan,250.0,,5,,,critically endangered,1,64603.9856308464,64603.9856308464,96.13140106,96.13140106,87.6021469990446,87.6021469990446,2.12571289816265,2.12571289816265,0,0,0,0,0,0,1,0,0,0,0
gure1255,Gureng Gureng,Pama-Nyungan,250.0,,5,,,critically endangered,1,64603.9856308464,64603.9856308464,96.13140106,96.13140106,87.6021469990446,87.6021469990446,2.12571289816265,2.12571289816265,0,0,0,0,0,0,1,0,0,0,0
kabi1260,Kabikabi,Pama-Nyungan,250.0,,,,,dormant,1,64603.9856308464,64603.9856308464,96.13140106,96.13140106,87.6021469990446,87.6021469990446,2.12571289816265,2.12571289816265,0,0,0,0,0,0,1,0,0,0,0
yayg1236,Yaygir,Pama-Nyungan,250.0,,,,,dormant,1,64603.9856308464,64603.9856308464,96.13140106,96.13140106,87.6021469990446,87.6021469990446,2.12571289816265,2.12571289816265,0,0,0,0,0,0,1,0,0,0,0
kumb1268,Kumbainggar,Pama-Nyungan,250.0,,4,,,severely endangered,1,64603.9856308464,64603.9856308464,96.13140106,96.13140106,87.6021469990446,87.6021469990446,2.12571289816265,2.12571289816265,0,0,0,0,0,0,1,0,0,0,0
midd1357,Middle Clarence Bandjalang,Pama-Nyungan,250.0,,4,3,,severely endangered,1,64603.9856308464,64603.9856308464,96.13140106,96.13140106,87.6021469990446,87.6021469990446,2.12571289816265,2.12571289816265,0,0,0,0,0,0,1,0,0,0,0
cond1242,Condamine-Upper Clarence Bandjalang,Pama-Nyungan,250.0,,,,,awakening,1,64603.9856308464,64603.9856308464,96.13140106,96.13140106,87.6021469990446,87.6021469990446,2.12571289816265,2.12571289816265,0,0,0,0,0,0,1,0,0,0,0
twee1234,Tweed-Albert,Pama-Nyungan,250.0,,,,,dormant,1,64603.9856308464,64603.9856308464,96.13140106,96.13140106,87.6021469990446,87.6021469990446,2.12571289816265,2.12571289816265,0,0,0,0,0,0,1,0,0,0,0
awab1243,Awabakal,Pama-Nyungan,250.0,,,,,awakening,1,64603.9856308464,64603.9856308464,96.13140106,96.13140106,87.6021469990446,87.6021469990446,2.12571289816265,2.12571289816265,0,0,0,0,0,0,1,0,0,0,0
sydn1236,Sydney,Pama-Nyungan,250.0,,,,,awakening,1,64603.9856308464,64603.9856308464,96.13140106,96.13140106,87.6021469990446,87.6021469990446,2.12571289816265,2.12571289816265,0,0,0,0,0,0,1,0,0,0,0
sydn1236,Sydney,Pama-Nyungan,250.0,,,,,awakening,1,64603.9856308464,64603.9856308464,96.13140106,96.13140106,87.6021469990446,87.6021469990446,2.12571289816265,2.12571289816265,0,0,0,0,0,0,1,0,0,0,0
hawk1239,Hawkesbury,Pama-Nyungan,250.0,,,,,awakening,1,64603.9856308464,64603.9856308464,96.13140106,96.13140106,87.6021469990446,87.6021469990446,2.12571289816265,2.12571289816265,0,0,0,0,0,0,1,0,0,0,0
thur1254,Thurawal,Pama-Nyungan,250.0,,5,,,critically endangered,1,64603.9856308464,64603.9856308464,96.13140106,96.13140106,87.6021469990446,87.6021469990446,2.12571289816265,2.12571289816265,0,0,0,0,0,0,1,0,0,0,0
dhur1239,Dhurga,Pama-Nyungan,250.0,,,,,awakening,1,64603.9856308464,64603.9856308464,96.13140106,96.13140106,87.6021469990446,87.6021469990446,2.12571289816265,2.12571289816265,0,0,0,0,0,0,1,0,0,0,0
muru1266,Muruwari,Pama-Nyungan,250.0,,5,,,critically endangered,1,64603.9856308464,64603.9856308464,96.13140106,96.13140106,87.6021469990446,87.6021469990446,2.12571289816265,2.12571289816265,0,0,0,0,0,0,1,0,0,0,0
gugu1255,Guugu Yimidhirr,Pama-Nyungan,250.0,,4,3,4,severely endangered,1,64603.9856308464,64603.9856308464,96.13140106,96.13140106,87.6021469990446,87.6021469990446,2.12571289816265,2.12571289816265,0,0,0,0,0,0,1,0,0,0,0
kuku1273,Kuku-Yalanji,Pama-Nyungan,250.0,,3,,,endangered,1,64603.9856308464,64603.9856308464,96.13140106,96.13140106,87.6021469990446,87.6021469990446,2.12571289816265,2.12571289816265,0,0,0,0,0,0,1,0,0,0,0
mulu1243,Muluridyi,Pama-Nyungan,250.0,,5,,,critically endangered,1,64603.9856308464,64603.9856308464,96.13140106,96.13140106,87.6021469990446,87.6021469990446,2.12571289816265,2.12571289816265,0,0,0,0,0,0,1,0,0,0,0
djan1238,Djangun,Pama-Nyungan,250.0,,,,,dormant,1,64603.9856308464,64603.9856308464,96.13140106,96.13140106,87.6021469990446,87.6021469990446,2.12571289816265,2.12571289816265,0,0,0,0,0,0,1,0,0,0,0
yidi1250,Yidiñ,Pama-Nyungan,250.0,,4,,,severely endangered,1,64603.9856308464,64603.9856308464,96.13140106,96.13140106,87.6021469990446,87.6021469990446,2.12571289816265,2.12571289816265,0,0,0,0,0,0,1,0,0,0,0
dyaa1242,Dyaabugay,Pama-Nyungan,250.0,,5,,,critically endangered,1,64603.9856308464,64603.9856308464,96.13140106,96.13140106,87.6021469990446,87.6021469990446,2.12571289816265,2.12571289816265,0,0,0,0,0,0,1,0,0,0,0
darl1243,Paakantyi,Pama-Nyungan,250.0,,5,,5,critically endangered,1,64603.9856308464,64603.9856308464,96.13140106,96.13140106,87.6021469990446,87.6021469990446,2.12571289816265,2.12571289816265,0,0,0,0,0,0,1,0,0,0,0
dhar1248,Dharumbal,Pama-Nyungan,250.0,,,,,awakening,1,64603.9856308464,64603.9856308464,96.13140106,96.13140106,87.6021469990446,87.6021469990446,2.12571289816265,2.12571289816265,0,0,0,0,0,0,1,0,0,0,0
yany1243,Yanyuwa,Pama-Nyungan,250.0,,4,,,severely endangered,1,64603.9856308464,64603.9856308464,96.13140106,96.13140106,87.6021469990446,87.6021469990446,2.12571289816265,2.12571289816265,0,0,0,0,0,0,1,0,0,0,0
warl1256,Warluwara,Pama-Nyungan,250.0,,5,,,critically endangered,1,64603.9856308464,64603.9856308464,96.13140106,96.13140106,87.6021469990446,87.6021469990446,2.12571289816265,2.12571289816265,0,0,0,0,0,0,1,0,0,0,0
yind1248,Yindjilandji,Pama-Nyungan,250.0,,5,,,critically endangered,1,64603.9856308464,64603.9856308464,96.13140106,96.13140106,87.6021469990446,87.6021469990446,2.12571289816265,2.12571289816265,0,0,0,0,0,0,1,0,0,0,0
waga1260,Wagaya,Pama-Nyungan,250.0,,4,,,severely endangered,1,64603.9856308464,64603.9856308464,96.13140106,96.13140106,87.6021469990446,87.6021469990446,2.12571289816265,2.12571289816265,0,0,0,0,0,0,1,0,0,0,0
wira1265,Wirangu,Pama-Nyungan,250.0,,,,,awakening,1,64603.9856308464,64603.9856308464,96.13140106,96.13140106,87.6021469990446,87.6021469990446,2.12571289816265,2.12571289816265,0,0,0,0,0,0,1,0,0,0,0
kaur1267,Kaurna,Pama-Nyungan,250.0,2,,,3,awakening,1,64603.9856308464,64603.9856308464,96.13140106,96.13140106,87.6021469990446,87.6021469990446,2.12571289816265,2.12571289816265,0,0,0,0,0,0,1,0,0,0,0
naru1238,Narungga,Pama-Nyungan,250.0,,4,,,severely endangered,1,64603.9856308464,64603.9856308464,96.13140106,96.13140106,87.6021469990446,87.6021469990446,2.12571289816265,2.12571289816265,0,0,0,0,0,0,1,0,0,0,0
bang1339,Banggarla,Pama-Nyungan,250.0,,,,,awakening,1,64603.9856308464,64603.9856308464,96.13140106,96.13140106,87.6021469990446,87.6021469990446,2.12571289816265,2.12571289816265,0,0,0,0,0,0,1,0,0,0,0
guya1249,Guyani,Pama-Nyungan,250.0,,,,,dormant,1,64603.9856308464,64603.9856308464,96.13140106,96.13140106,87.6021469990446,87.6021469990446,2.12571289816265,2.12571289816265,0,0,0,0,0,0,1,0,0,0,0
adny1235,Adnyamathanha,Pama-Nyungan,250.0,,3,,,endangered,1,64603.9856308464,64603.9856308464,96.13140106,96.13140106,87.6021469990446,87.6021469990446,2.12571289816265,2.12571289816265,0,0,0,0,0,0,1,0,0,0,0
nugu1241,Nugunu (Australia),Pama-Nyungan,250.0,,,,,dormant,1,64603.9856308464,64603.9856308464,96.13140106,96.13140106,87.6021469990446,87.6021469990446,2.12571289816265,2.12571289816265,0,0,0,0,0,0,1,0,0,0,0
kayt1238,Kaytetye,Pama-Nyungan,250.0,,3,,,endangered,1,64603.9856308464,64603.9856308464,96.13140106,96.13140106,87.6021469990446,87.6021469990446,2.12571289816265,2.12571289816265,0,0,0,0,0,0,1,0,0,0,0
lowe1436,Lower Southern Aranda,Pama-Nyungan,250.0,,,,,dormant,1,64603.9856308464,64603.9856308464,96.13140106,96.13140106,87.6021469990446,87.6021469990446,2.12571289816265,2.12571289816265,0,0,0,0,0,0,1,0,0,0,0
west2441,Western Arrarnta,Pama-Nyungan,250.0,,2,,,threatened,1,64603.9856308464,64603.9856308464,96.13140106,96.13140106,87.6021469990446,87.6021469990446,2.12571289816265,2.12571289816265,0,0,0,0,0,0,1,0,0,0,0
alya1239,Alyawarr,Pama-Nyungan,250.0,0,2,1,0,vulnerable,1,64603.9856308464,64603.9856308464,96.13140106,96.13140106,87.6021469990446,87.6021469990446,2.12571289816265,2.12571289816265,0,0,0,0,0,0,1,0,0,0,0
anma1239,Anmatyerre,Pama-Nyungan,250.0,,3,2,1,threatened,1,64603.9856308464,64603.9856308464,96.13140106,96.13140106,87.6021469990446,87.6021469990446,2.12571289816265,2.12571289816265,0,0,0,0,0,0,1,0,0,0,0
ande1247,Andegerebinha,Pama-Nyungan,250.0,,5,,,critically endangered,1,64603.9856308464,64603.9856308464,96.13140106,96.13140106,87.6021469990446,87.6021469990446,2.12571289816265,2.12571289816265,0,0,0,0,0,0,1,0,0,0,0
east2379,Eastern Arrernte,Pama-Nyungan,250.0,,2,,,threatened,1,64603.9856308464,64603.9856308464,96.13140106,96.13140106,87.6021469990446,87.6021469990446,2.12571289816265,2.12571289816265,0,0,0,0,0,0,1,0,0,0,0
gana1278,Ganai,Pama-Nyungan,250.0,,,,,awakening,1,64603.9856308464,64603.9856308464,96.13140106,96.13140106,87.6021469990446,87.6021469990446,2.12571289816265,2.12571289816265,0,0,0,0,0,0,1,0,0,0,0
arab1267,Arabana,Pama-Nyungan,250.0,,,,,dormant,1,64603.9856308464,64603.9856308464,96.13140106,96.13140106,87.6021469990446,87.6021469990446,2.12571289816265,2.12571289816265,0,0,0,0,0,0,1,0,0,0,0
wang1290,Wangganguru,Pama-Nyungan,250.0,,5,,,critically endangered,1,64603.9856308464,64603.9856308464,96.13140106,96.13140106,87.6021469990446,87.6021469990446,2.12571289816265,2.12571289816265,0,0,0,0,0,0,1,0,0,0,0
wang1289,Wanggamala,Pama-Nyungan,250.0,,5,,,critically endangered,1,64603.9856308464,64603.9856308464,96.13140106,96.13140106,87.6021469990446,87.6021469990446,2.12571289816265,2.12571289816265,0,0,0,0,0,0,1,0,0,0,0
pitt1247,Pitta Pitta,Pama-Nyungan,250.0,,,,,dormant,1,64603.9856308464,64603.9856308464,96.13140106,96.13140106,87.6021469990446,87.6021469990446,2.12571289816265,2.12571289816265,0,0,0,0,0,0,1,0,0,0,0
kuun1236,Kuungkari of Barcoo River,Pama-Nyungan,250.0,,,,,dormant,1,64603.9856308464,64603.9856308464,96.13140106,96.13140106,87.6021469990446,87.6021469990446,2.12571289816265,2.12571289816265,0,0,0,0,0,0,1,0,0,0,0
pirr1240,Pirriya,Pama-Nyungan,250.0,,,,,dormant,1,64603.9856308464,64603.9856308464,96.13140106,96.13140106,87.6021469990446,87.6021469990446,2.12571289816265,2.12571289816265,0,0,0,0,0,0,1,0,0,0,0
pirl1238,Pirlatapa,Pama-Nyungan,250.0,,,,,dormant,1,64603.9856308464,64603.9856308464,96.13140106,96.13140106,87.6021469990446,87.6021469990446,2.12571289816265,2.12571289816265,0,0,0,0,0,0,1,0,0,0,0
ngam1265,Ngamini-Yarluyandi-Karangura,Pama-Nyungan,250.0,,5,,,critically endangered,1,64603.9856308464,64603.9856308464,96.13140106,96.13140106,87.6021469990446,87.6021469990446,2.12571289816265,2.12571289816265,0,0,0,0,0,0,1,0,0,0,0
dier1241,Dieri,Pama-Nyungan,250.0,,4,,,severely endangered,1,64603.9856308464,64603.9856308464,96.13140106,96.13140106,87.6021469990446,87.6021469990446,2.12571289816265,2.12571289816265,0,0,0,0,0,0,1,0,0,0,0
yawa1258,Yawarawarga,Pama-Nyungan,250.0,,5,,,critically endangered,1,64603.9856308464,64603.9856308464,96.13140106,96.13140106,87.6021469990446,87.6021469990446,2.12571289816265,2.12571289816265,0,0,0,0,0,0,1,0,0,0,0
yand1253,Yandruwandha,Pama-Nyungan,250.0,,5,,,critically endangered,1,64603.9856308464,64603.9856308464,96.13140106,96.13140106,87.6021469990446,87.6021469990446,2.12571289816265,2.12571289816265,0,0,0,0,0,0,1,0,0,0,0
mith1236,Mithaka,Pama-Nyungan,250.0,,,,,dormant,1,64603.9856308464,64603.9856308464,96.13140106,96.13140106,87.6021469990446,87.6021469990446,2.12571289816265,2.12571289816265,0,0,0,0,0,0,1,0,0,0,0
badj1244,Badjirri,Pama-Nyungan,250.0,,5,,,critically endangered,1,64603.9856308464,64603.9856308464,96.13140106,96.13140106,87.6021469990446,87.6021469990446,2.12571289816265,2.12571289816265,0,0,0,0,0,0,1,0,0,0,0
kala1380,Bulloo River,Pama-Nyungan,250.0,,,,,dormant,1,64603.9856308464,64603.9856308464,96.13140106,96.13140106,87.6021469990446,87.6021469990446,2.12571289816265,2.12571289816265,0,0,0,0,0,0,1,0,0,0,0
siaw1243,Siawi,Amto-Musan,2.0,,4,,,severely endangered,1,3006.70564478923,3006.70564478923,18.81159973,18.81159973,15.4061816403333,15.4061816403333,4.06785501758394,4.06785501758394,0,0,0,0,0,0,0,0,0,1,0
amto1250,Amto,Amto-Musan,2.0,,3,,,endangered,1,3006.70564478923,3006.70564478923,18.81159973,18.81159973,15.4061816403333,15.4061816403333,4.06785501758394,4.06785501758394,0,0,0,0,0,0,0,0,0,1,0
nucl1327,Limilngan,Limilngan-Wulna,2.0,,5,5,,critically endangered,1,64603.9856308464,64603.9856308464,96.13140106,96.13140106,87.6021469990446,87.6021469990446,2.12571289816265,2.12571289816265,0,0,0,0,0,0,1,0,0,0,0
wuln1239,Wulna,Limilngan-Wulna,2.0,,5,5,5,critically endangered,1,64603.9856308464,64603.9856308464,96.13140106,96.13140106,87.6021469990446,87.6021469990446,2.12571289816265,2.12571289816265,0,0,0,0,0,0,1,0,0,0,0
birr1240,Birri,Central Sudanic,63.0,,3,,,endangered,1,516.160999996036,516.160999996036,13.78250027,13.78250027,44.1243555638904,44.1243555638904,4.37152557937021,4.37152557937021,0,0,0,0,0,1,0,0,0,0,0
bong1285,Bongo,Central Sudanic,63.0,,1,,,vulnerable,2,1080.14718624765,1032.3774261316375,18.60000038,12.635500192,34.8673015510839,28.12206029778725,5.35572566859027,3.184391091226555,0,0,0,0,0,1,0,0,0,0,0
yulu1243,Yulu-Binga,Central Sudanic,63.0,,2,,,threatened,4,1080.14718624765,807.574797704009,19.67350006,14.6817501785,44.7455804408753,36.27851415008505,5.35572566859027,3.7033650185003624,0,0,0,0,0,1,0,0,0,0,0
kara1482,Kara (Central African Republic),Central Sudanic,63.0,,2,,,threatened,2,984.607666015625,750.3843330058305,18.60000038,16.191250325,44.1243555638904,39.495828557487144,4.37152557937021,2.692291046616525,0,0,0,0,0,1,0,0,0,0,0
kulf1238,Kulfa,Central Sudanic,63.0,,2,,,threatened,1,961.55975562506,961.55975562506,12.62689972,12.62689972,26.9315292389497,26.9315292389497,7.20534416894141,7.20534416894141,0,0,0,0,0,1,0,0,0,0,0
jaya1242,Jaya,Central Sudanic,63.0,,2,,,threatened,1,961.55975562506,961.55975562506,12.62689972,12.62689972,26.9315292389497,26.9315292389497,7.20534416894141,7.20534416894141,0,0,0,0,0,1,0,0,0,0,0
bera1261,Berakou,Central Sudanic,63.0,,5,,,critically endangered,1,961.55975562506,961.55975562506,12.62689972,12.62689972,26.9315292389497,26.9315292389497,7.20534416894141,7.20534416894141,0,0,0,0,0,1,0,0,0,0,0
beli1257,Beli (South Sudan),Central Sudanic,63.0,,2,,,threatened,1,1080.14718624765,1080.14718624765,6.671000004,6.671000004,21.3768190444906,21.3768190444906,5.35572566859027,5.35572566859027,0,0,0,0,0,1,0,0,0,0,0
moro1284,Morokodo,Central Sudanic,63.0,,2,,,threatened,1,1080.14718624765,1080.14718624765,6.671000004,6.671000004,21.3768190444906,21.3768190444906,5.35572566859027,5.35572566859027,0,0,0,0,0,1,0,0,0,0,0
moda1242,Mo'da,Central Sudanic,63.0,,3,,,endangered,1,1080.14718624765,1080.14718624765,6.671000004,6.671000004,21.3768190444906,21.3768190444906,5.35572566859027,5.35572566859027,0,0,0,0,0,1,0,0,0,0,0
nyam1279,Nyamusa-Molo,Central Sudanic,63.0,1,2,,1,threatened,1,1080.14718624765,1080.14718624765,6.671000004,6.671000004,21.3768190444906,21.3768190444906,5.35572566859027,5.35572566859027,0,0,0,0,0,1,0,0,0,0,0
amar1271,Amurdak,Iwaidjan Proper,4.0,,5,,,critically endangered,1,64603.9856308464,64603.9856308464,96.13140106,96.13140106,87.6021469990446,87.6021469990446,2.12571289816265,2.12571289816265,0,0,0,0,0,0,1,0,0,0,0
maun1240,Mawng,Iwaidjan Proper,4.0,0,3,0,0,vulnerable,1,64603.9856308464,64603.9856308464,96.13140106,96.13140106,87.6021469990446,87.6021469990446,2.12571289816265,2.12571289816265,0,0,0,0,0,0,1,0,0,0,0
gari1253,Garig-Ilgar,Iwaidjan Proper,4.0,5,5,5,5,critically endangered,1,64603.9856308464,64603.9856308464,96.13140106,96.13140106,87.6021469990446,87.6021469990446,2.12571289816265,2.12571289816265,0,0,0,0,0,0,1,0,0,0,0
iwai1244,Iwaidja,Iwaidjan Proper,4.0,,3,,,endangered,1,64603.9856308464,64603.9856308464,96.13140106,96.13140106,87.6021469990446,87.6021469990446,2.12571289816265,2.12571289816265,0,0,0,0,0,0,1,0,0,0,0
sire1246,Old Sirenik,Eskimo-Aleut,13.0,,,,,dormant,1,14889.0185546875,14889.0185546875,94.36495368,94.36495368,75.1119136177067,75.1119136177067,-0.0283196242809465,-0.0283196242809465,0,0,0,0,0,0,0,1,0,0,0
east2534,Eastern Canadian Inuktitut,Eskimo-Aleut,13.0,,1,1,,vulnerable,1,54340.3477224733,54340.3477224733,94.353302,94.353302,82.7002565766633,82.7002565766633,3.17427570128175,3.17427570128175,0,1,0,1,0,0,0,0,1,0,0
kala1399,Kalaallisut,Eskimo-Aleut,13.0,,1,,,vulnerable,2,71026.4832271897,64762.727012275296,99.76915157,84.6258066760994,88.6960552688405,88.50779503118216,0.66568251862505,0.45251341489193553,0,1,0,0,0,0,0,0,1,0,0
paci1278,Pacific Gulf Yupik,Eskimo-Aleut,13.0,,3,5,4,severely endangered,1,84534.0407841548,84534.0407841548,94.69380188,94.69380188,80.1247798047184,80.1247798047184,1.04286346807884,1.04286346807884,0,0,0,0,0,0,0,0,1,0,0
cent2127,Central Alaskan Yupik,Eskimo-Aleut,13.0,,1,4,1,threatened,1,84534.0407841548,84534.0407841548,94.69380188,94.69380188,80.1247798047184,80.1247798047184,1.04286346807884,1.04286346807884,0,0,0,0,0,0,0,0,1,0,0
cent2128,Central Siberian Yupik,Eskimo-Aleut,13.0,,2,1,1,threatened,2,84534.0407841548,49711.52966942115,94.69380188,94.52937778,80.1247798047184,77.61834671121255,1.04286346807884,0.5072719218989468,0,0,0,0,0,0,0,1,0,0,0
nauk1242,Naukan Yupik,Eskimo-Aleut,13.0,,3,,,endangered,1,14889.0185546875,14889.0185546875,94.36495368,94.36495368,75.1119136177067,75.1119136177067,-0.0283196242809465,-0.0283196242809465,0,0,0,0,0,0,0,1,0,0,0
aleu1260,Aleut,Eskimo-Aleut,13.0,,,5,5,endangered,2,84534.0407841548,49711.52966942115,94.69380188,94.52937778,80.1247798047184,77.61834671121255,1.04286346807884,0.5072719218989468,0,0,0,0,0,0,0,0,1,0,0
medn1235,Mednyj Aleut,Eskimo-Aleut,13.0,5,5,5,5,critically endangered,1,14889.0185546875,14889.0185546875,94.36495368,94.36495368,75.1119136177067,75.1119136177067,-0.0283196242809465,-0.0283196242809465,0,0,0,0,0,0,0,1,0,0,0
barb1263,Barbareño,Chumashan,6.0,,,,,awakening,1,84534.0407841548,84534.0407841548,94.69380188,94.69380188,80.1247798047184,80.1247798047184,1.04286346807884,1.04286346807884,0,0,0,0,0,0,0,0,1,0,0
yems1235,Yemsa,Ta-Ne-Omotic,19.0,,,1,2,threatened,1,1133.88279681719,1133.88279681719,21.94129944,21.94129944,23.6222839355469,23.6222839355469,4.99846973014755,4.99846973014755,0,0,0,0,0,1,0,0,0,0,0
char1269,Chara,Ta-Ne-Omotic,19.0,,2,,,threatened,1,1133.88279681719,1133.88279681719,21.94129944,21.94129944,23.6222839355469,23.6222839355469,4.99846973014755,4.99846973014755,0,0,0,0,0,1,0,0,0,0,0
bask1236,Basketo,Ta-Ne-Omotic,19.0,,1,,,vulnerable,1,1133.88279681719,1133.88279681719,21.94129944,21.94129944,23.6222839355469,23.6222839355469,4.99846973014755,4.99846973014755,0,0,0,0,0,1,0,0,0,0,0
male1284,Male (Ethiopia),Ta-Ne-Omotic,19.0,,1,,,vulnerable,1,1133.88279681719,1133.88279681719,21.94129944,21.94129944,23.6222839355469,23.6222839355469,4.99846973014755,4.99846973014755,0,0,0,0,0,1,0,0,0,0,0
melo1242,Melo,Ta-Ne-Omotic,19.0,,1,,,vulnerable,1,1133.88279681719,1133.88279681719,21.94129944,21.94129944,23.6222839355469,23.6222839355469,4.99846973014755,4.99846973014755,0,0,0,0,0,1,0,0,0,0,0
oyda1235,Oyda,Ta-Ne-Omotic,19.0,,1,,,vulnerable,1,1133.88279681719,1133.88279681719,21.94129944,21.94129944,23.6222839355469,23.6222839355469,4.99846973014755,4.99846973014755,0,0,0,0,0,1,0,0,0,0,0
zays1235,Zayse-Zergulla,Ta-Ne-Omotic,19.0,,1,,,vulnerable,1,1133.88279681719,1133.88279681719,21.94129944,21.94129944,23.6222839355469,23.6222839355469,4.99846973014755,4.99846973014755,0,0,0,0,0,1,0,0,0,0,0
kach1284,Kachama-Ganjule-Haro,Ta-Ne-Omotic,19.0,,2,,,threatened,1,1133.88279681719,1133.88279681719,21.94129944,21.94129944,23.6222839355469,23.6222839355469,4.99846973014755,4.99846973014755,0,0,0,0,0,1,0,0,0,0,0
anfi1235,Anfillo,Ta-Ne-Omotic,19.0,,3,,,endangered,1,1133.88279681719,1133.88279681719,21.94129944,21.94129944,23.6222839355469,23.6222839355469,4.99846973014755,4.99846973014755,0,0,0,0,0,1,0,0,0,0,0
boro1277,Boro (Ethiopia),Ta-Ne-Omotic,19.0,,2,,,threatened,1,1133.88279681719,1133.88279681719,21.94129944,21.94129944,23.6222839355469,23.6222839355469,4.99846973014755,4.99846973014755,0,0,0,0,0,1,0,0,0,0,0
afit1238,Afitti,Nyimang,2.0,4,2,3,,endangered,1,984.607666015625,984.607666015625,18.60000038,18.60000038,34.8673015510839,34.8673015510839,1.01305651386284,1.01305651386284,0,0,0,0,0,1,0,0,0,0,0
akab1248,Akabo,Great Andamanese,10.0,,,,,dormant,1,2694.73780859961,2694.73780859961,64.9434967,64.9434967,35.3788972368389,35.3788972368389,1.77423382325139,1.77423382325139,0,0,0,0,0,0,0,1,0,0,0
akak1251,Akakora,Great Andamanese,10.0,,,,,dormant,1,2694.73780859961,2694.73780859961,64.9434967,64.9434967,35.3788972368389,35.3788972368389,1.77423382325139,1.77423382325139,0,0,0,0,0,0,0,1,0,0,0
huaa1248,East Taa,Tuu,9.0,,2,,,threatened,2,7695.75319445165,6054.440358283686,64.87460327,61.167051814999994,67.4623537838418,58.935578404528655,3.14230774103844,2.71683968797459,0,0,0,0,0,1,0,0,0,0,0
nngg1234,N||ng,Tuu,9.0,5,5,5,5,critically endangered,1,6267.186814093,6267.186814093,78.35759735,78.35759735,63.6917984858172,63.6917984858172,1.42147218614851,1.42147218614851,0,0,0,0,0,1,0,0,0,0,0
lila1246,Lilau,Bogia,2.0,,3,,,endangered,1,3006.70564478923,3006.70564478923,18.81159973,18.81159973,15.4061816403333,15.4061816403333,4.06785501758394,4.06785501758394,0,0,0,0,0,0,0,0,0,1,0
nucl1458,Monumbo,Bogia,2.0,,3,,,endangered,1,3006.70564478923,3006.70564478923,18.81159973,18.81159973,15.4061816403333,15.4061816403333,4.06785501758394,4.06785501758394,0,0,0,0,0,0,0,0,0,1,0
jara1245,Jarawa (India),Jarawa-Onge,2.0,1,3,,0,vulnerable,1,2694.73780859961,2694.73780859961,64.9434967,64.9434967,35.3788972368389,35.3788972368389,1.77423382325139,1.77423382325139,0,0,0,0,0,0,0,1,0,0,0
onge1236,Önge,Jarawa-Onge,2.0,1,4,0,,threatened,1,2694.73780859961,2694.73780859961,64.9434967,64.9434967,35.3788972368389,35.3788972368389,1.77423382325139,1.77423382325139,0,0,0,0,0,0,0,1,0,0,0
teus1236,Teushen,Chonan,4.0,,,,,dormant,2,16709.8893972307,15339.8365288022,95.590243,92.62869764,92.2742315972952,90.6346612226074,0.739019575786262,0.58564045893309,0,0,0,0,0,0,0,0,0,0,1
tehu1242,Tehuelche,Chonan,4.0,,5,,,critically endangered,1,13969.7836603737,13969.7836603737,89.66715228,89.66715228,92.2742315972952,92.2742315972952,0.432261342079918,0.432261342079918,0,0,0,0,0,0,0,0,0,0,1
onaa1245,Selk'nam,Chonan,4.0,,,,,dormant,1,13969.7836603737,13969.7836603737,89.66715228,89.66715228,92.2742315972952,92.2742315972952,0.432261342079918,0.432261342079918,0,0,0,0,0,0,0,0,0,0,1
turu1250,Turumsa,Doso-Turumsa,2.0,,5,,,critically endangered,1,3006.70564478923,3006.70564478923,18.81159973,18.81159973,15.4061816403333,15.4061816403333,4.06785501758394,4.06785501758394,0,0,0,0,0,0,0,0,0,1,0
chay1248,Shawi,Cahuapanan,2.0,,1,,,vulnerable,1,8452.37167056621,8452.37167056621,81.95705992,81.95705992,85.1912729600355,85.1912729600355,1.57651042813743,1.57651042813743,0,0,0,0,0,0,0,0,0,0,1
jebe1250,Jebero,Cahuapanan,2.0,4,4,5,5,critically endangered,1,8452.37167056621,8452.37167056621,81.95705992,81.95705992,85.1912729600355,85.1912729600355,1.57651042813743,1.57651042813743,0,0,0,0,0,0,0,0,0,0,1
nama1267,Namat,Yam,19.0,,3,,,endangered,1,3006.70564478923,3006.70564478923,18.81159973,18.81159973,15.4061816403333,15.4061816403333,4.06785501758394,4.06785501758394,0,0,0,0,0,0,0,0,0,1,0
nenn1238,Nen,Yam,19.0,,3,,,endangered,1,3006.70564478923,3006.70564478923,18.81159973,18.81159973,15.4061816403333,15.4061816403333,4.06785501758394,4.06785501758394,0,0,0,0,0,0,0,0,0,1,0
namo1246,Namo,Yam,19.0,,4,,,severely endangered,1,3006.70564478923,3006.70564478923,18.81159973,18.81159973,15.4061816403333,15.4061816403333,4.06785501758394,4.06785501758394,0,1,0,0,0,0,0,0,0,1,0
rema1238,Rema,Yam,19.0,,4,,,severely endangered,1,3006.70564478923,3006.70564478923,18.81159973,18.81159973,15.4061816403333,15.4061816403333,4.06785501758394,4.06785501758394,0,0,0,0,0,0,0,0,0,1,0
smar1235,Smärky Kanum,Yam,19.0,,4,,,severely endangered,2,4925.43048751861,3966.06806615392,72.78075544,45.796177584999995,58.7509635387997,37.0785725895665,4.06785501758394,2.9825253486044603,0,0,0,0,0,0,0,0,0,1,0
sota1242,Sota Kanum,Yam,19.0,,4,,,severely endangered,2,4925.43048751861,3966.06806615392,72.78075544,45.796177584999995,58.7509635387997,37.0785725895665,4.06785501758394,2.9825253486044603,0,0,0,0,0,0,0,0,0,1,0
ngka1235,Ngkontar Ngkolmpu,Yam,19.0,,3,,,endangered,2,4925.43048751861,3966.06806615392,72.78075544,45.796177584999995,58.7509635387997,37.0785725895665,4.06785501758394,2.9825253486044603,0,0,0,0,0,0,0,0,0,1,0
badi1247,Ngkontar Baedi,Yam,19.0,,4,,,severely endangered,1,4925.43048751861,4925.43048751861,72.78075544,72.78075544,58.7509635387997,58.7509635387997,1.89719567962498,1.89719567962498,0,0,0,0,0,0,0,0,0,1,0
mari1417,Marimanindji,Western Daly,11.0,5,4,5,5,critically endangered,1,64603.9856308464,64603.9856308464,96.13140106,96.13140106,87.6021469990446,87.6021469990446,2.12571289816265,2.12571289816265,0,0,0,0,0,0,1,0,0,0,0
mart1254,Marti Ke,Western Daly,11.0,,5,,5,critically endangered,1,64603.9856308464,64603.9856308464,96.13140106,96.13140106,87.6021469990446,87.6021469990446,2.12571289816265,2.12571289816265,0,0,0,0,0,0,1,0,0,0,0
mari1419,Maringarr,Western Daly,11.0,5,4,5,5,critically endangered,1,64603.9856308464,64603.9856308464,96.13140106,96.13140106,87.6021469990446,87.6021469990446,2.12571289816265,2.12571289816265,0,0,0,0,0,0,1,0,0,0,0
mari1422,Maridan,Western Daly,11.0,5,4,5,5,critically endangered,1,64603.9856308464,64603.9856308464,96.13140106,96.13140106,87.6021469990446,87.6021469990446,2.12571289816265,2.12571289816265,0,0,0,0,0,0,1,0,0,0,0
mari1423,Mariyedi,Western Daly,11.0,5,4,5,5,critically endangered,1,64603.9856308464,64603.9856308464,96.13140106,96.13140106,87.6021469990446,87.6021469990446,2.12571289816265,2.12571289816265,0,0,0,0,0,0,1,0,0,0,0
mari1424,Marithiel,Western Daly,11.0,3,4,5,5,critically endangered,1,64603.9856308464,64603.9856308464,96.13140106,96.13140106,87.6021469990446,87.6021469990446,2.12571289816265,2.12571289816265,0,0,0,0,0,0,1,0,0,0,0
mari1421,Maridjabin,Western Daly,11.0,5,4,5,5,critically endangered,1,64603.9856308464,64603.9856308464,96.13140106,96.13140106,87.6021469990446,87.6021469990446,2.12571289816265,2.12571289816265,0,0,0,0,0,0,1,0,0,0,0
marr1256,Marriammu,Western Daly,11.0,,5,,5,critically endangered,1,64603.9856308464,64603.9856308464,96.13140106,96.13140106,87.6021469990446,87.6021469990446,2.12571289816265,2.12571289816265,0,0,0,0,0,0,1,0,0,0,0
mand1416,Manda (Australia),Western Daly,11.0,5,4,5,5,critically endangered,1,64603.9856308464,64603.9856308464,96.13140106,96.13140106,87.6021469990446,87.6021469990446,2.12571289816265,2.12571289816265,0,0,0,0,0,0,1,0,0,0,0
patw1250,Patwin,Wintuan,2.0,,5,,,critically endangered,1,84534.0407841548,84534.0407841548,94.69380188,94.69380188,80.1247798047184,80.1247798047184,1.04286346807884,1.04286346807884,0,0,0,0,0,0,0,0,1,0,0
atsu1245,Atsugewi,Palaihnihan,2.0,,,,,dormant,1,84534.0407841548,84534.0407841548,94.69380188,94.69380188,80.1247798047184,80.1247798047184,1.04286346807884,1.04286346807884,0,0,0,0,0,0,0,0,1,0,0
achu1247,Achumawi,Palaihnihan,2.0,,5,,5,critically endangered,1,84534.0407841548,84534.0407841548,94.69380188,94.69380188,80.1247798047184,80.1247798047184,1.04286346807884,1.04286346807884,0,0,0,0,0,0,0,0,1,0,0
mogh1245,Mogholi,Mongolic-Khitan,17.0,,,,,dormant,1,413.757894705303,413.757894705303,16.09499931,16.09499931,25.7007352636188,25.7007352636188,3.72642057446598,3.72642057446598,0,0,0,0,0,0,0,1,0,0,0
daur1238,Dagur,Mongolic-Khitan,17.0,,1,3,3,endangered,3,14154.6324958076,11402.8035886556,93.39167254,90.17172318333333,70.9566040039062,66.30794456263357,1.96747462099192,1.3976792442269346,0,0,0,0,0,0,0,1,0,0,0
east2337,East Yugur,Mongolic-Khitan,17.0,,1,,,vulnerable,1,13303.1481543868,13303.1481543868,92.0,92.0,65.8946980998325,65.8946980998325,0.431708792065523,0.431708792065523,0,0,0,0,0,0,0,1,0,0,0
huzh1238,Mongghul,Mongolic-Khitan,17.0,3,0,4,4,endangered,1,13303.1481543868,13303.1481543868,92.0,92.0,65.8946980998325,65.8946980998325,0.431708792065523,0.431708792065523,0,0,0,0,0,0,0,1,0,0,0
minh1238,Mangghuer,Mongolic-Khitan,17.0,,1,,,vulnerable,1,13303.1481543868,13303.1481543868,92.0,92.0,65.8946980998325,65.8946980998325,0.431708792065523,0.431708792065523,0,0,0,0,0,0,0,1,0,0,0
bona1250,Bonan,Mongolic-Khitan,17.0,,1,2,,threatened,1,13303.1481543868,13303.1481543868,92.0,92.0,65.8946980998325,65.8946980998325,0.431708792065523,0.431708792065523,0,0,0,0,0,0,0,1,0,0,0
bona1250,Bonan,Mongolic-Khitan,17.0,4,2,2,1,threatened,1,13303.1481543868,13303.1481543868,92.0,92.0,65.8946980998325,65.8946980998325,0.431708792065523,0.431708792065523,0,0,0,0,0,0,0,1,0,0,0
kang1281,Kangjia,Mongolic-Khitan,17.0,,3,4,3,severely endangered,1,13303.1481543868,13303.1481543868,92.0,92.0,65.8946980998325,65.8946980998325,0.431708792065523,0.431708792065523,0,0,0,0,0,0,0,1,0,0,0
dong1285,Dongxiang,Mongolic-Khitan,17.0,,1,,,vulnerable,1,13303.1481543868,13303.1481543868,92.0,92.0,65.8946980998325,65.8946980998325,0.431708792065523,0.431708792065523,0,0,0,0,0,0,0,1,0,0,0
kham1281,Khamnigan Mongol,Mongolic-Khitan,17.0,,3,5,3,severely endangered,3,14889.0185546875,11647.598941615566,94.36495368,90.49615023,75.1119136177067,70.65440524048181,1.96747462099192,0.7902879295921655,0,0,0,0,0,0,0,1,0,0,0
russ1264,Russia Buriat,Mongolic-Khitan,17.0,,1,,3,endangered,2,14889.0185546875,10819.82433522995,94.36495368,89.74422534499999,75.1119136177067,73.03425881080645,1.96747462099192,0.9695774983554868,0,0,0,0,0,0,0,1,0,0,0
chin1476,China Buriat,Mongolic-Khitan,17.0,,1,1,1,vulnerable,3,14889.0185546875,11647.598941615566,94.36495368,90.49615023,75.1119136177067,70.65440524048181,1.96747462099192,0.7902879295921655,0,0,0,0,0,0,0,1,0,0,0
mong1330,Mongolia Buriat,Mongolic-Khitan,17.0,,0,2,1,vulnerable,3,14889.0185546875,11647.598941615566,94.36495368,90.49615023,75.1119136177067,70.65440524048181,1.96747462099192,0.7902879295921655,0,1,0,0,0,0,0,1,0,0,0
kalm1243,Oirad-Kalmyk-Darkhat,Mongolic-Khitan,17.0,,0,2,1,vulnerable,4,14889.0185546875,12274.357330163575,94.36495368,91.2200308075,75.1119136177067,68.50893682640185,1.96747462099192,1.0411795270999642,0,1,0,0,0,0,0,1,0,0,0
hais1244,Haisla,Wakashan,6.0,,4,5,4,critically endangered,1,54340.3477224733,54340.3477224733,94.353302,94.353302,82.7002565766633,82.7002565766633,3.17427570128175,3.17427570128175,0,0,0,0,0,0,0,0,1,0,0
kwak1269,Kwak'wala,Wakashan,6.0,,3,,,severely endangered,1,54340.3477224733,54340.3477224733,94.353302,94.353302,82.7002565766633,82.7002565766633,3.17427570128175,3.17427570128175,0,0,0,0,0,0,0,0,1,0,0
heil1246,Heiltsuk-Oowekyala,Wakashan,6.0,,4,,,critically endangered,1,54340.3477224733,54340.3477224733,94.353302,94.353302,82.7002565766633,82.7002565766633,3.17427570128175,3.17427570128175,0,0,0,0,0,0,0,0,1,0,0
nuuc1236,Nuu-chah-nulth,Wakashan,6.0,,3,5,5,critically endangered,1,54340.3477224733,54340.3477224733,94.353302,94.353302,82.7002565766633,82.7002565766633,3.17427570128175,3.17427570128175,0,0,0,0,0,0,0,0,1,0,0
diti1235,Ditidaht,Wakashan,6.0,,5,5,5,critically endangered,1,54340.3477224733,54340.3477224733,94.353302,94.353302,82.7002565766633,82.7002565766633,3.17427570128175,3.17427570128175,0,0,0,0,0,0,0,0,1,0,0
maka1318,Makah,Wakashan,6.0,,,,,awakening,1,84534.0407841548,84534.0407841548,94.69380188,94.69380188,80.1247798047184,80.1247798047184,1.04286346807884,1.04286346807884,0,0,0,0,0,0,0,0,1,0,0
dime1235,Dime,South Omotic,5.0,,2,,,threatened,1,1133.88279681719,1133.88279681719,21.94129944,21.94129944,23.6222839355469,23.6222839355469,4.99846973014755,4.99846973014755,0,0,0,0,0,1,0,0,0,0,0
hame1242,Hamer-Banna,South Omotic,5.0,,1,,,vulnerable,2,2132.43452097647,1633.15865889683,34.97622513,28.458762285000002,31.8937831721599,27.7580335538534,4.99846973014755,3.888449122195045,0,0,0,0,0,1,0,0,0,0,0
karo1297,Karo (Ethiopia),South Omotic,5.0,,2,,,threatened,1,1133.88279681719,1133.88279681719,21.94129944,21.94129944,23.6222839355469,23.6222839355469,4.99846973014755,4.99846973014755,0,0,0,0,0,1,0,0,0,0,0
dana1252,Danau,Austroasiatic,158.0,,2,4,3,endangered,1,1359.05001560107,1359.05001560107,45.4477005,45.4477005,30.4499084074136,30.4499084074136,0.897397924045793,0.897397924045793,0,0,0,0,0,0,0,1,0,0,0
uuuu1243,U,Austroasiatic,158.0,,2,,,threatened,1,13303.1481543868,13303.1481543868,92.0,92.0,65.8946980998325,65.8946980998325,0.431708792065523,0.431708792065523,0,0,0,0,0,0,0,1,0,0,0
huuu1240,Hu,Austroasiatic,158.0,,3,3,,endangered,1,13303.1481543868,13303.1481543868,92.0,92.0,65.8946980998325,65.8946980998325,0.431708792065523,0.431708792065523,0,0,0,0,0,0,0,1,0,0,0
manm1238,Man Met,Austroasiatic,158.0,,2,,,threatened,1,13303.1481543868,13303.1481543868,92.0,92.0,65.8946980998325,65.8946980998325,0.431708792065523,0.431708792065523,0,0,0,0,0,0,0,1,0,0,0
tail1246,Muak,Austroasiatic,158.0,1,2,1,0,vulnerable,2,2123.97909415109,1741.5145548760802,65.59269714,55.520198820000005,39.5552154401406,35.0025619237771,3.26799060616451,2.082694265105151,0,0,0,0,0,0,0,1,0,0,0
nucl1290,Zhenkang Wa,Austroasiatic,158.0,,0,,,at risk,2,13303.1481543868,7331.099084993934,92.0,68.72385025,65.8946980998325,48.17230325362305,0.897397924045793,0.664553358055658,0,0,0,0,0,0,0,1,0,0,0
west2396,Western Lawa,Austroasiatic,158.0,,1,,,vulnerable,1,7346.62022142185,7346.62022142185,90.86718789,90.86718789,61.8689338391321,61.8689338391321,1.47434839627653,1.47434839627653,0,0,0,0,0,0,0,1,0,0,0
bitt1240,Bit,Austroasiatic,158.0,,3,4,,severely endangered,2,13303.1481543868,7713.563624268945,92.0,78.79634856999999,65.8946980998325,52.72495676998655,3.26799060616451,1.8498496991150164,0,0,0,0,0,0,0,1,0,0,0
khan1274,Kháng,Austroasiatic,158.0,,2,,,threatened,2,13303.1481543868,9010.219220855644,92.0,88.075,65.8946980998325,52.192384221425044,1.57144510714158,1.0015769496035516,0,0,0,0,0,0,0,1,0,0,0
rian1261,Riang (Myanmar),Austroasiatic,158.0,,1,,,vulnerable,2,13303.1481543868,7331.099084993934,92.0,68.72385025,65.8946980998325,48.17230325362305,0.897397924045793,0.664553358055658,0,0,0,0,0,0,0,1,0,0,0
nyeu1238,Nyeu,Austroasiatic,158.0,,3,,,endangered,1,7346.62022142185,7346.62022142185,90.86718789,90.86718789,61.8689338391321,61.8689338391321,1.47434839627653,1.47434839627653,0,0,0,0,0,0,0,1,0,0,0
east2332,Eastern Bru,Austroasiatic,158.0,,1,,,vulnerable,2,4717.29028732449,3420.63469073779,84.15,74.87134857000001,39.5552154401406,39.022642891579096,3.26799060616451,2.419717856653045,0,0,0,0,0,0,0,1,0,0,0
west2397,Western Bru,Austroasiatic,158.0,,1,,,vulnerable,2,7346.62022142185,4735.299657786471,90.86718789,78.229942515,61.8689338391321,50.71207463963635,3.26799060616451,2.37116950122052,0,0,0,0,0,0,0,1,0,0,0
khar1287,Kharia,Austroasiatic,158.0,2,0,1,0,vulnerable,2,2694.73780859961,2071.023926591945,64.9434967,55.632698055,66.772343163029,51.07562019993395,1.77423382325139,0.9855282118977164,0,0,0,0,0,0,0,1,0,0,0
gata1239,Gata',Austroasiatic,158.0,,2,,,threatened,1,2694.73780859961,2694.73780859961,64.9434967,64.9434967,35.3788972368389,35.3788972368389,1.77423382325139,1.77423382325139,0,0,0,0,0,0,0,1,0,0,0
juan1238,Juang,Austroasiatic,158.0,1,1,0,0,vulnerable,1,2694.73780859961,2694.73780859961,64.9434967,64.9434967,35.3788972368389,35.3788972368389,1.77423382325139,1.77423382325139,0,0,0,0,0,0,0,1,0,0,0
kork1243,Korku,Austroasiatic,158.0,,0,,,at risk,1,2694.73780859961,2694.73780859961,64.9434967,64.9434967,35.3788972368389,35.3788972368389,1.77423382325139,1.77423382325139,0,0,0,0,0,0,0,1,0,0,0
koda1236,Koda,Austroasiatic,158.0,,1,,,vulnerable,2,2694.73780859961,2644.0769627036752,64.9434967,59.18260493,35.3788972368389,34.0286084345848,2.82015881681108,2.297196320031235,0,0,0,0,0,0,0,1,0,0,0
birh1242,Birhor,Austroasiatic,158.0,,2,,,threatened,1,2694.73780859961,2694.73780859961,64.9434967,64.9434967,35.3788972368389,35.3788972368389,1.77423382325139,1.77423382325139,0,0,0,0,0,0,0,1,0,0,0
turi1246,Turi,Austroasiatic,158.0,,2,,,threatened,1,2694.73780859961,2694.73780859961,64.9434967,64.9434967,35.3788972368389,35.3788972368389,1.77423382325139,1.77423382325139,0,0,0,0,0,0,0,1,0,0,0
hooo1248,Ho,Austroasiatic,158.0,,0,,,at risk,1,2694.73780859961,2694.73780859961,64.9434967,64.9434967,35.3788972368389,35.3788972368389,1.77423382325139,1.77423382325139,0,1,0,0,0,0,0,1,0,0,0
korw1242,Korwa,Austroasiatic,158.0,,1,,,vulnerable,1,2694.73780859961,2694.73780859961,64.9434967,64.9434967,35.3788972368389,35.3788972368389,1.77423382325139,1.77423382325139,0,0,0,0,0,0,0,1,0,0,0
asur1254,Asuri,Austroasiatic,158.0,,2,,,threatened,1,2694.73780859961,2694.73780859961,64.9434967,64.9434967,35.3788972368389,35.3788972368389,1.77423382325139,1.77423382325139,0,0,0,0,0,0,0,1,0,0,0
bond1245,Bondo,Austroasiatic,158.0,,2,,,threatened,1,2694.73780859961,2694.73780859961,64.9434967,64.9434967,35.3788972368389,35.3788972368389,1.77423382325139,1.77423382325139,0,0,0,0,0,0,0,1,0,0,0
bodo1267,Bodo Gadaba,Austroasiatic,158.0,4,2,,2,endangered,1,2694.73780859961,2694.73780859961,64.9434967,64.9434967,35.3788972368389,35.3788972368389,1.77423382325139,1.77423382325139,0,0,0,0,0,0,0,1,0,0,0
pare1266,Gorum-Parenga,Austroasiatic,158.0,,2,,3,endangered,1,2694.73780859961,2694.73780859961,64.9434967,64.9434967,35.3788972368389,35.3788972368389,1.77423382325139,1.77423382325139,0,0,0,0,0,0,0,1,0,0,0
sora1254,Sora,Austroasiatic,158.0,,0,,,at risk,1,2694.73780859961,2694.73780859961,64.9434967,64.9434967,35.3788972368389,35.3788972368389,1.77423382325139,1.77423382325139,0,0,0,0,0,0,0,1,0,0,0
nyah1250,Nyahkur,Austroasiatic,158.0,,2,3,2,endangered,1,7346.62022142185,7346.62022142185,90.86718789,90.86718789,61.8689338391321,61.8689338391321,1.47434839627653,1.47434839627653,0,0,0,0,0,0,0,1,0,0,0
carn1240,Car Nicobarese,Austroasiatic,158.0,,1,,,vulnerable,1,2694.73780859961,2694.73780859961,64.9434967,64.9434967,35.3788972368389,35.3788972368389,1.77423382325139,1.77423382325139,0,0,0,0,0,0,0,1,0,0,0
tere1272,Teressa,Austroasiatic,158.0,,2,,,threatened,1,2694.73780859961,2694.73780859961,64.9434967,64.9434967,35.3788972368389,35.3788972368389,1.77423382325139,1.77423382325139,0,0,0,0,0,0,0,1,0,0,0
chau1258,Chaura,Austroasiatic,158.0,,2,,,threatened,1,2694.73780859961,2694.73780859961,64.9434967,64.9434967,35.3788972368389,35.3788972368389,1.77423382325139,1.77423382325139,0,0,0,0,0,0,0,1,0,0,0
cent1990,Central Nicobarese,Austroasiatic,158.0,,1,,,vulnerable,1,2694.73780859961,2694.73780859961,64.9434967,64.9434967,35.3788972368389,35.3788972368389,1.77423382325139,1.77423382325139,0,0,0,0,0,0,0,1,0,0,0
sout2689,Southern Nicobarese,Austroasiatic,158.0,,2,,,threatened,1,2694.73780859961,2694.73780859961,64.9434967,64.9434967,35.3788972368389,35.3788972368389,1.77423382325139,1.77423382325139,0,0,0,0,0,0,0,1,0,0,0
mang1378,Mang,Austroasiatic,158.0,,,4,,severely endangered,3,13303.1481543868,8455.68622104438,92.0,89.00572929666667,65.8946980998325,55.41790076066073,1.57144510714158,1.1591674318278777,0,0,0,0,0,0,0,1,0,0,0
buga1247,Bugan,Austroasiatic,158.0,1,2,0,0,vulnerable,1,13303.1481543868,13303.1481543868,92.0,92.0,65.8946980998325,65.8946980998325,0.431708792065523,0.431708792065523,0,0,0,0,0,0,0,1,0,0,0
boly1239,Bolyu,Austroasiatic,158.0,,3,4,,severely endangered,1,13303.1481543868,13303.1481543868,92.0,92.0,65.8946980998325,65.8946980998325,0.431708792065523,0.431708792065523,0,0,0,0,0,0,0,1,0,0,0
hung1275,Hung,Austroasiatic,158.0,,3,3,,endangered,2,4717.29028732449,3420.63469073779,84.15,74.87134857000001,39.5552154401406,39.022642891579096,3.26799060616451,2.419717856653045,0,0,0,0,0,0,0,1,0,0,0
hung1275,Hung,Austroasiatic,158.0,,3,,,endangered,2,4717.29028732449,3420.63469073779,84.15,74.87134857000001,39.5552154401406,39.022642891579096,3.26799060616451,2.419717856653045,0,0,0,0,0,0,0,1,0,0,0
nguo1239,Nguôn,Austroasiatic,158.0,,3,3,,endangered,2,4717.29028732449,3420.63469073779,84.15,74.87134857000001,39.5552154401406,39.022642891579096,3.26799060616451,2.419717856653045,0,0,0,0,0,0,0,1,0,0,0
aheu1239,Thavung,Austroasiatic,158.0,,3,4,,severely endangered,2,7346.62022142185,4735.299657786471,90.86718789,78.229942515,61.8689338391321,50.71207463963635,3.26799060616451,2.37116950122052,0,0,0,0,0,0,0,1,0,0,0
aheu1239,Thavung,Austroasiatic,158.0,,3,3,,endangered,2,7346.62022142185,4735.299657786471,90.86718789,78.229942515,61.8689338391321,50.71207463963635,3.26799060616451,2.37116950122052,0,0,0,0,0,0,0,1,0,0,0
male1282,Maleng,Austroasiatic,158.0,,3,3,,endangered,2,4717.29028732449,3420.63469073779,84.15,74.87134857000001,39.5552154401406,39.022642891579096,3.26799060616451,2.419717856653045,0,0,0,0,0,0,0,1,0,0,0
arem1240,Arem,Austroasiatic,158.0,,4,5,,critically endangered,2,4717.29028732449,3420.63469073779,84.15,74.87134857000001,39.5552154401406,39.022642891579096,3.26799060616451,2.419717856653045,0,0,0,0,0,0,0,1,0,0,0
chut1247,Chut,Austroasiatic,158.0,,3,,,endangered,2,4717.29028732449,3420.63469073779,84.15,74.87134857000001,39.5552154401406,39.022642891579096,3.26799060616451,2.419717856653045,0,0,0,0,0,0,0,1,0,0,0
pear1247,Pear,Austroasiatic,158.0,,3,4,,severely endangered,1,2627.87969756224,2627.87969756224,68.47530365,68.47530365,40.8727033252729,40.8727033252729,1.82378198623233,1.82378198623233,0,0,0,0,0,0,0,1,0,0,0
cent2314,Central Chong,Austroasiatic,158.0,,4,5,3,severely endangered,1,7346.62022142185,7346.62022142185,90.86718789,90.86718789,61.8689338391321,61.8689338391321,1.47434839627653,1.47434839627653,0,0,0,0,0,0,0,1,0,0,0
chon1284,Chong of Chanthaburi,Austroasiatic,158.0,,3,4,3,severely endangered,2,7346.62022142185,4987.249959492045,90.86718789,79.67124577,61.8689338391321,51.3708185822025,1.82378198623233,1.6490651912544299,0,0,0,0,0,0,0,1,0,0,0
somr1240,Somray of Battambang-Somre of Siem Reap,Austroasiatic,158.0,,5,5,5,critically endangered,1,2627.87969756224,2627.87969756224,68.47530365,68.47530365,40.8727033252729,40.8727033252729,1.82378198623233,1.82378198623233,0,0,0,0,0,0,0,1,0,0,0
suoy1242,Suoy,Austroasiatic,158.0,,3,,,endangered,1,2627.87969756224,2627.87969756224,68.47530365,68.47530365,40.8727033252729,40.8727033252729,1.82378198623233,1.82378198623233,0,0,0,0,0,0,0,1,0,0,0
saoc1239,Sa'och,Austroasiatic,158.0,,4,,1,threatened,2,7346.62022142185,4987.249959492045,90.86718789,79.67124577,61.8689338391321,51.3708185822025,1.82378198623233,1.6490651912544299,0,0,0,0,0,0,0,1,0,0,0
besi1244,Besisi,Austroasiatic,158.0,3,2,1,0,threatened,1,11874.4273684245,11874.4273684245,98.0206059,98.0206059,76.9170296648992,76.9170296648992,1.83816120540281,1.83816120540281,0,0,0,0,0,0,0,1,0,0,0
seme1247,Semelai,Austroasiatic,158.0,1,2,0,0,vulnerable,1,11874.4273684245,11874.4273684245,98.0206059,98.0206059,76.9170296648992,76.9170296648992,1.83816120540281,1.83816120540281,0,0,0,0,0,0,0,1,0,0,0
sema1265,Semaq Beri,Austroasiatic,158.0,,2,,,threatened,1,11874.4273684245,11874.4273684245,98.0206059,98.0206059,76.9170296648992,76.9170296648992,1.83816120540281,1.83816120540281,0,0,0,0,0,0,0,1,0,0,0
temo1243,Temoq,Austroasiatic,158.0,,3,,,endangered,1,11874.4273684245,11874.4273684245,98.0206059,98.0206059,76.9170296648992,76.9170296648992,1.83816120540281,1.83816120540281,0,0,0,0,0,0,0,1,0,0,0
jahh1242,Jah Hut,Austroasiatic,158.0,,2,,,threatened,1,11874.4273684245,11874.4273684245,98.0206059,98.0206059,76.9170296648992,76.9170296648992,1.83816120540281,1.83816120540281,0,0,0,0,0,0,0,1,0,0,0
sema1266,Semai,Austroasiatic,158.0,0,1,,,vulnerable,1,11874.4273684245,11874.4273684245,98.0206059,98.0206059,76.9170296648992,76.9170296648992,1.83816120540281,1.83816120540281,0,0,0,0,0,0,0,1,0,0,0
temi1246,Temiar,Austroasiatic,158.0,1,1,,,vulnerable,1,11874.4273684245,11874.4273684245,98.0206059,98.0206059,76.9170296648992,76.9170296648992,1.83816120540281,1.83816120540281,0,0,0,0,0,0,0,1,0,0,0
sabu1253,Sabüm,Austroasiatic,158.0,,,,,dormant,1,11874.4273684245,11874.4273684245,98.0206059,98.0206059,76.9170296648992,76.9170296648992,1.83816120540281,1.83816120540281,0,0,0,0,0,0,0,1,0,0,0
lano1248,Lanoh,Austroasiatic,158.0,,3,,,endangered,1,11874.4273684245,11874.4273684245,98.0206059,98.0206059,76.9170296648992,76.9170296648992,1.83816120540281,1.83816120540281,0,0,0,0,0,0,0,1,0,0,0
chew1245,Chewong,Austroasiatic,158.0,,3,4,,severely endangered,1,11874.4273684245,11874.4273684245,98.0206059,98.0206059,76.9170296648992,76.9170296648992,1.83816120540281,1.83816120540281,0,0,0,0,0,0,0,1,0,0,0
kint1239,Kintaq,Austroasiatic,158.0,,3,,,endangered,2,11874.4273684245,9610.523794923174,98.0206059,94.443896895,76.9170296648992,69.39298175201566,1.83816120540281,1.65625480083967,0,0,0,0,0,0,0,1,0,0,0
tong1308,Maniq,Austroasiatic,158.0,,3,,,endangered,2,11874.4273684245,9610.523794923174,98.0206059,94.443896895,76.9170296648992,69.39298175201566,1.83816120540281,1.65625480083967,1,0,0,0,0,0,0,1,0,0,0
kens1248,Kensiu,Austroasiatic,158.0,,3,,,endangered,2,11874.4273684245,9610.523794923174,98.0206059,94.443896895,76.9170296648992,69.39298175201566,1.83816120540281,1.65625480083967,0,0,0,0,0,0,0,1,0,0,0
minr1238,Minriq,Austroasiatic,158.0,,3,,,endangered,1,11874.4273684245,11874.4273684245,98.0206059,98.0206059,76.9170296648992,76.9170296648992,1.83816120540281,1.83816120540281,0,0,0,0,0,0,0,1,0,0,0
jeha1242,Jehai,Austroasiatic,158.0,,2,,,threatened,2,11874.4273684245,9610.523794923174,98.0206059,94.443896895,76.9170296648992,69.39298175201566,1.83816120540281,1.65625480083967,0,0,0,0,0,0,0,1,0,0,0
mint1239,Mintil,Austroasiatic,158.0,,4,,,severely endangered,1,11874.4273684245,11874.4273684245,98.0206059,98.0206059,76.9170296648992,76.9170296648992,1.83816120540281,1.83816120540281,0,0,0,0,0,0,0,1,0,0,0
bate1262,Batek,Austroasiatic,158.0,,3,,,endangered,1,11874.4273684245,11874.4273684245,98.0206059,98.0206059,76.9170296648992,76.9170296648992,1.83816120540281,1.83816120540281,0,0,0,0,0,0,0,1,0,0,0
mlab1235,Mlabri,Austroasiatic,158.0,2,3,1,1,threatened,2,7346.62022142185,4735.299657786471,90.86718789,78.229942515,61.8689338391321,50.71207463963635,3.26799060616451,2.37116950122052,0,0,0,0,0,0,0,1,0,0,0
phai1238,Prai,Austroasiatic,158.0,,2,,,threatened,2,7346.62022142185,4735.299657786471,90.86718789,78.229942515,61.8689338391321,50.71207463963635,3.26799060616451,2.37116950122052,0,0,0,0,0,0,0,1,0,0,0
phon1246,Phong-Kniang,Austroasiatic,158.0,,2,,,threatened,2,4717.29028732449,3420.63469073779,84.15,74.87134857000001,39.5552154401406,39.022642891579096,3.26799060616451,2.419717856653045,0,0,0,0,0,0,0,1,0,0,0
oduu1239,O'du,Austroasiatic,158.0,,4,5,3,severely endangered,2,4717.29028732449,3420.63469073779,84.15,74.87134857000001,39.5552154401406,39.022642891579096,3.26799060616451,2.419717856653045,0,0,0,0,0,0,0,1,0,0,0
kaco1239,Kaco',Austroasiatic,158.0,1,2,0,0,vulnerable,1,2627.87969756224,2627.87969756224,68.47530365,68.47530365,40.8727033252729,40.8727033252729,1.82378198623233,1.82378198623233,0,0,0,0,0,0,0,1,0,0,0
roma1331,Romam,Austroasiatic,158.0,,3,,,endangered,1,4717.29028732449,4717.29028732449,84.15,84.15,38.4900703430176,38.4900703430176,1.57144510714158,1.57144510714158,0,0,0,0,0,0,0,1,0,0,0
lawi1235,Lawi,Austroasiatic,158.0,,3,,,endangered,1,2123.97909415109,2123.97909415109,65.59269714,65.59269714,39.5552154401406,39.5552154401406,3.26799060616451,3.26799060616451,0,0,0,0,0,0,0,1,0,0,0
lave1249,Brao,Austroasiatic,158.0,,1,,,vulnerable,3,4717.29028732449,3156.38302634594,84.15,72.73933359666667,40.8727033252729,39.639329702810365,3.26799060616451,2.2210725665128064,0,0,0,0,0,0,0,1,0,0,0
souu1238,Sou,Austroasiatic,158.0,,2,,,threatened,2,2627.87969756224,2375.929395856665,68.47530365,67.03400039499999,40.8727033252729,40.21395938270675,3.26799060616451,2.54588629619842,0,0,0,0,0,0,0,1,0,0,0
chra1242,Chrau,Austroasiatic,158.0,,1,,,vulnerable,1,4717.29028732449,4717.29028732449,84.15,84.15,38.4900703430176,38.4900703430176,1.57144510714158,1.57144510714158,0,0,0,0,0,0,0,1,0,0,0
krao1238,Kraol,Austroasiatic,158.0,1,2,,0,vulnerable,1,2627.87969756224,2627.87969756224,68.47530365,68.47530365,40.8727033252729,40.8727033252729,1.82378198623233,1.82378198623233,0,0,0,0,0,0,0,1,0,0,0
cent1992,Central Mnong,Austroasiatic,158.0,,1,,,vulnerable,2,4717.29028732449,3672.584992443365,84.15,76.312651825,40.8727033252729,39.68138683414525,1.82378198623233,1.6976135466869549,0,0,0,0,0,0,0,1,0,0,0
bulo1242,Bulo Stieng,Austroasiatic,158.0,,2,,,threatened,2,4717.29028732449,3672.584992443365,84.15,76.312651825,40.8727033252729,39.68138683414525,1.82378198623233,1.6976135466869549,0,0,0,0,0,0,0,1,0,0,0
ango1254,Angor,Senagi,2.0,,2,,,threatened,1,3006.70564478923,3006.70564478923,18.81159973,18.81159973,15.4061816403333,15.4061816403333,4.06785501758394,4.06785501758394,0,0,0,0,0,0,0,0,0,1,0
dera1245,Dera (Indonesia),Senagi,2.0,,2,,2,threatened,2,4925.43048751861,3966.06806615392,72.78075544,45.796177584999995,58.7509635387997,37.0785725895665,4.06785501758394,2.9825253486044603,0,0,0,0,0,0,0,0,0,1,0
arii1243,Ari,Suki-Gogodala,4.0,,4,,,severely endangered,1,3006.70564478923,3006.70564478923,18.81159973,18.81159973,15.4061816403333,15.4061816403333,4.06785501758394,4.06785501758394,0,0,0,0,0,0,0,0,0,1,0
xibe1242,Xibe,Tungusic,15.0,2,1,1,0,vulnerable,2,14154.6324958076,13728.8903250972,93.39167254,92.69583627,65.8946980998325,63.98361484199725,1.79385431962336,1.1127815558444416,0,0,0,0,0,0,0,1,0,0,0
manc1252,Manchu,Tungusic,15.0,5,4,5,5,critically endangered,2,14889.0185546875,14096.08335453715,94.36495368,93.18247683999999,75.1119136177067,70.50330585876961,0.431708792065523,0.20169458389228825,0,0,0,0,0,0,0,1,0,0,0
kile1243,Kilen,Tungusic,15.0,,4,,,severely endangered,2,14889.0185546875,14096.08335453715,94.36495368,93.18247683999999,75.1119136177067,70.50330585876961,0.431708792065523,0.20169458389228825,0,0,0,0,0,0,0,1,0,0,0
oroc1248,Oroch,Tungusic,15.0,,3,5,4,severely endangered,1,14889.0185546875,14889.0185546875,94.36495368,94.36495368,75.1119136177067,75.1119136177067,-0.0283196242809465,-0.0283196242809465,0,0,0,0,0,0,0,1,0,0,0
udih1248,Udihe,Tungusic,15.0,,4,5,5,critically endangered,1,14889.0185546875,14889.0185546875,94.36495368,94.36495368,75.1119136177067,75.1119136177067,-0.0283196242809465,-0.0283196242809465,0,0,0,0,0,0,0,1,0,0,0
oroq1238,Oroqen,Tungusic,15.0,,2,4,4,severely endangered,2,14889.0185546875,14096.08335453715,94.36495368,93.18247683999999,75.1119136177067,70.50330585876961,0.431708792065523,0.20169458389228825,0,0,0,0,0,0,0,1,0,0,0
even1259,Evenki,Tungusic,15.0,,2,4,2,endangered,3,14889.0185546875,11647.598941615566,94.36495368,90.49615023,75.1119136177067,70.65440524048181,1.96747462099192,0.7902879295921655,0,0,0,0,0,0,0,1,0,0,0
even1260,Even,Tungusic,15.0,,2,4,4,severely endangered,1,14889.0185546875,14889.0185546875,94.36495368,94.36495368,75.1119136177067,75.1119136177067,-0.0283196242809465,-0.0283196242809465,0,0,0,0,0,0,0,1,0,0,0
kuro1242,Kur-Urmi,Tungusic,15.0,,3,,,endangered,2,14889.0185546875,14096.08335453715,94.36495368,93.18247683999999,75.1119136177067,70.50330585876961,0.431708792065523,0.20169458389228825,0,0,0,0,0,0,0,1,0,0,0
negi1245,Negidal,Tungusic,15.0,,3,5,4,severely endangered,1,14889.0185546875,14889.0185546875,94.36495368,94.36495368,75.1119136177067,75.1119136177067,-0.0283196242809465,-0.0283196242809465,0,0,0,0,0,0,0,1,0,0,0
nana1257,Nanai,Tungusic,15.0,4,3,5,4,severely endangered,2,14889.0185546875,14096.08335453715,94.36495368,93.18247683999999,75.1119136177067,70.50330585876961,0.431708792065523,0.20169458389228825,0,0,0,0,0,0,0,1,0,0,0
ulch1241,Ulch,Tungusic,15.0,4,3,5,5,critically endangered,1,14889.0185546875,14889.0185546875,94.36495368,94.36495368,75.1119136177067,75.1119136177067,-0.0283196242809465,-0.0283196242809465,0,0,0,0,0,0,0,1,0,0,0
orok1265,Orok,Tungusic,15.0,,4,5,5,critically endangered,2,32487.0778047567,23688.0481797221,94.36495368,89.953242245,92.1901718034531,83.6510427105799,-0.0283196242809465,-0.17365799699867623,0,0,0,0,0,0,0,1,0,0,0
woun1238,Woun Meu,Chocoan,9.0,,1,,2,threatened,2,19161.2188501596,13540.213859206524,79.34543299,76.05846631,78.5210811866115,72.25846297758015,1.47211283915818,1.4298742033122398,0,0,0,0,0,0,0,0,0,0,1
epen1239,Epena,Chocoan,9.0,,1,,,vulnerable,3,19161.2188501596,11318.377819393017,79.34543299,76.42988792333334,78.5210811866115,69.25153973164016,1.47211283915818,1.2965068722275266,0,0,0,0,0,0,0,0,0,0,1
embe1262,Emberá-Chamí,Chocoan,9.0,,1,,,vulnerable,2,19161.2188501596,13540.213859206524,79.34543299,76.05846631,78.5210811866115,72.25846297758015,1.47211283915818,1.4298742033122398,0,0,0,0,0,0,0,0,0,0,1
embe1260,Emberá-Catío,Chocoan,9.0,,1,,,vulnerable,2,19161.2188501596,13540.213859206524,79.34543299,76.05846631,78.5210811866115,72.25846297758015,1.47211283915818,1.4298742033122398,0,0,0,0,0,0,0,0,0,0,1
nort2972,Northern Emberá,Chocoan,9.0,,1,,,vulnerable,2,19161.2188501596,13540.213859206524,79.34543299,76.05846631,78.5210811866115,72.25846297758015,1.47211283915818,1.4298742033122398,0,0,0,0,0,0,0,0,0,0,1
west2402,West Yugur,Turkic,43.0,,2,,,threatened,1,13303.1481543868,13303.1481543868,92.0,92.0,65.8946980998325,65.8946980998325,0.431708792065523,0.431708792065523,0,0,0,0,0,0,0,1,0,0,0
turk1303,Khalaj Turkic,Turkic,43.0,,1,,,vulnerable,1,5190.16959024821,5190.16959024821,85.3404007,85.3404007,77.0201263427734,77.0201263427734,1.50072659043525,1.50072659043525,0,0,0,0,0,0,0,1,0,0,0
dolg1241,Dolgan,Turkic,43.0,,2,,1,threatened,1,14889.0185546875,14889.0185546875,94.36495368,94.36495368,75.1119136177067,75.1119136177067,-0.0283196242809465,-0.0283196242809465,0,0,0,0,0,0,0,1,0,0,0
yaku1245,Sakha,Turkic,43.0,,1,,1,vulnerable,1,14889.0185546875,14889.0185546875,94.36495368,94.36495368,75.1119136177067,75.1119136177067,-0.0283196242809465,-0.0283196242809465,0,1,0,0,0,0,0,1,0,0,0
sala1264,Salar,Turkic,43.0,3,1,2,1,threatened,1,13303.1481543868,13303.1481543868,92.0,92.0,65.8946980998325,65.8946980998325,0.431708792065523,0.431708792065523,0,0,0,0,0,0,0,1,0,0,0
balk1254,Rumelian Turkish,Turkic,43.0,,0,,3,threatened,4,24626.1481858973,16851.684474423037,93.6,87.40413014,89.3443122873887,76.21389282963588,0.587160894947427,0.34343211088056125,0,0,0,0,0,0,0,1,0,0,0
gaga1249,Gagauz,Turkic,43.0,,0,2,1,vulnerable,6,24626.1481858973,14093.31680486534,93.6,85.57380432666666,78.9967856500534,63.454462184473236,0.417771039442017,0.011574853946059374,0,1,0,0,0,0,0,1,0,0,0
kara1464,Karaim,Turkic,43.0,,3,,5,critically endangered,2,29384.0189598663,17386.746052198774,89.16116293,85.81803110999999,69.5315643200148,69.18007382577315,0.948110579345301,0.682940809393659,0,0,0,1,0,0,0,1,0,0,0
urum1249,Kipchak Urum,Turkic,43.0,,1,5,2,endangered,4,24626.1481858973,13536.532777063294,94.36495368,86.72702468,78.9967856500534,71.17980602428705,0.417771039442017,0.18910712731937637,0,0,0,0,0,0,0,1,0,0,0
crim1257,Crimean Tatar,Turkic,43.0,,1,,1,vulnerable,9,29384.0189598663,12932.170533224564,94.36495368,87.32680375555555,89.3443122873887,62.01899171753418,1.97493793290612,0.5255009017919137,0,1,0,0,0,0,0,1,0,0,0
krym1236,Krymchak,Turkic,43.0,,3,5,5,critically endangered,4,20080.2096215595,13076.797838894996,91.29048551,85.0007241725,73.9499356882481,64.18198460262825,0.417771039442017,0.17397770200896756,0,0,0,0,0,0,0,1,0,0,0
sout2694,Southern Altai,Turkic,43.0,,1,2,2,threatened,4,14889.0185546875,12274.357330163575,94.36495368,91.2200308075,75.1119136177067,68.50893682640185,1.96747462099192,1.0411795270999642,0,1,0,0,0,0,0,1,0,0,0
noga1249,Nogai,Turkic,43.0,2,1,,1,threatened,2,14889.0185546875,14521.82552524755,94.36495368,93.87831311,75.1119136177067,68.59222260093435,1.79385431962336,0.8827673476712068,0,1,0,0,0,0,0,1,0,0,0
ilit1241,Ili Turki,Turkic,43.0,,3,5,5,critically endangered,2,14154.6324958076,13728.8903250972,93.39167254,92.69583627,65.8946980998325,63.98361484199725,1.79385431962336,1.1127815558444416,0,0,0,0,0,0,0,1,0,0,0
ainu1251,Ainu (China),Turkic,43.0,3,1,2,,threatened,1,13303.1481543868,13303.1481543868,92.0,92.0,65.8946980998325,65.8946980998325,0.431708792065523,0.431708792065523,0,0,0,0,0,0,0,1,0,0,0
chul1246,Lower Chulym Turkic,Turkic,43.0,,4,,4,severely endangered,1,14889.0185546875,14889.0185546875,94.36495368,94.36495368,75.1119136177067,75.1119136177067,-0.0283196242809465,-0.0283196242809465,0,0,0,0,0,0,0,1,0,0,0
nort2686,Northern Altai,Turkic,43.0,,2,3,2,endangered,1,14889.0185546875,14889.0185546875,94.36495368,94.36495368,75.1119136177067,75.1119136177067,-0.0283196242809465,-0.0283196242809465,0,0,0,0,0,0,0,1,0,0,0
shor1247,Mrassu Shor-Tutal,Turkic,43.0,,2,4,4,severely endangered,1,14889.0185546875,14889.0185546875,94.36495368,94.36495368,75.1119136177067,75.1119136177067,-0.0283196242809465,-0.0283196242809465,0,0,0,0,0,0,0,1,0,0,0
khak1248,Khakas,Turkic,43.0,2,1,,2,threatened,2,14889.0185546875,14096.08335453715,94.36495368,93.18247683999999,75.1119136177067,70.50330585876961,0.431708792065523,0.20169458389228825,0,1,0,0,0,0,0,1,0,0,0
tuvi1240,Tuvinian,Turkic,43.0,,0,,,at risk,3,14889.0185546875,11647.598941615566,94.36495368,90.49615023,75.1119136177067,70.65440524048181,1.96747462099192,0.7902879295921655,0,1,0,0,0,0,0,1,0,0,0
kara1462,Taiga Sayan Turkic,Turkic,43.0,,4,,5,critically endangered,1,14889.0185546875,14889.0185546875,94.36495368,94.36495368,75.1119136177067,75.1119136177067,-0.0283196242809465,-0.0283196242809465,0,0,0,0,0,0,0,1,0,0,0
qawa1238,Qawasqar,Kawesqar,3.0,5,5,5,5,critically endangered,1,16709.8893972307,16709.8893972307,95.590243,95.590243,88.9950908479196,88.9950908479196,0.739019575786262,0.739019575786262,0,0,0,0,0,0,0,0,0,0,1
maku1278,Makuráp,Tupian,70.0,4,4,3,,severely endangered,1,10310.5488778166,10310.5488778166,84.46347227,84.46347227,87.8958549533146,87.8958549533146,0.724401697459186,0.724401697459186,0,0,0,0,0,0,0,0,0,0,1
tupa1250,Tuparí,Tupian,70.0,,3,,,endangered,1,10310.5488778166,10310.5488778166,84.46347227,84.46347227,87.8958549533146,87.8958549533146,0.724401697459186,0.724401697459186,0,0,0,0,0,0,0,0,0,0,1
wayo1238,Wayoró,Tupian,70.0,,5,5,5,critically endangered,1,10310.5488778166,10310.5488778166,84.46347227,84.46347227,87.8958549533146,87.8958549533146,0.724401697459186,0.724401697459186,0,0,0,0,0,0,0,0,0,0,1
akun1241,Akuntsu,Tupian,70.0,,5,,,critically endangered,1,10310.5488778166,10310.5488778166,84.46347227,84.46347227,87.8958549533146,87.8958549533146,0.724401697459186,0.724401697459186,0,0,0,0,0,0,0,0,0,0,1
saki1248,Mekens,Tupian,70.0,,4,5,5,critically endangered,1,10310.5488778166,10310.5488778166,84.46347227,84.46347227,87.8958549533146,87.8958549533146,0.724401697459186,0.724401697459186,0,0,0,0,0,0,0,0,0,0,1
kari1311,Karitiâna,Tupian,70.0,,3,,,endangered,1,10310.5488778166,10310.5488778166,84.46347227,84.46347227,87.8958549533146,87.8958549533146,0.724401697459186,0.724401697459186,0,0,0,0,0,0,0,0,0,0,1
kuru1309,Kuruáya,Tupian,70.0,,,,,dormant,1,10310.5488778166,10310.5488778166,84.46347227,84.46347227,87.8958549533146,87.8958549533146,0.724401697459186,0.724401697459186,0,0,0,0,0,0,0,0,0,0,1
mund1330,Mundurukú,Tupian,70.0,,2,,,threatened,1,10310.5488778166,10310.5488778166,84.46347227,84.46347227,87.8958549533146,87.8958549533146,0.724401697459186,0.724401697459186,0,0,0,0,0,0,0,0,0,0,1
sate1243,Sateré-Mawé,Tupian,70.0,,2,,,threatened,1,10310.5488778166,10310.5488778166,84.46347227,84.46347227,87.8958549533146,87.8958549533146,0.724401697459186,0.724401697459186,0,0,0,0,0,0,0,0,0,0,1
awet1244,Awetí,Tupian,70.0,,3,,,endangered,1,10310.5488778166,10310.5488778166,84.46347227,84.46347227,87.8958549533146,87.8958549533146,0.724401697459186,0.724401697459186,0,0,0,0,0,0,0,0,0,0,1
kama1373,Kamayurá,Tupian,70.0,,3,,,endangered,1,10310.5488778166,10310.5488778166,84.46347227,84.46347227,87.8958549533146,87.8958549533146,0.724401697459186,0.724401697459186,0,0,0,0,0,0,0,0,0,0,1
tapi1254,Tapirapé,Tupian,70.0,,3,,,endangered,1,10310.5488778166,10310.5488778166,84.46347227,84.46347227,87.8958549533146,87.8958549533146,0.724401697459186,0.724401697459186,0,0,0,0,0,0,0,0,0,0,1
para1312,Parakanã,Tupian,70.0,,3,,,endangered,1,10310.5488778166,10310.5488778166,84.46347227,84.46347227,87.8958549533146,87.8958549533146,0.724401697459186,0.724401697459186,0,0,0,0,0,0,0,0,0,0,1
toca1235,Tocantins Asurini,Tupian,70.0,,3,,,endangered,1,10310.5488778166,10310.5488778166,84.46347227,84.46347227,87.8958549533146,87.8958549533146,0.724401697459186,0.724401697459186,0,0,0,0,0,0,0,0,0,0,1
suru1261,Suruí Do Pará,Tupian,70.0,,3,,,endangered,1,10310.5488778166,10310.5488778166,84.46347227,84.46347227,87.8958549533146,87.8958549533146,0.724401697459186,0.724401697459186,0,0,0,0,0,0,0,0,0,0,1
temb1276,Tenetehara,Tupian,70.0,,4,,,severely endangered,1,10310.5488778166,10310.5488778166,84.46347227,84.46347227,87.8958549533146,87.8958549533146,0.724401697459186,0.724401697459186,0,0,0,0,0,0,0,0,0,0,1
xeta1241,Xetá,Tupian,70.0,,5,5,5,critically endangered,1,10310.5488778166,10310.5488778166,84.46347227,84.46347227,87.8958549533146,87.8958549533146,0.724401697459186,0.724401697459186,0,0,0,0,0,0,0,0,0,0,1
ache1246,Aché,Tupian,70.0,,3,,4,severely endangered,1,6416.09708970845,6416.09708970845,81.57806793,81.57806793,69.8622585886961,69.8622585886961,1.97522945625298,1.97522945625298,0,0,0,0,0,0,0,0,0,0,1
west2640,Western Bolivian Guaraní,Tupian,70.0,,2,,,threatened,2,13969.7836603737,9195.474879636844,89.66715228,84.68592447,92.2742315972952,81.755188487347,1.82370068528301,1.127981013681464,0,0,0,0,0,0,0,0,0,0,1
tapi1253,Tapieté,Tupian,70.0,,3,,,endangered,3,13969.7836603737,8269.01561632738,89.66715228,83.64997229,92.2742315972952,77.79087852113003,1.97522945625298,1.4103971612053028,1,0,0,0,0,0,0,0,0,0,1
mbya1239,Mbyá Guaraní,Tupian,70.0,,1,,,vulnerable,4,23906.5133029408,13650.735732709887,91.99109007,86.9249456375,95.5981951588181,86.407635074531,1.97522945625298,0.7861393309783267,0,0,0,0,0,0,0,0,0,0,1
chir1286,Chiripá,Tupian,70.0,,1,,,endangered,3,13969.7836603737,10232.143209299584,89.66715228,85.23623082666667,92.2742315972952,83.3441150464353,1.97522945625298,1.043964165264028,0,0,0,0,0,0,0,0,0,0,1
kaiw1246,Kaiwá,Tupian,70.0,,1,,,vulnerable,3,13969.7836603737,10232.143209299584,89.66715228,85.23623082666667,92.2742315972952,83.3441150464353,1.97522945625298,1.043964165264028,0,0,0,0,0,0,0,0,0,0,1
guar1292,Guarayu,Tupian,70.0,,2,,,threatened,1,4421.16609889999,4421.16609889999,79.70469666,79.70469666,71.2361453773988,71.2361453773988,1.82370068528301,1.82370068528301,1,0,0,0,0,0,0,0,0,0,1
paus1244,Warázu,Tupian,70.0,,5,5,5,critically endangered,1,4421.16609889999,4421.16609889999,79.70469666,79.70469666,71.2361453773988,71.2361453773988,1.82370068528301,1.82370068528301,0,0,0,0,0,0,0,0,0,0,1
yuqu1240,Yuqui,Tupian,70.0,,3,,,endangered,1,4421.16609889999,4421.16609889999,79.70469666,79.70469666,71.2361453773988,71.2361453773988,1.82370068528301,1.82370068528301,1,0,0,0,0,0,0,0,0,0,1
siri1273,Sirionó,Tupian,70.0,,4,,5,critically endangered,1,4421.16609889999,4421.16609889999,79.70469666,79.70469666,71.2361453773988,71.2361453773988,1.82370068528301,1.82370068528301,1,0,0,0,0,0,0,0,0,0,1
nhen1239,Nhengatu,Tupian,70.0,,1,4,2,endangered,3,10310.5488778166,7482.4495908346535,84.46347227,80.16260231,89.285859883201,85.23426534104236,1.3876355674663,0.8406185571145203,0,0,0,0,0,0,0,0,0,0,1
coca1259,Cocama-Cocamilla,Tupian,70.0,5,3,5,4,critically endangered,3,10310.5488778166,8894.043138878753,84.46347227,81.92198839333334,87.8958549533146,83.86940303332052,1.57651042813743,1.2295158976876388,0,0,0,0,0,0,0,0,0,0,1
omag1248,Omagua,Tupian,70.0,,5,,5,critically endangered,2,10310.5488778166,9381.460274191406,84.46347227,83.21026609500001,87.8958549533146,86.54356395667506,1.57651042813743,1.150456062798308,0,0,0,0,0,0,0,0,0,0,1
xing1248,Xingú Asuriní,Tupian,70.0,,3,,,endangered,1,10310.5488778166,10310.5488778166,84.46347227,84.46347227,87.8958549533146,87.8958549533146,0.724401697459186,0.724401697459186,0,0,0,0,0,0,0,0,0,0,1
anam1249,Anambé,Tupian,70.0,,,,,dormant,1,10310.5488778166,10310.5488778166,84.46347227,84.46347227,87.8958549533146,87.8958549533146,0.724401697459186,0.724401697459186,0,0,0,0,0,0,0,0,0,0,1
araw1273,Araweté,Tupian,70.0,,3,,,endangered,1,10310.5488778166,10310.5488778166,84.46347227,84.46347227,87.8958549533146,87.8958549533146,0.724401697459186,0.724401697459186,0,0,0,0,0,0,0,0,0,0,1
aman1266,Amanayé,Tupian,70.0,,,,,dormant,1,10310.5488778166,10310.5488778166,84.46347227,84.46347227,87.8958549533146,87.8958549533146,0.724401697459186,0.724401697459186,0,0,0,0,0,0,0,0,0,0,1
kaya1329,Kayabí,Tupian,70.0,,3,2,0,threatened,1,10310.5488778166,10310.5488778166,84.46347227,84.46347227,87.8958549533146,87.8958549533146,0.724401697459186,0.724401697459186,0,0,0,0,0,0,0,0,0,0,1
apia1248,Apiaká,Tupian,70.0,,,,,dormant,1,10310.5488778166,10310.5488778166,84.46347227,84.46347227,87.8958549533146,87.8958549533146,0.724401697459186,0.724401697459186,0,0,0,0,0,0,0,0,0,0,1
juma1249,Júma,Tupian,70.0,,5,,,critically endangered,1,10310.5488778166,10310.5488778166,84.46347227,84.46347227,87.8958549533146,87.8958549533146,0.724401697459186,0.724401697459186,0,0,0,0,0,0,0,0,0,0,1
kari1317,Karipúna,Tupian,70.0,,4,,,severely endangered,1,10310.5488778166,10310.5488778166,84.46347227,84.46347227,87.8958549533146,87.8958549533146,0.724401697459186,0.724401697459186,0,0,0,0,0,0,0,0,0,0,1
tenh1241,Tenharim-Parintintin-Diahoi,Tupian,70.0,,3,,,endangered,1,10310.5488778166,10310.5488778166,84.46347227,84.46347227,87.8958549533146,87.8958549533146,0.724401697459186,0.724401697459186,0,0,0,0,0,0,0,0,0,0,1
urue1240,Uru-Eu-Wau-Wau,Tupian,70.0,,3,,,endangered,1,10310.5488778166,10310.5488778166,84.46347227,84.46347227,87.8958549533146,87.8958549533146,0.724401697459186,0.724401697459186,0,0,0,0,0,0,0,0,0,0,1
waya1270,Wayampi,Tupian,70.0,,2,,,threatened,2,10310.5488778166,10310.5488778166,84.46347227,84.46347227,87.8958549533146,87.8958549533146,0.724401697459186,0.724401697459186,0,0,0,0,0,0,0,0,0,0,1
zoee1240,Zo'é,Tupian,70.0,,3,3,,endangered,1,10310.5488778166,10310.5488778166,84.46347227,84.46347227,87.8958549533146,87.8958549533146,0.724401697459186,0.724401697459186,0,0,0,0,0,0,0,0,0,0,1
emer1243,Teko,Tupian,70.0,,3,,,endangered,1,,,,,,,,,0,0,0,0,0,0,0,0,0,0,1
urub1250,Urubú-Kaapor,Tupian,70.0,,3,,,endangered,1,10310.5488778166,10310.5488778166,84.46347227,84.46347227,87.8958549533146,87.8958549533146,0.724401697459186,0.724401697459186,0,0,0,0,0,0,0,0,0,0,1
avac1239,Avá-Canoeiro,Tupian,70.0,,4,,,severely endangered,1,10310.5488778166,10310.5488778166,84.46347227,84.46347227,87.8958549533146,87.8958549533146,0.724401697459186,0.724401697459186,0,0,0,0,0,0,0,0,0,0,1
aura1243,Aurê y Aurá,Tupian,70.0,,,,,dormant,1,10310.5488778166,10310.5488778166,84.46347227,84.46347227,87.8958549533146,87.8958549533146,0.724401697459186,0.724401697459186,0,0,0,0,0,0,0,0,0,0,1
guaj1256,Guajá,Tupian,70.0,,3,,,endangered,1,10310.5488778166,10310.5488778166,84.46347227,84.46347227,87.8958549533146,87.8958549533146,0.724401697459186,0.724401697459186,0,0,0,0,0,0,0,0,0,0,1
xipa1240,Xipaya,Tupian,70.0,,,,,dormant,1,10310.5488778166,10310.5488778166,84.46347227,84.46347227,87.8958549533146,87.8958549533146,0.724401697459186,0.724401697459186,0,0,0,0,0,0,0,0,0,0,1
juru1256,Yudja,Tupian,70.0,,3,,,endangered,1,10310.5488778166,10310.5488778166,84.46347227,84.46347227,87.8958549533146,87.8958549533146,0.724401697459186,0.724401697459186,0,0,0,0,0,0,0,0,0,0,1
puru1264,Puruborá,Tupian,70.0,,5,5,5,critically endangered,1,10310.5488778166,10310.5488778166,84.46347227,84.46347227,87.8958549533146,87.8958549533146,0.724401697459186,0.724401697459186,0,0,0,0,0,0,0,0,0,0,1
karo1305,Karo (Brazil),Tupian,70.0,,3,,,endangered,1,10310.5488778166,10310.5488778166,84.46347227,84.46347227,87.8958549533146,87.8958549533146,0.724401697459186,0.724401697459186,0,0,0,0,0,0,0,0,0,0,1
suru1262,Suruí,Tupian,70.0,,3,,,endangered,1,10310.5488778166,10310.5488778166,84.46347227,84.46347227,87.8958549533146,87.8958549533146,0.724401697459186,0.724401697459186,0,0,0,0,0,0,0,0,0,0,1
sala1273,Salamãi,Tupian,70.0,,,,,dormant,1,10310.5488778166,10310.5488778166,84.46347227,84.46347227,87.8958549533146,87.8958549533146,0.724401697459186,0.724401697459186,0,0,0,0,0,0,0,0,0,0,1
cint1239,Cinta Larga,Tupian,70.0,,3,,,endangered,1,10310.5488778166,10310.5488778166,84.46347227,84.46347227,87.8958549533146,87.8958549533146,0.724401697459186,0.724401697459186,0,0,0,0,0,0,0,0,0,0,1
gavi1246,Gavião Do Jiparaná,Tupian,70.0,,3,,,endangered,1,10310.5488778166,10310.5488778166,84.46347227,84.46347227,87.8958549533146,87.8958549533146,0.724401697459186,0.724401697459186,0,0,0,0,0,0,0,0,0,0,1
arua1261,Aruá (Rondonia State),Tupian,70.0,,5,5,5,critically endangered,1,10310.5488778166,10310.5488778166,84.46347227,84.46347227,87.8958549533146,87.8958549533146,0.724401697459186,0.724401697459186,0,0,0,0,0,0,0,0,0,0,1
shek1245,Sheko,Dizoid,3.0,1,,,0,vulnerable,1,1133.88279681719,1133.88279681719,21.94129944,21.94129944,23.6222839355469,23.6222839355469,4.99846973014755,4.99846973014755,0,0,0,0,0,1,0,0,0,0,0
nayi1243,Nayi,Dizoid,3.0,4,2,4,4,severely endangered,1,1133.88279681719,1133.88279681719,21.94129944,21.94129944,23.6222839355469,23.6222839355469,4.99846973014755,4.99846973014755,0,0,0,0,0,1,0,0,0,0,0
gunw1252,Bininj Kun-Wok,Gunwinyguan,12.0,,2,,,threatened,1,64603.9856308464,64603.9856308464,96.13140106,96.13140106,87.6021469990446,87.6021469990446,2.12571289816265,2.12571289816265,0,0,0,0,0,0,1,0,0,0,0
kunb1251,Kunbarlang,Gunwinyguan,12.0,3,4,5,4,severely endangered,1,64603.9856308464,64603.9856308464,96.13140106,96.13140106,87.6021469990446,87.6021469990446,2.12571289816265,2.12571289816265,0,0,0,0,0,0,1,0,0,0,0
ngal1292,Ngalkbun,Gunwinyguan,12.0,,5,,,critically endangered,1,64603.9856308464,64603.9856308464,96.13140106,96.13140106,87.6021469990446,87.6021469990446,2.12571289816265,2.12571289816265,0,0,0,0,0,0,1,0,0,0,0
ngan1295,Ngandi,Gunwinyguan,12.0,,5,,,critically endangered,1,64603.9856308464,64603.9856308464,96.13140106,96.13140106,87.6021469990446,87.6021469990446,2.12571289816265,2.12571289816265,0,0,0,0,0,0,1,0,0,0,0
anin1240,Anindilyakwa,Gunwinyguan,12.0,,2,,,threatened,1,64603.9856308464,64603.9856308464,96.13140106,96.13140106,87.6021469990446,87.6021469990446,2.12571289816265,2.12571289816265,0,0,0,0,0,0,1,0,0,0,0
nung1290,Wubuy,Gunwinyguan,12.0,,3,,3,endangered,1,64603.9856308464,64603.9856308464,96.13140106,96.13140106,87.6021469990446,87.6021469990446,2.12571289816265,2.12571289816265,0,0,0,0,0,0,1,0,0,0,0
djau1244,Jawoyn,Gunwinyguan,12.0,4,4,5,5,critically endangered,1,64603.9856308464,64603.9856308464,96.13140106,96.13140106,87.6021469990446,87.6021469990446,2.12571289816265,2.12571289816265,0,0,0,0,0,0,1,0,0,0,0
wara1290,Warray,Gunwinyguan,12.0,,5,,,critically endangered,1,64603.9856308464,64603.9856308464,96.13140106,96.13140106,87.6021469990446,87.6021469990446,2.12571289816265,2.12571289816265,0,1,0,0,0,0,1,0,0,0,0
remb1249,Rembarrnga,Gunwinyguan,12.0,,4,,,severely endangered,1,64603.9856308464,64603.9856308464,96.13140106,96.13140106,87.6021469990446,87.6021469990446,2.12571289816265,2.12571289816265,0,0,0,0,0,0,1,0,0,0,0
ngal1293,Ngalakgan,Gunwinyguan,12.0,,,,,dormant,1,64603.9856308464,64603.9856308464,96.13140106,96.13140106,87.6021469990446,87.6021469990446,2.12571289816265,2.12571289816265,0,0,0,0,0,0,1,0,0,0,0
sayu1241,Sayula Popoluca,Mixe-Zoque,19.0,,2,,,threatened,1,14185.7812248529,14185.7812248529,83.12233799,83.12233799,79.7538805976118,79.7538805976118,1.2127000253117,1.2127000253117,0,0,0,0,0,0,0,0,1,0,0
olut1240,Oluta Popoluca,Mixe-Zoque,19.0,,4,,,severely endangered,1,14185.7812248529,14185.7812248529,83.12233799,83.12233799,79.7538805976118,79.7538805976118,1.2127000253117,1.2127000253117,0,0,0,0,0,0,0,0,1,0,0
toto1305,Totontepec Mixe,Mixe-Zoque,19.0,,2,,,threatened,1,14185.7812248529,14185.7812248529,83.12233799,83.12233799,79.7538805976118,79.7538805976118,1.2127000253117,1.2127000253117,0,0,0,0,0,0,0,0,1,0,0
tlah1239,Tlahuitoltepec Mixe,Mixe-Zoque,19.0,1,2,1,1,threatened,1,14185.7812248529,14185.7812248529,83.12233799,83.12233799,79.7538805976118,79.7538805976118,1.2127000253117,1.2127000253117,0,0,0,0,0,0,0,0,1,0,0
chim1300,Chimalapa Zoque,Mixe-Zoque,19.0,,2,,,threatened,1,14185.7812248529,14185.7812248529,83.12233799,83.12233799,79.7538805976118,79.7538805976118,1.2127000253117,1.2127000253117,0,0,0,0,0,0,0,0,1,0,0
high1276,Highland Popoluca,Mixe-Zoque,19.0,,1,,,vulnerable,1,14185.7812248529,14185.7812248529,83.12233799,83.12233799,79.7538805976118,79.7538805976118,1.2127000253117,1.2127000253117,0,0,0,0,0,0,0,0,1,0,0
taba1264,Tabasco Zoque,Mixe-Zoque,19.0,,5,,,critically endangered,1,14185.7812248529,14185.7812248529,83.12233799,83.12233799,79.7538805976118,79.7538805976118,1.2127000253117,1.2127000253117,0,0,0,0,0,0,0,0,1,0,0
texi1237,Texistepec Popoluca,Mixe-Zoque,19.0,,5,,,critically endangered,1,14185.7812248529,14185.7812248529,83.12233799,83.12233799,79.7538805976118,79.7538805976118,1.2127000253117,1.2127000253117,0,0,0,0,0,0,0,0,1,0,0
sanu1240,Sanumá,Yanomamic,6.0,,2,,,threatened,2,10310.5488778166,7264.069952125255,84.46347227,80.57118697,89.285859883201,88.5908574182578,0.724401697459186,0.5671100519386305,0,0,0,0,0,0,0,0,0,0,1
nina1238,Ninam,Yanomamic,6.0,1,3,1,0,vulnerable,2,10310.5488778166,7264.069952125255,84.46347227,80.57118697,89.285859883201,88.5908574182578,0.724401697459186,0.5671100519386305,0,0,0,0,0,0,0,0,0,0,1
yano1262,Yanomám,Yanomamic,6.0,,2,,,threatened,2,10310.5488778166,7264.069952125255,84.46347227,80.57118697,89.285859883201,88.5908574182578,0.724401697459186,0.5671100519386305,0,0,0,0,0,0,0,0,0,0,1
yano1261,Yanomamö,Yanomamic,6.0,,1,,,vulnerable,2,10310.5488778166,7264.069952125255,84.46347227,80.57118697,89.285859883201,88.5908574182578,0.724401697459186,0.5671100519386305,0,0,0,0,0,0,0,0,0,0,1
nade1244,Nadëb,Naduhup,4.0,,3,,,endangered,1,10310.5488778166,10310.5488778166,84.46347227,84.46347227,87.8958549533146,87.8958549533146,0.724401697459186,0.724401697459186,0,0,0,0,0,0,0,0,0,0,1
daww1239,Dâw,Naduhup,4.0,0,3,1,0,vulnerable,1,10310.5488778166,10310.5488778166,84.46347227,84.46347227,87.8958549533146,87.8958549533146,0.724401697459186,0.724401697459186,0,0,0,0,0,0,0,0,0,0,1
yuhu1238,Yuhup,Naduhup,4.0,1,3,,0,vulnerable,2,10310.5488778166,9114.878873035024,84.46347227,81.90445263000001,87.8958549533146,83.20846806996305,1.3876355674663,1.056018632462743,0,0,0,0,0,0,0,0,0,0,1
hupd1244,Hup,Naduhup,4.0,,2,,,threatened,2,10310.5488778166,9114.878873035024,84.46347227,81.90445263000001,87.8958549533146,83.20846806996305,1.3876355674663,1.056018632462743,0,0,0,0,0,0,0,0,0,0,1
merr1239,Mer,Mairasic,3.0,,4,,,severely endangered,1,4925.43048751861,4925.43048751861,72.78075544,72.78075544,58.7509635387997,58.7509635387997,1.89719567962498,1.89719567962498,0,0,0,0,0,0,0,0,0,1,0
tlin1245,Tlingit,Athabaskan-Eyak-Tlingit,46.0,,5,5,5,critically endangered,2,84534.0407841548,69437.19425331405,94.69380188,94.52355194,82.7002565766633,81.41251819069086,3.17427570128175,2.108569584680295,0,0,0,0,0,0,0,0,1,0,0
eyak1241,Eyak,Athabaskan-Eyak-Tlingit,46.0,,,,,awakening,1,84534.0407841548,84534.0407841548,94.69380188,94.69380188,80.1247798047184,80.1247798047184,1.04286346807884,1.04286346807884,0,0,0,0,0,0,0,0,1,0,0
sars1236,Sarsi,Athabaskan-Eyak-Tlingit,46.0,,4,5,5,critically endangered,1,54340.3477224733,54340.3477224733,94.353302,94.353302,82.7002565766633,82.7002565766633,3.17427570128175,3.17427570128175,0,0,0,0,0,0,0,0,1,0,0
chip1261,Chipewyan,Athabaskan-Eyak-Tlingit,46.0,,2,,,threatened,1,54340.3477224733,54340.3477224733,94.353302,94.353302,82.7002565766633,82.7002565766633,3.17427570128175,3.17427570128175,0,1,0,1,0,0,0,0,1,0,0
beav1236,Beaver,Athabaskan-Eyak-Tlingit,46.0,,3,,,severely endangered,1,54340.3477224733,54340.3477224733,94.353302,94.353302,82.7002565766633,82.7002565766633,3.17427570128175,3.17427570128175,0,0,0,0,0,0,0,0,1,0,0
seka1250,Sekani,Athabaskan-Eyak-Tlingit,46.0,,4,5,5,critically endangered,1,54340.3477224733,54340.3477224733,94.353302,94.353302,82.7002565766633,82.7002565766633,3.17427570128175,3.17427570128175,0,0,0,0,0,0,0,0,1,0,0
tagi1240,Tagish,Athabaskan-Eyak-Tlingit,46.0,,5,5,5,critically endangered,1,54340.3477224733,54340.3477224733,94.353302,94.353302,82.7002565766633,82.7002565766633,3.17427570128175,3.17427570128175,0,0,0,0,0,0,0,0,1,0,0
tahl1239,Tahltan,Athabaskan-Eyak-Tlingit,46.0,,4,5,5,critically endangered,1,54340.3477224733,54340.3477224733,94.353302,94.353302,82.7002565766633,82.7002565766633,3.17427570128175,3.17427570128175,0,0,0,0,0,0,0,0,1,0,0
kask1239,Kaska,Athabaskan-Eyak-Tlingit,46.0,,4,,,critically endangered,1,54340.3477224733,54340.3477224733,94.353302,94.353302,82.7002565766633,82.7002565766633,3.17427570128175,3.17427570128175,0,0,0,0,0,0,0,0,1,0,0
dogr1252,Dogrib,Athabaskan-Eyak-Tlingit,46.0,3,2,3,2,endangered,1,54340.3477224733,54340.3477224733,94.353302,94.353302,82.7002565766633,82.7002565766633,3.17427570128175,3.17427570128175,0,0,0,0,0,0,0,0,1,0,0
sout2959,South Slavey,Athabaskan-Eyak-Tlingit,46.0,,4,,,threatened,1,54340.3477224733,54340.3477224733,94.353302,94.353302,82.7002565766633,82.7002565766633,3.17427570128175,3.17427570128175,0,1,0,1,0,0,0,0,1,0,0
wail1244,Eel River Athabaskan,Athabaskan-Eyak-Tlingit,46.0,,,,,dormant,1,84534.0407841548,84534.0407841548,94.69380188,94.69380188,80.1247798047184,80.1247798047184,1.04286346807884,1.04286346807884,0,0,0,0,0,0,0,0,1,0,0
tolo1259,Tolowa-Chetco,Athabaskan-Eyak-Tlingit,46.0,,,,,awakening,1,84534.0407841548,84534.0407841548,94.69380188,94.69380188,80.1247798047184,80.1247798047184,1.04286346807884,1.04286346807884,0,0,0,0,0,0,0,0,1,0,0
tana1289,Dena'ina,Athabaskan-Eyak-Tlingit,46.0,5,4,5,5,critically endangered,1,84534.0407841548,84534.0407841548,94.69380188,94.69380188,80.1247798047184,80.1247798047184,1.04286346807884,1.04286346807884,0,0,0,0,0,0,0,0,1,0,0
ahte1237,Ahtena,Athabaskan-Eyak-Tlingit,46.0,4,4,5,5,critically endangered,1,84534.0407841548,84534.0407841548,94.69380188,94.69380188,80.1247798047184,80.1247798047184,1.04286346807884,1.04286346807884,0,0,0,0,0,0,0,0,1,0,0
chil1280,Chilcotin-Nicola,Athabaskan-Eyak-Tlingit,46.0,,3,,1,severely endangered,1,54340.3477224733,54340.3477224733,94.353302,94.353302,82.7002565766633,82.7002565766633,3.17427570128175,3.17427570128175,0,0,0,0,0,0,0,0,1,0,0
babi1235,Witsuwit'en-Babine,Athabaskan-Eyak-Tlingit,46.0,,3,,3,severely endangered,1,54340.3477224733,54340.3477224733,94.353302,94.353302,82.7002565766633,82.7002565766633,3.17427570128175,3.17427570128175,0,0,0,0,0,0,0,0,1,0,0
sout2957,Southern Tutchone,Athabaskan-Eyak-Tlingit,46.0,,4,,,severely endangered,1,54340.3477224733,54340.3477224733,94.353302,94.353302,82.7002565766633,82.7002565766633,3.17427570128175,3.17427570128175,1,1,0,0,0,0,0,0,1,0,0
nort2941,Northern Tutchone,Athabaskan-Eyak-Tlingit,46.0,,3,5,4,severely endangered,1,54340.3477224733,54340.3477224733,94.353302,94.353302,82.7002565766633,82.7002565766633,3.17427570128175,3.17427570128175,0,0,0,0,0,0,0,0,1,0,0
lowe1425,Lower Tanana,Athabaskan-Eyak-Tlingit,46.0,,4,5,5,critically endangered,1,84534.0407841548,84534.0407841548,94.69380188,94.69380188,80.1247798047184,80.1247798047184,1.04286346807884,1.04286346807884,0,0,0,0,0,0,0,0,1,0,0
uppe1438,Upper Kuskokwim,Athabaskan-Eyak-Tlingit,46.0,,4,5,5,critically endangered,1,84534.0407841548,84534.0407841548,94.69380188,94.69380188,80.1247798047184,80.1247798047184,1.04286346807884,1.04286346807884,0,1,0,1,0,0,0,0,1,0,0
tana1290,Tanacross,Athabaskan-Eyak-Tlingit,46.0,5,4,5,5,critically endangered,1,84534.0407841548,84534.0407841548,94.69380188,94.69380188,80.1247798047184,80.1247798047184,1.04286346807884,1.04286346807884,0,0,0,0,0,0,0,0,1,0,0
uppe1437,Upper Tanana,Athabaskan-Eyak-Tlingit,46.0,4,4,5,5,critically endangered,2,84534.0407841548,69437.19425331405,94.69380188,94.52355194,82.7002565766633,81.41251819069086,3.17427570128175,2.108569584680295,0,0,0,0,0,0,0,0,1,0,0
hann1241,Han,Athabaskan-Eyak-Tlingit,46.0,,5,5,5,critically endangered,2,84534.0407841548,69437.19425331405,94.69380188,94.52355194,82.7002565766633,81.41251819069086,3.17427570128175,2.108569584680295,0,0,0,0,0,0,0,0,1,0,0
gwic1235,Gwich'in,Athabaskan-Eyak-Tlingit,46.0,4,3,5,3,severely endangered,2,84534.0407841548,69437.19425331405,94.69380188,94.52355194,82.7002565766633,81.41251819069086,3.17427570128175,2.108569584680295,0,1,0,1,0,0,0,0,1,0,0
koyu1237,Koyukon,Athabaskan-Eyak-Tlingit,46.0,5,3,5,5,critically endangered,1,84534.0407841548,84534.0407841548,94.69380188,94.69380188,80.1247798047184,80.1247798047184,1.04286346807884,1.04286346807884,0,0,0,0,0,0,0,0,1,0,0
holi1241,Holikachuk,Athabaskan-Eyak-Tlingit,46.0,,,,,dormant,1,84534.0407841548,84534.0407841548,94.69380188,94.69380188,80.1247798047184,80.1247798047184,1.04286346807884,1.04286346807884,0,0,0,0,0,0,0,0,1,0,0
dege1248,Degexit'an,Athabaskan-Eyak-Tlingit,46.0,,4,,,severely endangered,1,84534.0407841548,84534.0407841548,94.69380188,94.69380188,80.1247798047184,80.1247798047184,1.04286346807884,1.04286346807884,0,0,0,0,0,0,0,0,1,0,0
kiow1264,Kiowa Apache,Athabaskan-Eyak-Tlingit,46.0,,,,,dormant,1,84534.0407841548,84534.0407841548,94.69380188,94.69380188,80.1247798047184,80.1247798047184,1.04286346807884,1.04286346807884,0,0,0,0,0,0,0,0,1,0,0
jica1244,Jicarilla Apache,Athabaskan-Eyak-Tlingit,46.0,,3,,,endangered,1,84534.0407841548,84534.0407841548,94.69380188,94.69380188,80.1247798047184,80.1247798047184,1.04286346807884,1.04286346807884,0,0,0,0,0,0,0,0,1,0,0
lipa1241,Lipan Apache,Athabaskan-Eyak-Tlingit,46.0,,,,,awakening,1,84534.0407841548,84534.0407841548,94.69380188,94.69380188,80.1247798047184,80.1247798047184,1.04286346807884,1.04286346807884,0,0,0,0,0,0,0,0,1,0,0
mesc1238,Mescalero-Chiricahua Apache,Athabaskan-Eyak-Tlingit,46.0,,2,,,threatened,1,84534.0407841548,84534.0407841548,94.69380188,94.69380188,80.1247798047184,80.1247798047184,1.04286346807884,1.04286346807884,0,0,0,0,0,0,0,0,1,0,0
nava1243,Navajo,Athabaskan-Eyak-Tlingit,46.0,,0,,,at risk,1,84534.0407841548,84534.0407841548,94.69380188,94.69380188,80.1247798047184,80.1247798047184,1.04286346807884,1.04286346807884,0,0,0,0,0,0,0,0,1,0,0
west2615,Western Apache,Athabaskan-Eyak-Tlingit,46.0,,1,3,2,threatened,1,84534.0407841548,84534.0407841548,94.69380188,94.69380188,80.1247798047184,80.1247798047184,1.04286346807884,1.04286346807884,0,0,0,0,0,0,0,0,1,0,0
jeju1234,Jejueo,Koreanic,2.0,4,2,,3,endangered,1,36238.639908315,36238.639908315,97.89563777,97.89563777,81.1682528469686,81.1682528469686,0.0788732751905413,0.0788732751905413,0,0,0,0,0,0,0,1,0,0,0
paum1247,Paumari,Arawan,6.0,,3,,3,endangered,1,10310.5488778166,10310.5488778166,84.46347227,84.46347227,87.8958549533146,87.8958549533146,0.724401697459186,0.724401697459186,0,0,0,0,0,0,0,0,0,0,1
suru1263,Suruahá,Arawan,6.0,,3,,,endangered,1,10310.5488778166,10310.5488778166,84.46347227,84.46347227,87.8958549533146,87.8958549533146,0.724401697459186,0.724401697459186,0,0,0,0,0,0,0,0,0,0,1
jama1261,Madi,Arawan,6.0,,3,,,endangered,1,10310.5488778166,10310.5488778166,84.46347227,84.46347227,87.8958549533146,87.8958549533146,0.724401697459186,0.724401697459186,0,0,0,0,0,0,0,0,0,0,1
culi1244,Culina,Arawan,6.0,,2,,,threatened,2,10310.5488778166,9381.460274191406,84.46347227,83.21026609500001,87.8958549533146,86.54356395667506,1.57651042813743,1.150456062798308,0,0,0,0,0,0,0,0,0,0,1
deni1241,Deni,Arawan,6.0,,2,,,threatened,1,10310.5488778166,10310.5488778166,84.46347227,84.46347227,87.8958549533146,87.8958549533146,0.724401697459186,0.724401697459186,0,0,0,0,0,0,0,0,0,0,1
mans1259,Mansoanka,Atlantic-Congo,1408.0,,1,,,vulnerable,2,1007.74151728028,939.540904528287,49.49430084,39.63584995,64.2994103409645,55.206307381393245,3.34103397205513,3.197437047304785,0,0,0,0,0,1,0,0,0,0,0
noon1242,Noon,Atlantic-Congo,1408.0,,1,,,vulnerable,1,1773.21829923448,1773.21829923448,60.11780167,60.11780167,55.2368169057304,55.2368169057304,3.29859527765075,3.29859527765075,1,0,0,0,0,1,0,0,0,0,0
leha1242,Lehar,Atlantic-Congo,1408.0,,2,,,threatened,1,1773.21829923448,1773.21829923448,60.11780167,60.11780167,55.2368169057304,55.2368169057304,3.29859527765075,3.29859527765075,0,0,0,0,0,1,0,0,0,0,0
palo1243,Palor,Atlantic-Congo,1408.0,,2,,,threatened,1,1773.21829923448,1773.21829923448,60.11780167,60.11780167,55.2368169057304,55.2368169057304,3.29859527765075,3.29859527765075,0,0,0,0,0,1,0,0,0,0,0
ndut1239,Ndut,Atlantic-Congo,1408.0,,1,,,vulnerable,1,1773.21829923448,1773.21829923448,60.11780167,60.11780167,55.2368169057304,55.2368169057304,3.29859527765075,3.29859527765075,0,0,0,0,0,1,0,0,0,0,0
egaa1242,Ega,Atlantic-Congo,1408.0,,3,4,,severely endangered,1,2727.8935220697,2727.8935220697,41.43219902,41.43219902,53.9733113940142,53.9733113940142,3.48999214741196,3.48999214741196,0,0,0,0,0,1,0,0,0,0,0
yuku1243,Yukuben,Atlantic-Congo,1408.0,,1,,,vulnerable,2,1830.00833684727,1457.0843774508148,46.25880051,43.735099795,62.9755675573659,59.18937120913685,3.3628832591496,3.2361172774484652,0,0,0,0,0,1,0,0,0,0,0
kapy1238,Kapya,Atlantic-Congo,1408.0,,3,,,endangered,2,1830.00833684727,1457.0843774508148,46.25880051,43.735099795,62.9755675573659,59.18937120913685,3.3628832591496,3.2361172774484652,0,0,0,0,0,1,0,0,0,0,0
akum1238,Akum,Atlantic-Congo,1408.0,,3,,,endangered,2,1830.00833684727,1457.0843774508148,46.25880051,43.735099795,62.9755675573659,59.18937120913685,3.3628832591496,3.2361172774484652,0,0,0,0,0,1,0,0,0,0,0
beez1238,Beezen,Atlantic-Congo,1408.0,,3,,,endangered,1,1830.00833684727,1830.00833684727,46.25880051,46.25880051,55.4031748609078,55.4031748609078,3.10935129574733,3.10935129574733,0,0,0,0,0,1,0,0,0,0,0
bete1261,Bete (Yukubenic),Atlantic-Congo,1408.0,,4,,,severely endangered,1,1084.16041805436,1084.16041805436,41.21139908,41.21139908,62.9755675573659,62.9755675573659,3.3628832591496,3.3628832591496,0,0,0,0,0,1,0,0,0,0,0
lufu1237,Lufu,Atlantic-Congo,1408.0,,2,,,threatened,1,1084.16041805436,1084.16041805436,41.21139908,41.21139908,62.9755675573659,62.9755675573659,3.3628832591496,3.3628832591496,0,0,0,0,0,1,0,0,0,0,0
fira1238,Firan,Atlantic-Congo,1408.0,,2,,0,vulnerable,1,1084.16041805436,1084.16041805436,41.21139908,41.21139908,62.9755675573659,62.9755675573659,3.3628832591496,3.3628832591496,0,0,0,0,0,1,0,0,0,0,0
akee1238,Akye,Atlantic-Congo,1408.0,,2,,0,vulnerable,1,1084.16041805436,1084.16041805436,41.21139908,41.21139908,62.9755675573659,62.9755675573659,3.3628832591496,3.3628832591496,0,0,0,0,0,1,0,0,0,0,0
cara1270,Cara,Atlantic-Congo,1408.0,,2,,1,threatened,1,1084.16041805436,1084.16041805436,41.21139908,41.21139908,62.9755675573659,62.9755675573659,3.3628832591496,3.3628832591496,0,0,0,0,0,1,0,0,0,0,0
ayuu1242,Ayu,Atlantic-Congo,1408.0,4,3,4,4,severely endangered,1,1084.16041805436,1084.16041805436,41.21139908,41.21139908,62.9755675573659,62.9755675573659,3.3628832591496,3.3628832591496,0,0,0,0,0,1,0,0,0,0,0
ninz1246,Ninzo,Atlantic-Congo,1408.0,,5,,,critically endangered,1,1084.16041805436,1084.16041805436,41.21139908,41.21139908,62.9755675573659,62.9755675573659,3.3628832591496,3.3628832591496,0,0,0,0,0,1,0,0,0,0,0
doka1242,Ejuele,Atlantic-Congo,1408.0,,1,,,vulnerable,1,1084.16041805436,1084.16041805436,41.21139908,41.21139908,62.9755675573659,62.9755675573659,3.3628832591496,3.3628832591496,0,0,0,0,0,1,0,0,0,0,0
idon1238,Idon,Atlantic-Congo,1408.0,,2,,,threatened,1,1084.16041805436,1084.16041805436,41.21139908,41.21139908,62.9755675573659,62.9755675573659,3.3628832591496,3.3628832591496,0,0,0,0,0,1,0,0,0,0,0
kutu1262,Kuturmi,Atlantic-Congo,1408.0,,1,,,vulnerable,1,1084.16041805436,1084.16041805436,41.21139908,41.21139908,62.9755675573659,62.9755675573659,3.3628832591496,3.3628832591496,0,0,0,0,0,1,0,0,0,0,0
yang1290,Yangkam,Atlantic-Congo,1408.0,,3,,5,critically endangered,1,1084.16041805436,1084.16041805436,41.21139908,41.21139908,62.9755675573659,62.9755675573659,3.3628832591496,3.3628832591496,0,0,0,0,0,1,0,0,0,0,0
surr1238,Sur,Atlantic-Congo,1408.0,,2,,0,vulnerable,1,1084.16041805436,1084.16041805436,41.21139908,41.21139908,62.9755675573659,62.9755675573659,3.3628832591496,3.3628832591496,0,0,0,0,0,1,0,0,0,0,0
horo1245,Horom,Atlantic-Congo,1408.0,,2,,0,vulnerable,1,1084.16041805436,1084.16041805436,41.21139908,41.21139908,62.9755675573659,62.9755675573659,3.3628832591496,3.3628832591496,0,0,0,0,0,1,0,0,0,0,0
fyam1238,Fyam,Atlantic-Congo,1408.0,3,2,2,2,endangered,1,1084.16041805436,1084.16041805436,41.21139908,41.21139908,62.9755675573659,62.9755675573659,3.3628832591496,3.3628832591496,0,0,0,0,0,1,0,0,0,0,0
hash1238,Hasha,Atlantic-Congo,1408.0,,3,,,endangered,1,1084.16041805436,1084.16041805436,41.21139908,41.21139908,62.9755675573659,62.9755675573659,3.3628832591496,3.3628832591496,0,0,0,0,0,1,0,0,0,0,0
samb1307,Sambe,Atlantic-Congo,1408.0,,5,5,5,critically endangered,1,1084.16041805436,1084.16041805436,41.21139908,41.21139908,62.9755675573659,62.9755675573659,3.3628832591496,3.3628832591496,0,0,0,0,0,1,0,0,0,0,0
eruw1238,Eruwa,Atlantic-Congo,1408.0,4,3,,4,severely endangered,1,1084.16041805436,1084.16041805436,41.21139908,41.21139908,62.9755675573659,62.9755675573659,3.3628832591496,3.3628832591496,0,0,0,0,0,1,0,0,0,0,0
alag1242,Alago,Atlantic-Congo,1408.0,,1,,,vulnerable,1,1084.16041805436,1084.16041805436,41.21139908,41.21139908,62.9755675573659,62.9755675573659,3.3628832591496,3.3628832591496,0,0,0,0,0,1,0,0,0,0,0
ahan1244,Àhàn,Atlantic-Congo,1408.0,,3,,,endangered,1,1084.16041805436,1084.16041805436,41.21139908,41.21139908,62.9755675573659,62.9755675573659,3.3628832591496,3.3628832591496,0,0,0,0,0,1,0,0,0,0,0
kami1258,Kami (Nigeria),Atlantic-Congo,1408.0,,2,,,threatened,1,1084.16041805436,1084.16041805436,41.21139908,41.21139908,62.9755675573659,62.9755675573659,3.3628832591496,3.3628832591496,0,0,0,0,0,1,0,0,0,0,0
doko1243,Deko-Dusanga,Atlantic-Congo,1408.0,,3,,,endangered,1,1084.16041805436,1084.16041805436,41.21139908,41.21139908,62.9755675573659,62.9755675573659,3.3628832591496,3.3628832591496,0,0,0,0,0,1,0,0,0,0,0
bakp1238,Iyongiyong,Atlantic-Congo,1408.0,,2,,,threatened,1,1084.16041805436,1084.16041805436,41.21139908,41.21139908,62.9755675573659,62.9755675573659,3.3628832591496,3.3628832591496,0,0,0,0,0,1,0,0,0,0,0
kion1242,Kiong,Atlantic-Congo,1408.0,,4,,,severely endangered,1,1084.16041805436,1084.16041805436,41.21139908,41.21139908,62.9755675573659,62.9755675573659,3.3628832591496,3.3628832591496,0,0,0,0,0,1,0,0,0,0,0
koro1304,Korop,Atlantic-Congo,1408.0,,1,,,vulnerable,2,1830.00833684727,1457.0843774508148,46.25880051,43.735099795,62.9755675573659,59.18937120913685,3.3628832591496,3.2361172774484652,0,0,0,0,0,1,0,0,0,0,0
baan1241,Baan,Atlantic-Congo,1408.0,,2,,,threatened,1,1084.16041805436,1084.16041805436,41.21139908,41.21139908,62.9755675573659,62.9755675573659,3.3628832591496,3.3628832591496,0,0,0,0,0,1,0,0,0,0,0
kugb1241,Kugbo,Atlantic-Congo,1408.0,,2,,,threatened,1,1084.16041805436,1084.16041805436,41.21139908,41.21139908,62.9755675573659,62.9755675573659,3.3628832591496,3.3628832591496,0,0,0,0,0,1,0,0,0,0,0
obul1239,Obulom-Ochichi,Atlantic-Congo,1408.0,,2,,,threatened,1,1084.16041805436,1084.16041805436,41.21139908,41.21139908,62.9755675573659,62.9755675573659,3.3628832591496,3.3628832591496,0,0,0,0,0,1,0,0,0,0,0
nkar1238,Nkari,Atlantic-Congo,1408.0,,2,,,threatened,1,1084.16041805436,1084.16041805436,41.21139908,41.21139908,62.9755675573659,62.9755675573659,3.3628832591496,3.3628832591496,0,0,0,0,0,1,0,0,0,0,0
ibuo1242,Ibuoro,Atlantic-Congo,1408.0,,2,,,threatened,1,1084.16041805436,1084.16041805436,41.21139908,41.21139908,62.9755675573659,62.9755675573659,3.3628832591496,3.3628832591496,0,0,0,0,0,1,0,0,0,0,0
itum1245,Itu Mbon Uzo,Atlantic-Congo,1408.0,,2,,,threatened,1,1084.16041805436,1084.16041805436,41.21139908,41.21139908,62.9755675573659,62.9755675573659,3.3628832591496,3.3628832591496,0,0,0,0,0,1,0,0,0,0,0
ukwa1238,Ukwa,Atlantic-Congo,1408.0,,3,,,endangered,1,1084.16041805436,1084.16041805436,41.21139908,41.21139908,62.9755675573659,62.9755675573659,3.3628832591496,3.3628832591496,0,0,0,0,0,1,0,0,0,0,0
anaa1238,Anaang,Atlantic-Congo,1408.0,1,0,,,vulnerable,1,1084.16041805436,1084.16041805436,41.21139908,41.21139908,62.9755675573659,62.9755675573659,3.3628832591496,3.3628832591496,0,0,0,0,0,1,0,0,0,0,0
ibin1241,Ibino,Atlantic-Congo,1408.0,,2,,,threatened,1,1084.16041805436,1084.16041805436,41.21139908,41.21139908,62.9755675573659,62.9755675573659,3.3628832591496,3.3628832591496,0,0,0,0,0,1,0,0,0,0,0
eteb1238,Etebi,Atlantic-Congo,1408.0,,1,,,vulnerable,1,1084.16041805436,1084.16041805436,41.21139908,41.21139908,62.9755675573659,62.9755675573659,3.3628832591496,3.3628832591496,0,0,0,0,0,1,0,0,0,0,0
ekit1246,Ekit,Atlantic-Congo,1408.0,,1,,,vulnerable,1,1084.16041805436,1084.16041805436,41.21139908,41.21139908,62.9755675573659,62.9755675573659,3.3628832591496,3.3628832591496,0,0,0,0,0,1,0,0,0,0,0
okob1241,Okobo,Atlantic-Congo,1408.0,,1,,,vulnerable,1,1084.16041805436,1084.16041805436,41.21139908,41.21139908,62.9755675573659,62.9755675573659,3.3628832591496,3.3628832591496,0,0,0,0,0,1,0,0,0,0,0
ilue1241,Ilue,Atlantic-Congo,1408.0,,2,,,threatened,1,1084.16041805436,1084.16041805436,41.21139908,41.21139908,62.9755675573659,62.9755675573659,3.3628832591496,3.3628832591496,0,0,0,0,0,1,0,0,0,0,0
udaa1238,Uda,Atlantic-Congo,1408.0,,2,,,threatened,1,1084.16041805436,1084.16041805436,41.21139908,41.21139908,62.9755675573659,62.9755675573659,3.3628832591496,3.3628832591496,0,0,0,0,0,1,0,0,0,0,0
enwa1245,Enwan (Akwa Ibom State),Atlantic-Congo,1408.0,,1,,,vulnerable,1,1084.16041805436,1084.16041805436,41.21139908,41.21139908,62.9755675573659,62.9755675573659,3.3628832591496,3.3628832591496,0,0,0,0,0,1,0,0,0,0,0
ebug1241,Ebughu,Atlantic-Congo,1408.0,,2,,,threatened,1,1084.16041805436,1084.16041805436,41.21139908,41.21139908,62.9755675573659,62.9755675573659,3.3628832591496,3.3628832591496,0,0,0,0,0,1,0,0,0,0,0
kute1248,Kutep,Atlantic-Congo,1408.0,,0,,,at risk,2,1830.00833684727,1457.0843774508148,46.25880051,43.735099795,62.9755675573659,59.18937120913685,3.3628832591496,3.2361172774484652,0,0,0,0,0,1,0,0,0,0,0
kpan1246,Kpan,Atlantic-Congo,1408.0,,1,,,vulnerable,1,1084.16041805436,1084.16041805436,41.21139908,41.21139908,62.9755675573659,62.9755675573659,3.3628832591496,3.3628832591496,0,0,0,0,0,1,0,0,0,0,0
waph1238,Wãpha,Atlantic-Congo,1408.0,,2,,,threatened,1,1084.16041805436,1084.16041805436,41.21139908,41.21139908,62.9755675573659,62.9755675573659,3.3628832591496,3.3628832591496,0,0,0,0,0,1,0,0,0,0,0
wapa1235,Wapan,Atlantic-Congo,1408.0,,0,,,at risk,1,1084.16041805436,1084.16041805436,41.21139908,41.21139908,62.9755675573659,62.9755675573659,3.3628832591496,3.3628832591496,0,0,0,0,0,1,0,0,0,0,0
hone1235,Hõne,Atlantic-Congo,1408.0,,2,,4,severely endangered,1,1084.16041805436,1084.16041805436,41.21139908,41.21139908,62.9755675573659,62.9755675573659,3.3628832591496,3.3628832591496,0,0,0,0,0,1,0,0,0,0,0
jiba1237,Jiba,Atlantic-Congo,1408.0,,2,1,,threatened,1,1084.16041805436,1084.16041805436,41.21139908,41.21139908,62.9755675573659,62.9755675573659,3.3628832591496,3.3628832591496,0,0,0,0,0,1,0,0,0,0,0
bais1242,Baissa Fali,Atlantic-Congo,1408.0,,5,,,critically endangered,1,1084.16041805436,1084.16041805436,41.21139908,41.21139908,62.9755675573659,62.9755675573659,3.3628832591496,3.3628832591496,0,0,0,0,0,1,0,0,0,0,0
resh1242,Reshe,Atlantic-Congo,1408.0,1,1,,1,vulnerable,1,1084.16041805436,1084.16041805436,41.21139908,41.21139908,62.9755675573659,62.9755675573659,3.3628832591496,3.3628832591496,0,0,0,0,0,1,0,0,0,0,0
laru1238,Laru (Nigeria),Atlantic-Congo,1408.0,,2,,,threatened,1,1084.16041805436,1084.16041805436,41.21139908,41.21139908,62.9755675573659,62.9755675573659,3.3628832591496,3.3628832591496,0,0,0,0,0,1,0,0,0,0,0
bass1259,Bassa-Kontagora,Atlantic-Congo,1408.0,,5,,,critically endangered,1,1084.16041805436,1084.16041805436,41.21139908,41.21139908,62.9755675573659,62.9755675573659,3.3628832591496,3.3628832591496,0,0,0,0,0,1,0,0,0,0,0
piti1243,Piti,Atlantic-Congo,1408.0,,2,,,threatened,1,1084.16041805436,1084.16041805436,41.21139908,41.21139908,62.9755675573659,62.9755675573659,3.3628832591496,3.3628832591496,0,0,0,0,0,1,0,0,0,0,0
shen1251,Sheni-Ziriya,Atlantic-Congo,1408.0,,5,5,5,critically endangered,1,1084.16041805436,1084.16041805436,41.21139908,41.21139908,62.9755675573659,62.9755675573659,3.3628832591496,3.3628832591496,0,0,0,0,0,1,0,0,0,0,0
lere1241,Lere,Atlantic-Congo,1408.0,,5,,,critically endangered,1,1084.16041805436,1084.16041805436,41.21139908,41.21139908,62.9755675573659,62.9755675573659,3.3628832591496,3.3628832591496,0,0,0,0,0,1,0,0,0,0,0
gyem1238,Gyem,Atlantic-Congo,1408.0,,3,,,endangered,1,1084.16041805436,1084.16041805436,41.21139908,41.21139908,62.9755675573659,62.9755675573659,3.3628832591496,3.3628832591496,0,0,0,0,0,1,0,0,0,0,0
janj1240,Janji,Atlantic-Congo,1408.0,,2,,,threatened,1,1084.16041805436,1084.16041805436,41.21139908,41.21139908,62.9755675573659,62.9755675573659,3.3628832591496,3.3628832591496,0,0,0,0,0,1,0,0,0,0,0
tunz1235,Tunzu,Atlantic-Congo,1408.0,,2,,1,threatened,1,1084.16041805436,1084.16041805436,41.21139908,41.21139908,62.9755675573659,62.9755675573659,3.3628832591496,3.3628832591496,0,0,0,0,0,1,0,0,0,0,0
izor1238,Izora,Atlantic-Congo,1408.0,,3,3,2,endangered,1,1084.16041805436,1084.16041805436,41.21139908,41.21139908,62.9755675573659,62.9755675573659,3.3628832591496,3.3628832591496,0,0,0,0,0,1,0,0,0,0,0
kudu1241,Kudu-Camo,Atlantic-Congo,1408.0,,4,,,severely endangered,1,1084.16041805436,1084.16041805436,41.21139908,41.21139908,62.9755675573659,62.9755675573659,3.3628832591496,3.3628832591496,0,0,0,0,0,1,0,0,0,0,0
kono1264,Kono (Nigeria),Atlantic-Congo,1408.0,,2,,,threatened,1,1084.16041805436,1084.16041805436,41.21139908,41.21139908,62.9755675573659,62.9755675573659,3.3628832591496,3.3628832591496,0,0,0,0,0,1,0,0,0,0,0
bina1270,Bina (Nigeria),Atlantic-Congo,1408.0,,2,,,threatened,1,1084.16041805436,1084.16041805436,41.21139908,41.21139908,62.9755675573659,62.9755675573659,3.3628832591496,3.3628832591496,0,0,0,0,0,1,0,0,0,0,0
suru1258,Vori,Atlantic-Congo,1408.0,,2,,,threatened,1,1084.16041805436,1084.16041805436,41.21139908,41.21139908,62.9755675573659,62.9755675573659,3.3628832591496,3.3628832591496,0,0,0,0,0,1,0,0,0,0,0
gwam1244,Gwamhi-Wuri,Atlantic-Congo,1408.0,,1,,,vulnerable,2,1485.38018885134,1284.77030345285,41.21139908,37.59759903,62.9755675573659,57.7605515196041,3.99546291254476,3.67917308584718,0,0,0,0,0,1,0,0,0,0,0
dama1268,Damakawa,Atlantic-Congo,1408.0,5,5,5,5,critically endangered,1,1084.16041805436,1084.16041805436,41.21139908,41.21139908,62.9755675573659,62.9755675573659,3.3628832591496,3.3628832591496,0,0,0,0,0,1,0,0,0,0,0
cici1237,Cicipu,Atlantic-Congo,1408.0,,1,,,vulnerable,1,1084.16041805436,1084.16041805436,41.21139908,41.21139908,62.9755675573659,62.9755675573659,3.3628832591496,3.3628832591496,0,0,0,0,0,1,0,0,0,0,0
tsuv1239,Tsuvadi,Atlantic-Congo,1408.0,,0,,,at risk,1,1084.16041805436,1084.16041805436,41.21139908,41.21139908,62.9755675573659,62.9755675573659,3.3628832591496,3.3628832591496,0,0,0,0,0,1,0,0,0,0,0
gurm1246,Gurmana,Atlantic-Congo,1408.0,,2,,,threatened,1,1084.16041805436,1084.16041805436,41.21139908,41.21139908,62.9755675573659,62.9755675573659,3.3628832591496,3.3628832591496,0,0,0,0,0,1,0,0,0,0,0
pong1250,Pongu,Atlantic-Congo,1408.0,,1,,0,vulnerable,2,1084.16041805436,1033.0765339117206,41.21139908,34.732049945,62.9755675573659,45.65540952351605,4.19892549480939,3.780904376979495,0,0,0,0,0,1,0,0,0,0,0
hung1276,Hungworo,Atlantic-Congo,1408.0,,2,,,threatened,1,1084.16041805436,1084.16041805436,41.21139908,41.21139908,62.9755675573659,62.9755675573659,3.3628832591496,3.3628832591496,0,0,0,0,0,1,0,0,0,0,0
busu1244,Busuu,Atlantic-Congo,1408.0,5,5,,,critically endangered,1,1830.00833684727,1830.00833684727,46.25880051,46.25880051,55.4031748609078,55.4031748609078,3.10935129574733,3.10935129574733,0,0,0,0,0,1,0,0,0,0,0
bish1246,Bishuo,Atlantic-Congo,1408.0,,5,,,critically endangered,1,1830.00833684727,1830.00833684727,46.25880051,46.25880051,55.4031748609078,55.4031748609078,3.10935129574733,3.10935129574733,0,0,0,0,0,1,0,0,0,0,0
kend1252,Kendem,Atlantic-Congo,1408.0,,2,,,threatened,1,1830.00833684727,1830.00833684727,46.25880051,46.25880051,55.4031748609078,55.4031748609078,3.10935129574733,3.10935129574733,0,0,0,0,0,1,0,0,0,0,0
deny1238,Denya,Atlantic-Congo,1408.0,,1,,,vulnerable,2,1830.00833684727,1457.0843774508148,46.25880051,43.735099795,62.9755675573659,59.18937120913685,3.3628832591496,3.2361172774484652,0,0,0,0,0,1,0,0,0,0,0
yeyi1239,Yeyi,Atlantic-Congo,1408.0,5,1,,4,severely endangered,2,7695.75319445165,6054.440358283686,64.87460327,61.167051814999994,67.4623537838418,58.935578404528655,3.14230774103844,2.71683968797459,0,0,0,0,0,1,0,0,0,0,0
holo1240,Holoholo,Atlantic-Congo,1408.0,2,0,1,1,vulnerable,3,7695.75319445165,3614.1132850320014,57.45950036,39.591933266666665,67.4623537838418,50.700435302262235,4.07315231217813,3.2213651709108198,0,0,0,0,0,1,0,0,0,0,0
kanu1278,Kanu,Atlantic-Congo,1408.0,,2,,,threatened,1,649.383338556725,649.383338556725,19.67350006,19.67350006,44.7455804408753,44.7455804408753,4.07315231217813,4.07315231217813,0,0,0,0,0,1,0,0,0,0,0
kund1255,Chikunda,Atlantic-Congo,1408.0,,2,,,threatened,3,2497.20332208763,1447.0298600751921,41.64279938,26.42369969666667,45.4703838491279,40.598996425307064,4.91106045654751,3.99960780891656,0,0,0,0,0,1,0,0,0,0,0
pimb1238,Pimbwe,Atlantic-Congo,1408.0,,1,,,vulnerable,1,1186.71691894531,1186.71691894531,31.16209984,31.16209984,36.1684458862992,36.1684458862992,4.8107084931504,4.8107084931504,0,0,0,0,0,1,0,0,0,0,0
wand1264,Wanda,Atlantic-Congo,1408.0,1,1,0,0,vulnerable,1,1186.71691894531,1186.71691894531,31.16209984,31.16209984,36.1684458862992,36.1684458862992,4.8107084931504,4.8107084931504,0,0,0,0,0,1,0,0,0,0,0
bend1258,Bende,Atlantic-Congo,1408.0,3,1,3,3,endangered,1,1186.71691894531,1186.71691894531,31.16209984,31.16209984,36.1684458862992,36.1684458862992,4.8107084931504,4.8107084931504,0,0,0,0,0,1,0,0,0,0,0
mand1423,Manda-Matumba,Atlantic-Congo,1408.0,1,1,,1,vulnerable,2,1186.71691894531,854.6436562939284,31.16209984,25.061849594999998,36.1684458862992,26.7184747087561,4.8107084931504,4.551066382903125,0,0,0,0,0,1,0,0,0,0,0
doee1238,Doe,Atlantic-Congo,1408.0,,1,,,vulnerable,1,1186.71691894531,1186.71691894531,31.16209984,31.16209984,36.1684458862992,36.1684458862992,4.8107084931504,4.8107084931504,0,0,0,0,0,1,0,0,0,0,0
kami1256,Kami (Tanzania),Atlantic-Congo,1408.0,,2,5,3,severely endangered,1,1186.71691894531,1186.71691894531,31.16209984,31.16209984,36.1684458862992,36.1684458862992,4.8107084931504,4.8107084931504,0,0,0,0,0,1,0,0,0,0,0
zara1247,Zaramo,Atlantic-Congo,1408.0,,5,,5,critically endangered,1,1186.71691894531,1186.71691894531,31.16209984,31.16209984,36.1684458862992,36.1684458862992,4.8107084931504,4.8107084931504,0,0,0,0,0,1,0,0,0,0,0
bond1247,Bondei,Atlantic-Congo,1408.0,,1,,,vulnerable,1,1186.71691894531,1186.71691894531,31.16209984,31.16209984,36.1684458862992,36.1684458862992,4.8107084931504,4.8107084931504,0,0,0,0,0,1,0,0,0,0,0
vidu1238,Vidunda,Atlantic-Congo,1408.0,3,2,1,0,threatened,1,1186.71691894531,1186.71691894531,31.16209984,31.16209984,36.1684458862992,36.1684458862992,4.8107084931504,4.8107084931504,0,0,0,0,0,1,0,0,0,0,0
mbug1240,Mbugu,Atlantic-Congo,1408.0,3,2,2,1,threatened,1,1186.71691894531,1186.71691894531,31.16209984,31.16209984,36.1684458862992,36.1684458862992,4.8107084931504,4.8107084931504,0,0,0,0,0,1,0,0,0,0,0
sege1246,Segeju,Atlantic-Congo,1408.0,,2,,,threatened,1,1186.71691894531,1186.71691894531,31.16209984,31.16209984,36.1684458862992,36.1684458862992,4.8107084931504,4.8107084931504,0,0,0,0,0,1,0,0,0,0,0
maor1244,Maore Comorian,Atlantic-Congo,1408.0,2,,2,,threatened,5,46103.0840855884,16103.609406572274,88.65381638,46.61640617333333,78.7999750964116,48.2577286659087,3.84503639591798,2.3967472190854733,1,0,0,0,0,1,0,0,0,0,0
ilwa1237,Ilwana,Atlantic-Congo,1408.0,,2,,,threatened,1,2132.43452097647,2132.43452097647,34.97622513,34.97622513,31.8937831721599,31.8937831721599,2.77842851424254,2.77842851424254,0,0,0,0,0,1,0,0,0,0,0
dhai1238,Dhaiso,Atlantic-Congo,1408.0,,2,,,threatened,1,1186.71691894531,1186.71691894531,31.16209984,31.16209984,36.1684458862992,36.1684458862992,4.8107084931504,4.8107084931504,0,0,0,0,0,1,0,0,0,0,0
vinz1238,Vinza,Atlantic-Congo,1408.0,,1,,,vulnerable,1,1186.71691894531,1186.71691894531,31.16209984,31.16209984,36.1684458862992,36.1684458862992,4.8107084931504,4.8107084931504,0,0,0,0,0,1,0,0,0,0,0
suba1238,Suba,Atlantic-Congo,1408.0,,0,,,at risk,3,2132.43452097647,1465.6880748166502,34.97622513,25.029385343666664,36.1684458862992,33.11333295993827,4.92509441786509,4.1714104750860095,0,0,0,0,0,1,0,0,0,0,0
kabw1241,Kabwa,Atlantic-Congo,1408.0,,2,,,threatened,1,1186.71691894531,1186.71691894531,31.16209984,31.16209984,36.1684458862992,36.1684458862992,4.8107084931504,4.8107084931504,0,0,0,0,0,1,0,0,0,0,0
ikiz1238,Ikizu,Atlantic-Congo,1408.0,,0,,,at risk,1,1186.71691894531,1186.71691894531,31.16209984,31.16209984,36.1684458862992,36.1684458862992,4.8107084931504,4.8107084931504,0,0,0,0,0,1,0,0,0,0,0
ikom1245,Ikoma-Nata,Atlantic-Congo,1408.0,,1,,,vulnerable,1,1186.71691894531,1186.71691894531,31.16209984,31.16209984,36.1684458862992,36.1684458862992,4.8107084931504,4.8107084931504,0,0,0,0,0,1,0,0,0,0,0
tali1258,Talinga-Bwisi,Atlantic-Congo,1408.0,,1,,,vulnerable,2,1077.91278452817,863.6480615424475,19.67350006,14.3116655605,44.7455804408753,38.0116751311155,4.92509441786509,4.49912336502161,0,0,0,0,0,1,0,0,0,0,0
saga1262,Sagalla,Atlantic-Congo,1408.0,,0,,,at risk,1,2132.43452097647,2132.43452097647,34.97622513,34.97622513,31.8937831721599,31.8937831721599,2.77842851424254,2.77842851424254,0,0,0,0,0,1,0,0,0,0,0
gwen1239,Gweno,Atlantic-Congo,1408.0,,2,,,threatened,2,2132.43452097647,1659.5757199608902,34.97622513,33.069162485,36.1684458862992,34.031114529229555,4.8107084931504,3.79456850369647,0,0,0,0,0,1,0,0,0,0,0
makw1236,Makwe,Atlantic-Congo,1408.0,,1,,,vulnerable,2,1186.71691894531,921.746871791308,31.16209984,25.84469986,36.4332337447237,36.30083981551145,4.91106045654751,4.860884474848955,0,0,0,0,0,1,0,0,0,0,0
subi1246,Subiya,Atlantic-Congo,1408.0,,1,,,vulnerable,4,7695.75319445165,3948.29836803891,64.87460327,45.269475709999995,67.4623537838418,50.8087280850637,3.78819140455858,3.1303605865378374,0,0,0,0,0,1,0,0,0,0,0
domb1246,Toka-Leya-Dombe,Atlantic-Congo,1408.0,,2,,,threatened,1,2497.20332208763,2497.20332208763,41.64279938,41.64279938,39.8933716820696,39.8933716820696,3.29957156564359,3.29957156564359,0,0,0,0,0,1,0,0,0,0,0
namb1291,Nambya,Atlantic-Congo,1408.0,2,,2,2,threatened,4,7695.75319445165,3948.29836803891,64.87460327,45.269475709999995,67.4623537838418,50.8087280850637,3.78819140455858,3.1303605865378374,1,0,0,0,0,1,0,0,0,0,0
birw1238,Birwa,Atlantic-Congo,1408.0,,1,,,vulnerable,3,7695.75319445165,5486.714443544093,78.35759735,59.15329903,67.4623537838418,57.01584131724287,3.29957156564359,2.337471795567613,0,0,0,0,0,1,0,0,0,0,0
tswa1237,Tswapong,Atlantic-Congo,1408.0,,2,,,threatened,2,7695.75319445165,6981.470004272325,78.35759735,67.908548855,67.4623537838418,65.5770761348295,2.29137163491074,1.856421910529625,0,0,0,0,0,1,0,0,0,0,0
kgal1244,Kgalagadi,Atlantic-Congo,1408.0,,1,,,vulnerable,3,7695.75319445165,6125.355843553457,78.35759735,66.89723366,67.4623537838418,60.520985098291504,3.14230774103844,2.28505052069923,0,0,0,0,0,1,0,0,0,0,0
phut1246,Phuthi,Atlantic-Congo,1408.0,2,1,,0,vulnerable,2,6267.186814093,3619.547266170645,78.35759735,65.077098845,63.6917984858172,53.684915953370904,3.43218071864029,2.4268264523944003,0,0,0,0,0,1,0,0,0,0,0
isan1243,Isanzu,Atlantic-Congo,1408.0,,1,,,vulnerable,1,1186.71691894531,1186.71691894531,31.16209984,31.16209984,36.1684458862992,36.1684458862992,4.8107084931504,4.8107084931504,0,0,0,0,0,1,0,0,0,0,0
bolo1262,Boloki,Atlantic-Congo,1408.0,,2,,,threatened,1,649.383338556725,649.383338556725,19.67350006,19.67350006,44.7455804408753,44.7455804408753,4.07315231217813,4.07315231217813,0,0,0,0,0,1,0,0,0,0,0
bomb1261,Bomboli-Bozaba,Atlantic-Congo,1408.0,,2,,,threatened,1,649.383338556725,649.383338556725,19.67350006,19.67350006,44.7455804408753,44.7455804408753,4.07315231217813,4.07315231217813,0,0,0,0,0,1,0,0,0,0,0
dzan1238,Dzando,Atlantic-Congo,1408.0,,2,,,threatened,1,649.383338556725,649.383338556725,19.67350006,19.67350006,44.7455804408753,44.7455804408753,4.07315231217813,4.07315231217813,0,0,0,0,0,1,0,0,0,0,0
kari1306,Kari,Atlantic-Congo,1408.0,,3,,,endangered,1,649.383338556725,649.383338556725,19.67350006,19.67350006,44.7455804408753,44.7455804408753,4.07315231217813,4.07315231217813,0,0,0,0,0,1,0,0,0,0,0
ngbi1238,Ngbinda-Mayeka,Atlantic-Congo,1408.0,,5,,,critically endangered,1,649.383338556725,649.383338556725,19.67350006,19.67350006,44.7455804408753,44.7455804408753,4.07315231217813,4.07315231217813,0,0,0,0,0,1,0,0,0,0,0
bogu1241,Boguru,Atlantic-Congo,1408.0,,3,,,endangered,2,1080.14718624765,864.7652624021875,19.67350006,13.172250031999999,44.7455804408753,33.06119974268295,5.35572566859027,4.7144389903842,0,0,0,0,0,1,0,0,0,0,0
bodo1272,Bodo (Central African Republic),Atlantic-Congo,1408.0,,4,,,severely endangered,1,516.160999996036,516.160999996036,13.78250027,13.78250027,44.1243555638904,44.1243555638904,4.37152557937021,4.37152557937021,1,0,0,0,0,1,0,0,0,0,0
beek1238,Beeke,Atlantic-Congo,1408.0,,3,,,endangered,1,649.383338556725,649.383338556725,19.67350006,19.67350006,44.7455804408753,44.7455804408753,4.07315231217813,4.07315231217813,0,0,0,0,0,1,0,0,0,0,0
bolo1263,Bolondo,Atlantic-Congo,1408.0,,2,,,threatened,1,649.383338556725,649.383338556725,19.67350006,19.67350006,44.7455804408753,44.7455804408753,4.07315231217813,4.07315231217813,0,0,0,0,0,1,0,0,0,0,0
dibo1245,Dibole,Atlantic-Congo,1408.0,,2,,,threatened,1,2482.2489948456,2482.2489948456,47.25159836,47.25159836,63.8866111699904,63.8866111699904,2.74942325759454,2.74942325759454,0,0,0,0,0,1,0,0,0,0,0
pand1264,Pande,Atlantic-Congo,1408.0,,2,,,threatened,1,516.160999996036,516.160999996036,13.78250027,13.78250027,44.1243555638904,44.1243555638904,4.37152557937021,4.37152557937021,0,0,0,0,0,1,0,0,0,0,0
yaka1272,Yaka (Central African Republic),Atlantic-Congo,1408.0,,1,,,vulnerable,3,2482.2489948456,1609.4727772296353,47.25159836,35.76429971333334,63.8866111699904,54.471380531596196,4.37152557937021,3.41010004423736,0,0,0,0,0,1,0,0,0,0,0
bonj1234,Impfondo,Atlantic-Congo,1408.0,4,2,,2,endangered,1,2482.2489948456,2482.2489948456,47.25159836,47.25159836,63.8866111699904,63.8866111699904,2.74942325759454,2.74942325759454,0,0,0,0,0,1,0,0,0,0,0
song1299,Nsong-Mpiin,Atlantic-Congo,1408.0,,2,,,threatened,1,649.383338556725,649.383338556725,19.67350006,19.67350006,44.7455804408753,44.7455804408753,4.07315231217813,4.07315231217813,0,0,0,0,0,1,0,0,0,0,0
bwis1242,Bwisi,Atlantic-Congo,1408.0,,2,,,threatened,2,8230.04311451151,5356.146054678556,68.72090149,57.986249925,91.8632094677575,77.87491031887396,2.74942325759454,2.5758461535936004,0,0,0,0,0,1,0,0,0,0,0
vumb1238,Vumbu,Atlantic-Congo,1408.0,,3,,,endangered,1,8230.04311451151,8230.04311451151,68.72090149,68.72090149,91.8632094677575,91.8632094677575,2.40226904959266,2.40226904959266,0,0,0,0,0,1,0,0,0,0,0
tchi1245,Tchitchege,Atlantic-Congo,1408.0,,2,,,threatened,1,8230.04311451151,8230.04311451151,68.72090149,68.72090149,91.8632094677575,91.8632094677575,2.40226904959266,2.40226904959266,0,0,0,0,0,1,0,0,0,0,0
bolo1261,Kibala,Atlantic-Congo,1408.0,,,1,1,vulnerable,1,2665.87444776753,2665.87444776753,40.70479965,40.70479965,70.6551379036435,70.6551379036435,4.18812173875964,4.18812173875964,0,0,0,0,0,1,0,0,0,0,0
zemb1238,Zemba,Atlantic-Congo,1408.0,,1,,0,vulnerable,2,4413.12752211572,3539.500984941625,64.87460327,52.789701459999996,70.6551379036435,60.531970464429506,4.18812173875964,3.66521473989904,0,0,0,0,0,1,0,0,0,0,0
here1253,Herero,Atlantic-Congo,1408.0,,1,,,vulnerable,3,7695.75319445165,4924.918388111633,64.87460327,54.34630109333333,70.6551379036435,62.84209823756694,4.18812173875964,3.207267038236273,0,0,0,0,0,1,0,0,0,0,0
mbow1246,Mbowe,Atlantic-Congo,1408.0,,2,,,threatened,1,1187.10943350064,1187.10943350064,17.10099983,17.10099983,45.4703838491279,45.4703838491279,3.78819140455858,3.78819140455858,0,0,0,0,0,1,0,0,0,0,0
nuba1241,Nubaca,Atlantic-Congo,1408.0,,3,,,endangered,1,1830.00833684727,1830.00833684727,46.25880051,46.25880051,55.4031748609078,55.4031748609078,3.10935129574733,3.10935129574733,0,0,0,0,0,1,0,0,0,0,0
bati1251,Bati (Cameroon),Atlantic-Congo,1408.0,,3,,,endangered,1,1830.00833684727,1830.00833684727,46.25880051,46.25880051,55.4031748609078,55.4031748609078,3.10935129574733,3.10935129574733,0,0,0,0,0,1,0,0,0,0,0
tuot1238,Tuotomb,Atlantic-Congo,1408.0,,3,,,endangered,1,1830.00833684727,1830.00833684727,46.25880051,46.25880051,55.4031748609078,55.4031748609078,3.10935129574733,3.10935129574733,0,0,0,0,0,1,0,0,0,0,0
seki1238,Seki,Atlantic-Congo,1408.0,,1,,,vulnerable,3,8230.04311451151,5601.817194602646,68.72090149,59.426334383333334,91.8632094677575,72.87459573454863,3.10935129574733,2.745619019826133,0,0,0,0,0,1,0,0,0,0,0
isuf1235,Isu (Fako Division),Atlantic-Congo,1408.0,,3,,,endangered,1,1830.00833684727,1830.00833684727,46.25880051,46.25880051,55.4031748609078,55.4031748609078,3.10935129574733,3.10935129574733,0,0,0,0,0,1,0,0,0,0,0
bako1250,Bakole,Atlantic-Congo,1408.0,,3,,,endangered,1,1830.00833684727,1830.00833684727,46.25880051,46.25880051,55.4031748609078,55.4031748609078,3.10935129574733,3.10935129574733,0,0,0,0,0,1,0,0,0,0,0
beng1282,Benga,Atlantic-Congo,1408.0,,2,,5,severely endangered,2,8230.04311451151,7487.721623480335,68.72090149,66.01010132,91.8632094677575,81.61030617136905,2.72523671413841,2.5637528818655353,0,0,0,0,0,1,0,0,0,0,0
yasa1242,Yasa,Atlantic-Congo,1408.0,4,2,2,1,threatened,3,8230.04311451151,5601.817194602646,68.72090149,59.426334383333334,91.8632094677575,72.87459573454863,3.10935129574733,2.745619019826133,0,0,0,0,0,1,0,0,0,0,0
bank1256,Bankon,Atlantic-Congo,1408.0,,1,,,vulnerable,1,1830.00833684727,1830.00833684727,46.25880051,46.25880051,55.4031748609078,55.4031748609078,3.10935129574733,3.10935129574733,0,0,0,0,0,1,0,0,0,0,0
baro1252,Barombi,Atlantic-Congo,1408.0,,2,,,threatened,1,1830.00833684727,1830.00833684727,46.25880051,46.25880051,55.4031748609078,55.4031748609078,3.10935129574733,3.10935129574733,0,0,0,0,0,1,0,0,0,0,0
hiju1238,Hijuk,Atlantic-Congo,1408.0,,3,,,endangered,1,1830.00833684727,1830.00833684727,46.25880051,46.25880051,55.4031748609078,55.4031748609078,3.10935129574733,3.10935129574733,0,0,0,0,0,1,0,0,0,0,0
sake1247,Sake,Atlantic-Congo,1408.0,,2,,,threatened,1,8230.04311451151,8230.04311451151,68.72090149,68.72090149,91.8632094677575,91.8632094677575,2.40226904959266,2.40226904959266,0,0,0,0,0,1,0,0,0,0,0
ukhw1241,Ukhwejo,Atlantic-Congo,1408.0,,2,,,threatened,1,516.160999996036,516.160999996036,13.78250027,13.78250027,44.1243555638904,44.1243555638904,4.37152557937021,4.37152557937021,0,0,0,0,0,1,0,0,0,0,0
gyel1242,Gyele,Atlantic-Congo,1408.0,4,2,,,endangered,2,6745.40013244916,4287.704234648215,63.29930115,54.77905083,71.3574028749806,63.380288867944195,3.10935129574733,2.91729400494287,0,0,0,0,0,1,0,0,0,0,0
eviy1235,Viya,Atlantic-Congo,1408.0,4,3,4,3,severely endangered,1,8230.04311451151,8230.04311451151,68.72090149,68.72090149,91.8632094677575,91.8632094677575,2.40226904959266,2.40226904959266,0,0,0,0,0,1,0,0,0,0,0
kand1300,Kande,Atlantic-Congo,1408.0,4,4,4,4,severely endangered,1,8230.04311451151,8230.04311451151,68.72090149,68.72090149,91.8632094677575,91.8632094677575,2.40226904959266,2.40226904959266,0,0,0,0,0,1,0,0,0,0,0
simb1254,Simba,Atlantic-Congo,1408.0,,2,,,threatened,1,8230.04311451151,8230.04311451151,68.72090149,68.72090149,91.8632094677575,91.8632094677575,2.40226904959266,2.40226904959266,0,0,0,0,0,1,0,0,0,0,0
pinj1243,Pinji,Atlantic-Congo,1408.0,,2,,,threatened,1,8230.04311451151,8230.04311451151,68.72090149,68.72090149,91.8632094677575,91.8632094677575,2.40226904959266,2.40226904959266,0,0,0,0,0,1,0,0,0,0,0
sigh1238,Sighu,Atlantic-Congo,1408.0,,3,,,endangered,1,8230.04311451151,8230.04311451151,68.72090149,68.72090149,91.8632094677575,91.8632094677575,2.40226904959266,2.40226904959266,0,0,0,0,0,1,0,0,0,0,0
maho1248,Mahongwe,Atlantic-Congo,1408.0,,3,,,endangered,2,8230.04311451151,5356.146054678556,68.72090149,57.986249925,91.8632094677575,77.87491031887396,2.74942325759454,2.5758461535936004,0,0,0,0,0,1,0,0,0,0,0
kota1274,Kota (Gabon),Atlantic-Congo,1408.0,,1,,,vulnerable,2,8230.04311451151,5356.146054678556,68.72090149,57.986249925,91.8632094677575,77.87491031887396,2.74942325759454,2.5758461535936004,0,0,0,0,0,1,0,0,0,0,0
dimb1238,Dimbong,Atlantic-Congo,1408.0,,3,,1,threatened,1,1830.00833684727,1830.00833684727,46.25880051,46.25880051,55.4031748609078,55.4031748609078,3.10935129574733,3.10935129574733,0,0,0,0,0,1,0,0,0,0,0
abar1238,Mungbam,Atlantic-Congo,1408.0,,2,,,threatened,1,1830.00833684727,1830.00833684727,46.25880051,46.25880051,55.4031748609078,55.4031748609078,3.10935129574733,3.10935129574733,0,0,0,0,0,1,0,0,0,0,0
mbuu1238,Ajumbu,Atlantic-Congo,1408.0,,3,,,endangered,1,1830.00833684727,1830.00833684727,46.25880051,46.25880051,55.4031748609078,55.4031748609078,3.10935129574733,3.10935129574733,0,0,0,0,0,1,0,0,0,0,0
fang1248,Fang (Cameroon),Atlantic-Congo,1408.0,,2,,,threatened,1,1830.00833684727,1830.00833684727,46.25880051,46.25880051,55.4031748609078,55.4031748609078,3.10935129574733,3.10935129574733,0,0,0,0,0,1,0,0,0,0,0
kosh1246,Koshin,Atlantic-Congo,1408.0,,2,,,threatened,1,1830.00833684727,1830.00833684727,46.25880051,46.25880051,55.4031748609078,55.4031748609078,3.10935129574733,3.10935129574733,0,0,0,0,0,1,0,0,0,0,0
buuu1246,Buu,Atlantic-Congo,1408.0,,3,,,endangered,1,1830.00833684727,1830.00833684727,46.25880051,46.25880051,55.4031748609078,55.4031748609078,3.10935129574733,3.10935129574733,0,0,0,0,0,1,0,0,0,0,0
mund1328,Mundabli-Mufu,Atlantic-Congo,1408.0,,3,,,endangered,1,1830.00833684727,1830.00833684727,46.25880051,46.25880051,55.4031748609078,55.4031748609078,3.10935129574733,3.10935129574733,0,0,0,0,0,1,0,0,0,0,0
ambe1247,Ambele,Atlantic-Congo,1408.0,0,2,0,0,vulnerable,1,1830.00833684727,1830.00833684727,46.25880051,46.25880051,55.4031748609078,55.4031748609078,3.10935129574733,3.10935129574733,0,0,0,0,0,1,0,0,0,0,0
kukk1239,Kuk,Atlantic-Congo,1408.0,,2,,,threatened,1,1830.00833684727,1830.00833684727,46.25880051,46.25880051,55.4031748609078,55.4031748609078,3.10935129574733,3.10935129574733,0,0,0,0,0,1,0,0,0,0,0
isum1240,Isu (Menchum Division),Atlantic-Congo,1408.0,,1,,,vulnerable,2,1830.00833684727,1457.0843774508148,46.25880051,43.735099795,62.9755675573659,59.18937120913685,3.3628832591496,3.2361172774484652,0,0,0,0,0,1,0,0,0,0,0
kung1260,Kung,Atlantic-Congo,1408.0,,3,,,endangered,1,1830.00833684727,1830.00833684727,46.25880051,46.25880051,55.4031748609078,55.4031748609078,3.10935129574733,3.10935129574733,0,0,0,0,0,1,0,0,0,0,0
baba1266,Babanki,Atlantic-Congo,1408.0,4,1,3,2,endangered,1,1830.00833684727,1830.00833684727,46.25880051,46.25880051,55.4031748609078,55.4031748609078,3.10935129574733,3.10935129574733,0,0,0,0,0,1,0,0,0,0,0
ndan1241,Nda'nda',Atlantic-Congo,1408.0,,1,,,vulnerable,1,1830.00833684727,1830.00833684727,46.25880051,46.25880051,55.4031748609078,55.4031748609078,3.10935129574733,3.10935129574733,0,0,0,0,0,1,0,0,0,0,0
menk1238,Menka,Atlantic-Congo,1408.0,0,2,0,0,vulnerable,1,1830.00833684727,1830.00833684727,46.25880051,46.25880051,55.4031748609078,55.4031748609078,3.10935129574733,3.10935129574733,0,0,0,0,0,1,0,0,0,0,0
aton1242,Atong,Atlantic-Congo,1408.0,0,2,0,0,vulnerable,1,1830.00833684727,1830.00833684727,46.25880051,46.25880051,55.4031748609078,55.4031748609078,3.10935129574733,3.10935129574733,0,0,0,0,0,1,0,0,0,0,0
biky1238,Bikya,Atlantic-Congo,1408.0,,5,,,critically endangered,1,1830.00833684727,1830.00833684727,46.25880051,46.25880051,55.4031748609078,55.4031748609078,3.10935129574733,3.10935129574733,0,0,0,0,0,1,0,0,0,0,0
naki1238,Naki,Atlantic-Congo,1408.0,,2,,,threatened,1,1830.00833684727,1830.00833684727,46.25880051,46.25880051,55.4031748609078,55.4031748609078,3.10935129574733,3.10935129574733,0,0,0,0,0,1,0,0,0,0,0
eman1238,Eman,Atlantic-Congo,1408.0,,3,,,endangered,1,1830.00833684727,1830.00833684727,46.25880051,46.25880051,55.4031748609078,55.4031748609078,3.10935129574733,3.10935129574733,0,0,0,0,0,1,0,0,0,0,0
evan1238,Evant,Atlantic-Congo,1408.0,,1,,,vulnerable,2,1830.00833684727,1457.0843774508148,46.25880051,43.735099795,62.9755675573659,59.18937120913685,3.3628832591496,3.2361172774484652,0,0,0,0,0,1,0,0,0,0,0
iyiv1238,Iyive,Atlantic-Congo,1408.0,,3,,,endangered,2,1830.00833684727,1457.0843774508148,46.25880051,43.735099795,62.9755675573659,59.18937120913685,3.3628832591496,3.2361172774484652,0,0,0,0,0,1,0,0,0,0,0
kulu1255,Kulung (Nigeria),Atlantic-Congo,1408.0,,1,,,vulnerable,1,1084.16041805436,1084.16041805436,41.21139908,41.21139908,62.9755675573659,62.9755675573659,3.3628832591496,3.3628832591496,0,0,0,0,0,1,0,0,0,0,0
labi1245,Labir,Atlantic-Congo,1408.0,,1,,,vulnerable,1,1084.16041805436,1084.16041805436,41.21139908,41.21139908,62.9755675573659,62.9755675573659,3.3628832591496,3.3628832591496,0,0,0,0,0,1,0,0,0,0,0
dulb1238,Dulbu,Atlantic-Congo,1408.0,,4,,,severely endangered,1,1084.16041805436,1084.16041805436,41.21139908,41.21139908,62.9755675573659,62.9755675573659,3.3628832591496,3.3628832591496,0,0,0,0,0,1,0,0,0,0,0
shik1242,Shiki,Atlantic-Congo,1408.0,,3,,,endangered,1,1084.16041805436,1084.16041805436,41.21139908,41.21139908,62.9755675573659,62.9755675573659,3.3628832591496,3.3628832591496,0,0,0,0,0,1,0,0,0,0,0
dong1293,Dong,Atlantic-Congo,1408.0,,2,,,threatened,1,1084.16041805436,1084.16041805436,41.21139908,41.21139908,62.9755675573659,62.9755675573659,3.3628832591496,3.3628832591496,0,0,0,0,0,1,0,0,0,0,0
gaaa1245,Gaa,Atlantic-Congo,1408.0,,2,,,threatened,1,1084.16041805436,1084.16041805436,41.21139908,41.21139908,62.9755675573659,62.9755675573659,3.3628832591496,3.3628832591496,0,0,0,0,0,1,0,0,0,0,0
ndoo1241,Ndoola,Atlantic-Congo,1408.0,,1,,,vulnerable,2,1830.00833684727,1457.0843774508148,46.25880051,43.735099795,62.9755675573659,59.18937120913685,3.3628832591496,3.2361172774484652,0,0,0,0,0,1,0,0,0,0,0
mbon1253,Mbongno,Atlantic-Congo,1408.0,,2,,,threatened,2,1830.00833684727,1457.0843774508148,46.25880051,43.735099795,62.9755675573659,59.18937120913685,3.3628832591496,3.2361172774484652,0,0,0,0,0,1,0,0,0,0,0
mvan1238,Mvano,Atlantic-Congo,1408.0,,3,,1,threatened,1,1084.16041805436,1084.16041805436,41.21139908,41.21139908,62.9755675573659,62.9755675573659,3.3628832591496,3.3628832591496,0,0,0,0,0,1,0,0,0,0,0
ndun1251,Ndunda,Atlantic-Congo,1408.0,,3,,,endangered,1,1084.16041805436,1084.16041805436,41.21139908,41.21139908,62.9755675573659,62.9755675573659,3.3628832591496,3.3628832591496,0,0,0,0,0,1,0,0,0,0,0
twen1242,Cambap-Langa,Atlantic-Congo,1408.0,,4,,4,severely endangered,1,1830.00833684727,1830.00833684727,46.25880051,46.25880051,55.4031748609078,55.4031748609078,3.10935129574733,3.10935129574733,0,0,0,0,0,1,0,0,0,0,0
njer1242,Njerep,Atlantic-Congo,1408.0,,5,,5,critically endangered,1,1084.16041805436,1084.16041805436,41.21139908,41.21139908,62.9755675573659,62.9755675573659,3.3628832591496,3.3628832591496,0,0,0,0,0,1,0,0,0,0,0
luoc1235,Luo (Cameroon),Atlantic-Congo,1408.0,,5,,,critically endangered,1,1830.00833684727,1830.00833684727,46.25880051,46.25880051,55.4031748609078,55.4031748609078,3.10935129574733,3.10935129574733,0,0,1,0,0,1,0,0,0,0,0
somy1238,Somyev,Atlantic-Congo,1408.0,,5,5,5,critically endangered,2,1830.00833684727,1457.0843774508148,46.25880051,43.735099795,62.9755675573659,59.18937120913685,3.3628832591496,3.2361172774484652,0,0,0,0,0,1,0,0,0,0,0
wawa1246,Wawa,Atlantic-Congo,1408.0,1,2,,1,threatened,2,1830.00833684727,1457.0843774508148,46.25880051,43.735099795,62.9755675573659,59.18937120913685,3.3628832591496,3.2361172774484652,0,0,0,0,0,1,0,0,0,0,0
bung1259,Bung,Atlantic-Congo,1408.0,,,,,dormant,1,1830.00833684727,1830.00833684727,46.25880051,46.25880051,55.4031748609078,55.4031748609078,3.10935129574733,3.10935129574733,0,0,0,0,0,1,0,0,0,0,0
famm1241,Fam,Atlantic-Congo,1408.0,,3,,,endangered,1,1084.16041805436,1084.16041805436,41.21139908,41.21139908,62.9755675573659,62.9755675573659,3.3628832591496,3.3628832591496,0,0,0,0,0,1,0,0,0,0,0
mpra1235,Mpra,Atlantic-Congo,1408.0,,,,,dormant,1,2390.77237652715,2390.77237652715,72.17569733,72.17569733,58.3654868038581,58.3654868038581,2.83566522568304,2.83566522568304,0,0,0,0,0,1,0,0,0,0,0
mbre1244,Mbre,Atlantic-Congo,1408.0,,3,,,endangered,1,2727.8935220697,2727.8935220697,41.43219902,41.43219902,53.9733113940142,53.9733113940142,3.48999214741196,3.48999214741196,0,0,0,0,0,1,0,0,0,0,0
igoo1238,Igo,Atlantic-Congo,1408.0,,2,,,threatened,2,2390.77237652715,1755.07699081072,72.17569733,55.8294487,58.3654868038581,51.09016798222885,3.53965377622507,3.187659500954055,0,0,0,0,0,1,0,0,0,0,0
tuwu1238,Tuwuli,Atlantic-Congo,1408.0,,1,,,vulnerable,1,2390.77237652715,2390.77237652715,72.17569733,72.17569733,58.3654868038581,58.3654868038581,2.83566522568304,2.83566522568304,0,0,0,0,0,1,0,0,0,0,0
anim1239,Animere,Atlantic-Congo,1408.0,,4,,3,severely endangered,1,2390.77237652715,2390.77237652715,72.17569733,72.17569733,58.3654868038581,58.3654868038581,2.83566522568304,2.83566522568304,0,0,0,0,0,1,0,0,0,0,0
nchu1238,Nchumbulu,Atlantic-Congo,1408.0,,2,,,threatened,1,2390.77237652715,2390.77237652715,72.17569733,72.17569733,58.3654868038581,58.3654868038581,2.83566522568304,2.83566522568304,0,0,0,0,0,1,0,0,0,0,0
dwan1238,Dwang,Atlantic-Congo,1408.0,,2,,,threatened,1,2390.77237652715,2390.77237652715,72.17569733,72.17569733,58.3654868038581,58.3654868038581,2.83566522568304,2.83566522568304,0,0,0,0,0,1,0,0,0,0,0
tchu1241,Tchumbuli,Atlantic-Congo,1408.0,,2,3,4,severely endangered,1,1485.38018885134,1485.38018885134,33.98379898,33.98379898,52.5455354818423,52.5455354818423,3.99546291254476,3.99546291254476,0,0,0,0,0,1,0,0,0,0,0
domp1238,Dompo,Atlantic-Congo,1408.0,,4,,,severely endangered,1,2390.77237652715,2390.77237652715,72.17569733,72.17569733,58.3654868038581,58.3654868038581,2.83566522568304,2.83566522568304,0,0,0,0,0,1,0,0,0,0,0
beti1248,Beti (Côte d'Ivoire),Atlantic-Congo,1408.0,,3,,,endangered,1,2727.8935220697,2727.8935220697,41.43219902,41.43219902,53.9733113940142,53.9733113940142,3.48999214741196,3.48999214741196,0,0,0,0,0,1,0,0,0,0,0
logb1245,Ikpana,Atlantic-Congo,1408.0,,2,,,threatened,1,2390.77237652715,2390.77237652715,72.17569733,72.17569733,58.3654868038581,58.3654868038581,2.83566522568304,2.83566522568304,0,0,0,0,0,1,0,0,0,0,0
sele1249,Selee,Atlantic-Congo,1408.0,,2,,,threatened,1,2390.77237652715,2390.77237652715,72.17569733,72.17569733,58.3654868038581,58.3654868038581,2.83566522568304,2.83566522568304,0,0,0,0,0,1,0,0,0,0,0
sekp1241,Sekpele,Atlantic-Congo,1408.0,1,1,2,1,threatened,1,2390.77237652715,2390.77237652715,72.17569733,72.17569733,58.3654868038581,58.3654868038581,2.83566522568304,2.83566522568304,0,0,0,0,0,1,0,0,0,0,0
anii1245,Anii,Atlantic-Congo,1408.0,1,1,0,0,vulnerable,2,1485.38018885134,1302.3808969728152,39.48320007,36.733499525,52.5455354818423,48.18019232122095,3.99546291254476,3.767558344384915,0,0,0,0,0,1,0,0,0,0,0
agun1238,Aguna,Atlantic-Congo,1408.0,,2,,,threatened,2,1485.38018885134,1302.3808969728152,39.48320007,36.733499525,52.5455354818423,48.18019232122095,3.99546291254476,3.767558344384915,0,0,0,0,0,1,0,0,0,0,0
kpes1238,Kpessi,Atlantic-Congo,1408.0,2,2,1,0,vulnerable,1,1119.38160509429,1119.38160509429,39.48320007,39.48320007,43.8148491605996,43.8148491605996,3.53965377622507,3.53965377622507,0,0,0,0,0,1,0,0,0,0,0
tooo1238,To,Atlantic-Congo,1408.0,,,,,dormant,2,1830.00833684727,1173.084668421653,46.25880051,30.02065039,55.4031748609078,49.76376521239909,4.37152557937021,3.74043843755877,0,0,0,0,0,1,0,0,0,0,0
kara1478,Karang,Atlantic-Congo,1408.0,,1,,,vulnerable,2,1830.00833684727,1395.784046236165,46.25880051,29.442850115,55.4031748609078,41.16735204992875,7.20534416894141,5.15734773234437,0,0,0,0,0,1,0,0,0,0,0
pana1293,Pana (Central African Republic),Atlantic-Congo,1408.0,,1,,,vulnerable,4,1830.00833684727,1097.9723776306814,46.25880051,28.469899895,62.9755675573659,47.35865680527845,7.20534416894141,4.512276075802138,0,0,0,0,0,1,0,0,0,0,0
mamb1294,Mambai,Atlantic-Congo,1408.0,,1,,,vulnerable,2,1830.00833684727,1395.784046236165,46.25880051,29.442850115,55.4031748609078,41.16735204992875,7.20534416894141,5.15734773234437,0,0,0,0,0,1,0,0,0,0,0
mono1269,Mono (Cameroon),Atlantic-Congo,1408.0,4,,,4,severely endangered,1,1830.00833684727,1830.00833684727,46.25880051,46.25880051,55.4031748609078,55.4031748609078,3.10935129574733,3.10935129574733,0,0,0,0,0,1,0,0,0,0,0
pamm1242,Pam (Cameroon),Atlantic-Congo,1408.0,3,4,,4,severely endangered,1,1830.00833684727,1830.00833684727,46.25880051,46.25880051,55.4031748609078,55.4031748609078,3.10935129574733,3.10935129574733,0,0,0,0,0,1,0,0,0,0,0
ndai1238,Ndai,Atlantic-Congo,1408.0,,5,,,critically endangered,1,1830.00833684727,1830.00833684727,46.25880051,46.25880051,55.4031748609078,55.4031748609078,3.10935129574733,3.10935129574733,0,0,0,0,0,1,0,0,0,0,0
dama1267,Dama (Cameroon),Atlantic-Congo,1408.0,3,4,5,5,critically endangered,1,1830.00833684727,1830.00833684727,46.25880051,46.25880051,55.4031748609078,55.4031748609078,3.10935129574733,3.10935129574733,0,0,0,0,0,1,0,0,0,0,0
oblo1238,Oblo,Atlantic-Congo,1408.0,,,,,dormant,1,1830.00833684727,1830.00833684727,46.25880051,46.25880051,55.4031748609078,55.4031748609078,3.10935129574733,3.10935129574733,0,0,0,0,0,1,0,0,0,0,0
geme1244,Geme,Atlantic-Congo,1408.0,,3,,,endangered,1,516.160999996036,516.160999996036,13.78250027,13.78250027,44.1243555638904,44.1243555638904,4.37152557937021,4.37152557937021,0,0,0,0,0,1,0,0,0,0,0
bara1361,Barambu,Atlantic-Congo,1408.0,,1,,,vulnerable,1,649.383338556725,649.383338556725,19.67350006,19.67350006,44.7455804408753,44.7455804408753,4.07315231217813,4.07315231217813,0,0,0,0,0,1,0,0,0,0,0
baii1251,Bai,Atlantic-Congo,1408.0,,2,,,threatened,1,1080.14718624765,1080.14718624765,6.671000004,6.671000004,21.3768190444906,21.3768190444906,5.35572566859027,5.35572566859027,0,0,0,0,0,1,0,0,0,0,0
indr1247,Indri,Atlantic-Congo,1408.0,,4,,,severely endangered,1,1080.14718624765,1080.14718624765,6.671000004,6.671000004,21.3768190444906,21.3768190444906,5.35572566859027,5.35572566859027,0,0,0,0,0,1,0,0,0,0,0
mang1387,Mangayat,Atlantic-Congo,1408.0,,3,,,endangered,1,1080.14718624765,1080.14718624765,6.671000004,6.671000004,21.3768190444906,21.3768190444906,5.35572566859027,5.35572566859027,0,0,0,0,0,1,0,0,0,0,0
mono1270,Mono (Democratic Republic of Congo),Atlantic-Congo,1408.0,1,1,0,0,vulnerable,2,649.383338556725,582.7721692763805,19.67350006,16.728000164999997,44.7455804408753,44.434968002382845,4.37152557937021,4.22233894577417,0,0,0,0,0,1,0,0,0,0,0
baka1272,Baka (Cameroon),Atlantic-Congo,1408.0,,1,,1,vulnerable,4,8230.04311451151,3264.6153615501044,68.72090149,44.0034501575,91.8632094677575,63.819337765636526,4.37152557937021,3.158142295576185,0,0,0,0,0,1,0,0,0,0,0
ganz1247,Ganzi,Atlantic-Congo,1408.0,,2,,,threatened,1,516.160999996036,516.160999996036,13.78250027,13.78250027,44.1243555638904,44.1243555638904,4.37152557937021,4.37152557937021,0,0,0,0,0,1,0,0,0,0,0
gban1258,Gbanziri-Boraka,Atlantic-Congo,1408.0,,1,,,vulnerable,2,649.383338556725,582.7721692763805,19.67350006,16.728000164999997,44.7455804408753,44.434968002382845,4.37152557937021,4.22233894577417,0,0,0,0,0,1,0,0,0,0,0
monz1249,Monzombo,Atlantic-Congo,1408.0,,1,,,vulnerable,3,2482.2489948456,1215.931111132787,47.25159836,26.902532896666667,63.8866111699904,50.91884905825203,4.37152557937021,3.7313670497142932,0,0,0,0,0,1,0,0,0,0,0
yang1289,Yango,Atlantic-Congo,1408.0,,2,,,threatened,1,649.383338556725,649.383338556725,19.67350006,19.67350006,44.7455804408753,44.7455804408753,4.07315231217813,4.07315231217813,0,0,0,0,0,1,0,0,0,0,0
gbay1278,Gbayi,Atlantic-Congo,1408.0,,2,,,threatened,1,516.160999996036,516.160999996036,13.78250027,13.78250027,44.1243555638904,44.1243555638904,4.37152557937021,4.37152557937021,0,0,0,0,0,1,0,0,0,0,0
makn1235,Mak (Nigeria),Atlantic-Congo,1408.0,,2,,,threatened,1,1084.16041805436,1084.16041805436,41.21139908,41.21139908,62.9755675573659,62.9755675573659,3.3628832591496,3.3628832591496,0,0,0,0,0,1,0,0,0,0,0
magh1238,Mághdì,Atlantic-Congo,1408.0,,2,,,threatened,1,1084.16041805436,1084.16041805436,41.21139908,41.21139908,62.9755675573659,62.9755675573659,3.3628832591496,3.3628832591496,0,0,0,0,0,1,0,0,0,0,0
thaa1239,Tha,Atlantic-Congo,1408.0,,2,,,threatened,1,1084.16041805436,1084.16041805436,41.21139908,41.21139908,62.9755675573659,62.9755675573659,3.3628832591496,3.3628832591496,0,0,0,0,0,1,0,0,0,0,0
ming1254,Mingang Doso,Atlantic-Congo,1408.0,,2,,,threatened,1,1084.16041805436,1084.16041805436,41.21139908,41.21139908,62.9755675573659,62.9755675573659,3.3628832591496,3.3628832591496,0,0,0,0,0,1,0,0,0,0,0
bali1245,Bali (Nigeria),Atlantic-Congo,1408.0,,2,,,threatened,1,1084.16041805436,1084.16041805436,41.21139908,41.21139908,62.9755675573659,62.9755675573659,3.3628832591496,3.3628832591496,0,0,0,0,0,1,0,0,0,0,0
kolb1240,Kolbila,Atlantic-Congo,1408.0,,3,,,endangered,1,1830.00833684727,1830.00833684727,46.25880051,46.25880051,55.4031748609078,55.4031748609078,3.10935129574733,3.10935129574733,0,0,0,0,0,1,0,0,0,0,0
nimb1256,Nimbari,Atlantic-Congo,1408.0,,,,,dormant,1,1830.00833684727,1830.00833684727,46.25880051,46.25880051,55.4031748609078,55.4031748609078,3.10935129574733,3.10935129574733,0,0,0,0,0,1,0,0,0,0,0
tief1242,Tiefo-Daramandugu,Atlantic-Congo,1408.0,3,2,5,1,endangered,1,981.992649769081,981.992649769081,28.25270081,28.25270081,28.3352514896662,28.3352514896662,4.19892549480939,4.19892549480939,0,0,0,0,0,1,0,0,0,0,0
nati1243,Natioro,Atlantic-Congo,1408.0,,2,,0,vulnerable,1,981.992649769081,981.992649769081,28.25270081,28.25270081,28.3352514896662,28.3352514896662,4.19892549480939,4.19892549480939,0,0,0,0,0,1,0,0,0,0,0
wara1292,Samue,Atlantic-Congo,1408.0,,2,,,threatened,2,1094.61949265799,1038.3060712135355,36.80149841,32.52709961,31.6075621182225,29.971406803944348,4.87178721321357,4.53535635401148,0,0,0,0,0,1,0,0,0,0,0
khee1238,Khe,Atlantic-Congo,1408.0,,2,,,threatened,2,2727.8935220697,1854.9430859193903,41.43219902,34.842449915,53.9733113940142,41.1542814418402,4.19892549480939,3.844458821110675,0,0,0,0,0,1,0,0,0,0,0
bago1245,Bago-Kusuntu,Atlantic-Congo,1408.0,,2,,,threatened,1,1119.38160509429,1119.38160509429,39.48320007,39.48320007,43.8148491605996,43.8148491605996,3.53965377622507,3.53965377622507,0,0,0,0,0,1,0,0,0,0,0
chal1269,Chala,Atlantic-Congo,1408.0,,2,,,threatened,1,2390.77237652715,2390.77237652715,72.17569733,72.17569733,58.3654868038581,58.3654868038581,2.83566522568304,2.83566522568304,0,0,0,0,0,1,0,0,0,0,0
degg1238,Deg,Atlantic-Congo,1408.0,,1,,,vulnerable,2,2727.8935220697,2559.332949298425,72.17569733,56.803948175,58.3654868038581,56.169399098936154,3.48999214741196,3.1628286865475,0,0,0,0,0,1,0,0,0,0,0
chak1271,Chakali,Atlantic-Congo,1408.0,,2,,,threatened,1,2390.77237652715,2390.77237652715,72.17569733,72.17569733,58.3654868038581,58.3654868038581,2.83566522568304,2.83566522568304,0,0,0,0,0,1,0,0,0,0,0
pana1295,Pana (Burkina Faso),Atlantic-Congo,1408.0,,2,,,threatened,2,1094.61949265799,1038.3060712135355,36.80149841,32.52709961,31.6075621182225,29.971406803944348,4.87178721321357,4.53535635401148,0,0,0,0,0,1,0,0,0,0,0
kala1383,Kalamsé,Atlantic-Congo,1408.0,,2,,,threatened,2,1094.61949265799,1038.3060712135355,36.80149841,32.52709961,31.6075621182225,29.971406803944348,4.87178721321357,4.53535635401148,0,0,0,0,0,1,0,0,0,0,0
khis1238,Khisa,Atlantic-Congo,1408.0,,2,,,threatened,2,2727.8935220697,1854.9430859193903,41.43219902,34.842449915,53.9733113940142,41.1542814418402,4.19892549480939,3.844458821110675,0,0,0,0,0,1,0,0,0,0,0
notr1240,Notre,Atlantic-Congo,1408.0,1,2,1,0,vulnerable,1,1485.38018885134,1485.38018885134,33.98379898,33.98379898,52.5455354818423,52.5455354818423,3.99546291254476,3.99546291254476,0,0,0,0,0,1,0,0,0,0,0
kant1249,Kantosi,Atlantic-Congo,1408.0,,2,,,threatened,2,2390.77237652715,1686.3825131481153,72.17569733,50.21419907000001,58.3654868038581,43.35036914676215,4.19892549480939,3.517295360246215,0,0,0,0,0,1,0,0,0,0,0
kama1357,Kamara,Atlantic-Congo,1408.0,,2,0,,vulnerable,1,2390.77237652715,2390.77237652715,72.17569733,72.17569733,58.3654868038581,58.3654868038581,2.83566522568304,2.83566522568304,0,0,0,0,0,1,0,0,0,0,0
hang1258,Hanga,Atlantic-Congo,1408.0,,2,,,threatened,1,2390.77237652715,2390.77237652715,72.17569733,72.17569733,58.3654868038581,58.3654868038581,2.83566522568304,2.83566522568304,0,0,0,0,0,1,0,0,0,0,0
konn1242,Konni,Atlantic-Congo,1408.0,,2,0,,vulnerable,1,2390.77237652715,2390.77237652715,72.17569733,72.17569733,58.3654868038581,58.3654868038581,2.83566522568304,2.83566522568304,0,0,0,0,0,1,0,0,0,0,0
miyo1238,Miyobe,Atlantic-Congo,1408.0,,2,,,threatened,2,1485.38018885134,1302.3808969728152,39.48320007,36.733499525,52.5455354818423,48.18019232122095,3.99546291254476,3.767558344384915,0,0,0,0,0,1,0,0,0,0,0
tuni1251,Tunia,Atlantic-Congo,1408.0,,2,,,threatened,1,961.55975562506,961.55975562506,12.62689972,12.62689972,26.9315292389497,26.9315292389497,7.20534416894141,7.20534416894141,0,0,0,0,0,1,0,0,0,0,0
noyy1238,Noy,Atlantic-Congo,1408.0,,4,,,severely endangered,1,961.55975562506,961.55975562506,12.62689972,12.62689972,26.9315292389497,26.9315292389497,7.20534416894141,7.20534416894141,0,0,0,0,0,1,0,0,0,0,0
niel1243,Niellim,Atlantic-Congo,1408.0,,2,,,threatened,1,961.55975562506,961.55975562506,12.62689972,12.62689972,26.9315292389497,26.9315292389497,7.20534416894141,7.20534416894141,0,0,0,0,0,1,0,0,0,0,0
koke1240,Koke,Atlantic-Congo,1408.0,,3,,,endangered,1,961.55975562506,961.55975562506,12.62689972,12.62689972,26.9315292389497,26.9315292389497,7.20534416894141,7.20534416894141,0,0,0,0,0,1,0,0,0,0,0
bong1282,Bon Gula,Atlantic-Congo,1408.0,,2,,,threatened,1,961.55975562506,961.55975562506,12.62689972,12.62689972,26.9315292389497,26.9315292389497,7.20534416894141,7.20534416894141,0,0,0,0,0,1,0,0,0,0,0
zang1249,Zan Gula,Atlantic-Congo,1408.0,,2,,,threatened,1,961.55975562506,961.55975562506,12.62689972,12.62689972,26.9315292389497,26.9315292389497,7.20534416894141,7.20534416894141,0,0,0,0,0,1,0,0,0,0,0
fani1244,Fania,Atlantic-Congo,1408.0,4,2,2,3,endangered,1,961.55975562506,961.55975562506,12.62689972,12.62689972,26.9315292389497,26.9315292389497,7.20534416894141,7.20534416894141,0,0,0,0,0,1,0,0,0,0,0
kimm1246,Kim,Atlantic-Congo,1408.0,,1,,,vulnerable,1,961.55975562506,961.55975562506,12.62689972,12.62689972,26.9315292389497,26.9315292389497,7.20534416894141,7.20534416894141,0,0,0,0,0,1,0,0,0,0,0
goun1238,Goundo,Atlantic-Congo,1408.0,,4,,5,critically endangered,1,961.55975562506,961.55975562506,12.62689972,12.62689972,26.9315292389497,26.9315292389497,7.20534416894141,7.20534416894141,0,0,0,0,0,1,0,0,0,0,0
besm1235,Besme,Atlantic-Congo,1408.0,,2,,,threatened,1,961.55975562506,961.55975562506,12.62689972,12.62689972,26.9315292389497,26.9315292389497,7.20534416894141,7.20534416894141,0,0,0,0,0,1,0,0,0,0,0
bang1347,Ngombe-Bangandu,Atlantic-Congo,1408.0,,2,,,threatened,2,2482.2489948456,2156.128665846435,47.25159836,46.755199435,63.8866111699904,59.6448930154491,3.10935129574733,2.9293872766709352,0,0,0,0,0,1,0,0,0,0,0
bomk1234,Bom-Kim,Atlantic-Congo,1408.0,,3,,5,critically endangered,1,806.654650417726,806.654650417726,25.10499954,25.10499954,45.3626823156371,45.3626823156371,3.35005056369307,3.35005056369307,0,0,0,0,0,1,0,0,0,0,0
bull1247,Bullom So,Atlantic-Congo,1408.0,4,3,5,,severely endangered,2,1694.95375862193,1250.804204519828,33.30469894,29.20484924,45.3626823156371,41.7169929922513,3.52094495710575,3.43549776039941,0,0,0,0,0,1,0,0,0,0,0
baga1273,Baga Koga,Atlantic-Congo,1408.0,,2,,,threatened,1,1694.95375862193,1694.95375862193,33.30469894,33.30469894,38.0713036688655,38.0713036688655,3.52094495710575,3.52094495710575,0,0,0,0,0,1,0,0,0,0,0
baga1272,Baga Sitemu,Atlantic-Congo,1408.0,,2,,,threatened,1,1694.95375862193,1694.95375862193,33.30469894,33.30469894,38.0713036688655,38.0713036688655,3.52094495710575,3.52094495710575,0,0,0,0,0,1,0,0,0,0,0
baga1270,Baga Manduri,Atlantic-Congo,1408.0,,2,,,threatened,1,1694.95375862193,1694.95375862193,33.30469894,33.30469894,38.0713036688655,38.0713036688655,3.52094495710575,3.52094495710575,0,0,0,0,0,1,0,0,0,0,0
land1256,Landoma,Atlantic-Congo,1408.0,,1,,,vulnerable,1,1694.95375862193,1694.95375862193,33.30469894,33.30469894,38.0713036688655,38.0713036688655,3.52094495710575,3.52094495710575,0,0,0,0,0,1,0,0,0,0,0
jola1263,Jola-Fonyi,Atlantic-Congo,1408.0,,0,,,at risk,3,1773.21829923448,1217.4333694303514,60.11780167,46.46316719,64.2994103409645,55.21647722283897,3.34103397205513,3.231156457420107,0,0,1,0,1,1,0,0,0,0,0
kuwa1246,Kuwaataay,Atlantic-Congo,1408.0,,2,,,threatened,1,1773.21829923448,1773.21829923448,60.11780167,60.11780167,55.2368169057304,55.2368169057304,3.29859527765075,3.29859527765075,0,0,0,0,0,1,0,0,0,0,0
mlom1238,Mlomp,Atlantic-Congo,1408.0,,2,,,threatened,1,1773.21829923448,1773.21829923448,60.11780167,60.11780167,55.2368169057304,55.2368169057304,3.29859527765075,3.29859527765075,0,0,0,0,0,1,0,0,0,0,0
ejam1238,Ejamat,Atlantic-Congo,1408.0,,1,,,vulnerable,2,1773.21829923448,1390.47990825738,60.11780167,44.947600365,55.2368169057304,50.6750106637762,3.34103397205513,3.31981462485294,0,0,0,0,0,1,0,0,0,0,0
bayo1255,Kugere-Kuxinge,Atlantic-Congo,1408.0,,1,,,vulnerable,3,1773.21829923448,1217.4333694303514,60.11780167,46.46316719,64.2994103409645,55.21647722283897,3.34103397205513,3.231156457420107,0,0,0,0,0,1,0,0,0,0,0
gusi1246,Gusilay,Atlantic-Congo,1408.0,,1,,,vulnerable,1,1773.21829923448,1773.21829923448,60.11780167,60.11780167,55.2368169057304,55.2368169057304,3.29859527765075,3.29859527765075,0,0,0,0,0,1,0,0,0,0,0
band1340,Bandial,Atlantic-Congo,1408.0,,2,,,threatened,1,1773.21829923448,1773.21829923448,60.11780167,60.11780167,55.2368169057304,55.2368169057304,3.29859527765075,3.29859527765075,0,0,0,0,0,1,0,0,0,0,0
bain1259,Bainounk-Gujaher,Atlantic-Congo,1408.0,,,,1,vulnerable,2,1773.21829923448,1390.47990825738,60.11780167,44.947600365,55.2368169057304,50.6750106637762,3.34103397205513,3.31981462485294,0,0,0,0,0,1,0,0,0,0,0
bain1261,Bainouk-Gunyaamolo-Gutobor,Atlantic-Congo,1408.0,,2,,,threatened,3,1773.21829923448,1217.4333694303514,60.11780167,46.46316719,64.2994103409645,55.21647722283897,3.34103397205513,3.231156457420107,0,0,0,0,1,1,0,0,0,0,0
gube1234,Gubeeher-Gufangor-Gubelor,Atlantic-Congo,1408.0,,2,,,threatened,1,1773.21829923448,1773.21829923448,60.11780167,60.11780167,55.2368169057304,55.2368169057304,3.29859527765075,3.29859527765075,0,0,0,0,0,1,0,0,0,0,0
kasa1248,Kasanga,Atlantic-Congo,1408.0,,4,,5,critically endangered,2,1773.21829923448,1390.47990825738,60.11780167,44.947600365,55.2368169057304,50.6750106637762,3.34103397205513,3.31981462485294,0,0,0,0,0,1,0,0,0,0,0
kobi1241,Kobiana,Atlantic-Congo,1408.0,,3,,,endangered,2,1773.21829923448,1390.47990825738,60.11780167,44.947600365,55.2368169057304,50.6750106637762,3.34103397205513,3.31981462485294,0,0,0,0,0,1,0,0,0,0,0
wame1240,Wamey,Atlantic-Congo,1408.0,,1,,,vulnerable,2,1773.21829923448,1734.086028928205,60.11780167,46.711250305,55.2368169057304,46.65406028729795,3.52094495710575,3.40977011737825,0,0,0,0,0,1,0,0,0,0,0
bass1258,Bassari-Tanda,Atlantic-Congo,1408.0,,1,,,vulnerable,3,1773.21829923448,1491.9711917122302,60.11780167,41.06663322333333,55.2368169057304,46.473774998805965,3.52094495710575,3.38685806893721,0,0,0,0,0,1,0,0,0,0,0
bedi1235,Bedik,Atlantic-Congo,1408.0,,2,,,threatened,1,1773.21829923448,1773.21829923448,60.11780167,60.11780167,55.2368169057304,55.2368169057304,3.29859527765075,3.29859527765075,0,0,0,0,0,1,0,0,0,0,0
biaf1240,Biafada,Atlantic-Congo,1408.0,,1,,,vulnerable,1,1007.74151728028,1007.74151728028,29.77739906,29.77739906,46.113204421822,46.113204421822,3.34103397205513,3.34103397205513,0,0,0,0,0,1,0,0,0,0,0
bady1239,Jaad-Badyara,Atlantic-Congo,1408.0,,1,,,vulnerable,3,1773.21829923448,1491.9711917122302,60.11780167,41.06663322333333,55.2368169057304,46.473774998805965,3.52094495710575,3.38685806893721,0,0,0,0,0,1,0,0,0,0,0
mbul1258,Mbulungish,Atlantic-Congo,1408.0,,2,,,threatened,2,1694.95375862193,1351.347637951105,33.30469894,31.541049,46.113204421822,42.09225404534375,3.52094495710575,3.43098946458044,0,0,0,0,0,1,0,0,0,0,0
baga1275,Pukur,Atlantic-Congo,1408.0,,2,,,threatened,1,1694.95375862193,1694.95375862193,33.30469894,33.30469894,38.0713036688655,38.0713036688655,3.52094495710575,3.52094495710575,0,0,0,0,0,1,0,0,0,0,0
nalu1240,Nalu,Atlantic-Congo,1408.0,,1,,,vulnerable,2,1694.95375862193,1351.347637951105,33.30469894,31.541049,46.113204421822,42.09225404534375,3.52094495710575,3.43098946458044,0,0,0,0,0,1,0,0,0,0,0
ngar1284,Ngarinyin,Worrorran,10.0,,4,,5,critically endangered,1,64603.9856308464,64603.9856308464,96.13140106,96.13140106,87.6021469990446,87.6021469990446,2.12571289816265,2.12571289816265,0,0,0,0,0,0,1,0,0,0,0
ungg1243,Unggumi,Worrorran,10.0,,,,,dormant,1,64603.9856308464,64603.9856308464,96.13140106,96.13140106,87.6021469990446,87.6021469990446,2.12571289816265,2.12571289816265,0,0,0,0,0,0,1,0,0,0,0
worr1237,Worrorra,Worrorran,10.0,,,,,dormant,1,64603.9856308464,64603.9856308464,96.13140106,96.13140106,87.6021469990446,87.6021469990446,2.12571289816265,2.12571289816265,0,0,0,0,0,0,1,0,0,0,0
wuna1249,Wunambal,Worrorran,10.0,,4,,,severely endangered,1,64603.9856308464,64603.9856308464,96.13140106,96.13140106,87.6021469990446,87.6021469990446,2.12571289816265,2.12571289816265,0,0,0,0,0,0,1,0,0,0,0
wila1240,Wilawila,Worrorran,10.0,,5,,,critically endangered,1,64603.9856308464,64603.9856308464,96.13140106,96.13140106,87.6021469990446,87.6021469990446,2.12571289816265,2.12571289816265,0,0,0,0,0,0,1,0,0,0,0
gamb1251,Gambera,Worrorran,10.0,,5,,,critically endangered,1,64603.9856308464,64603.9856308464,96.13140106,96.13140106,87.6021469990446,87.6021469990446,2.12571289816265,2.12571289816265,0,0,0,0,0,0,1,0,0,0,0
kwin1241,Kwini,Worrorran,10.0,,4,,3,severely endangered,1,64603.9856308464,64603.9856308464,96.13140106,96.13140106,87.6021469990446,87.6021469990446,2.12571289816265,2.12571289816265,0,0,0,0,0,0,1,0,0,0,0
isir1237,Isirawa,Greater Kwerba,8.0,,2,,,threatened,1,4925.43048751861,4925.43048751861,72.78075544,72.78075544,58.7509635387997,58.7509635387997,1.89719567962498,1.89719567962498,0,0,0,0,0,0,0,0,0,1,0
cadd1256,Caddo,Caddoan,5.0,5,4,5,5,critically endangered,1,84534.0407841548,84534.0407841548,94.69380188,94.69380188,80.1247798047184,80.1247798047184,1.04286346807884,1.04286346807884,0,0,0,0,0,0,0,0,1,0,0
wich1260,Wichita,Caddoan,5.0,,,,,dormant,1,84534.0407841548,84534.0407841548,94.69380188,94.69380188,80.1247798047184,80.1247798047184,1.04286346807884,1.04286346807884,0,0,0,0,0,0,0,0,1,0,0
arik1262,Arikara,Caddoan,5.0,5,,5,5,critically endangered,1,84534.0407841548,84534.0407841548,94.69380188,94.69380188,80.1247798047184,80.1247798047184,1.04286346807884,1.04286346807884,0,0,0,0,0,0,0,0,1,0,0
pawn1254,Pawnee,Caddoan,5.0,,5,,5,critically endangered,1,84534.0407841548,84534.0407841548,94.69380188,94.69380188,80.1247798047184,80.1247798047184,1.04286346807884,1.04286346807884,0,0,0,0,0,0,0,0,1,0,0
gura1252,Guragone,Maningrida,4.0,,5,,,critically endangered,1,64603.9856308464,64603.9856308464,96.13140106,96.13140106,87.6021469990446,87.6021469990446,2.12571289816265,2.12571289816265,0,0,0,0,0,0,1,0,0,0,0
bura1267,Burarra,Maningrida,4.0,,3,,,endangered,1,64603.9856308464,64603.9856308464,96.13140106,96.13140106,87.6021469990446,87.6021469990446,2.12571289816265,2.12571289816265,0,0,0,0,0,0,1,0,0,0,0
naka1260,Nakara,Maningrida,4.0,3,4,3,5,severely endangered,1,64603.9856308464,64603.9856308464,96.13140106,96.13140106,87.6021469990446,87.6021469990446,2.12571289816265,2.12571289816265,0,0,0,0,0,0,1,0,0,0,0
djee1236,Djeebbana,Maningrida,4.0,,3,,,endangered,1,64603.9856308464,64603.9856308464,96.13140106,96.13140106,87.6021469990446,87.6021469990446,2.12571289816265,2.12571289816265,0,0,0,0,0,0,1,0,0,0,0
shwa1239,Shwai,Heibanic,11.0,,2,,,threatened,1,984.607666015625,984.607666015625,18.60000038,18.60000038,34.8673015510839,34.8673015510839,1.01305651386284,1.01305651386284,0,0,0,0,0,1,0,0,0,0,0
moro1285,Moro,Heibanic,11.0,,1,,,vulnerable,1,984.607666015625,984.607666015625,18.60000038,18.60000038,34.8673015510839,34.8673015510839,1.01305651386284,1.01305651386284,0,0,0,0,0,1,0,0,0,0,0
otor1240,Otoro,Heibanic,11.0,,3,,,endangered,1,984.607666015625,984.607666015625,18.60000038,18.60000038,34.8673015510839,34.8673015510839,1.01305651386284,1.01305651386284,0,0,0,0,0,1,0,0,0,0,0
logo1262,Logol,Heibanic,11.0,,2,,,threatened,1,984.607666015625,984.607666015625,18.60000038,18.60000038,34.8673015510839,34.8673015510839,1.01305651386284,1.01305651386284,0,0,0,0,0,1,0,0,0,0,0
laro1243,Laru (North Sudan),Heibanic,11.0,,1,,,vulnerable,1,984.607666015625,984.607666015625,18.60000038,18.60000038,34.8673015510839,34.8673015510839,1.01305651386284,1.01305651386284,0,0,0,0,0,1,0,0,0,0,0
warn1244,Warnang,Heibanic,11.0,,2,,,threatened,1,984.607666015625,984.607666015625,18.60000038,18.60000038,34.8673015510839,34.8673015510839,1.01305651386284,1.01305651386284,0,0,0,0,0,1,0,0,0,0,0
kooo1244,Ko,Heibanic,11.0,,2,,,threatened,1,984.607666015625,984.607666015625,18.60000038,18.60000038,34.8673015510839,34.8673015510839,1.01305651386284,1.01305651386284,0,0,0,0,0,1,0,0,0,0,0
wark1247,Warkay-Bipim,Anim,17.0,,3,,,endangered,1,4925.43048751861,4925.43048751861,72.78075544,72.78075544,58.7509635387997,58.7509635387997,1.89719567962498,1.89719567962498,0,0,0,0,0,0,0,0,0,1,0
abom1238,Abom,Anim,17.0,,4,,5,critically endangered,1,3006.70564478923,3006.70564478923,18.81159973,18.81159973,15.4061816403333,15.4061816403333,4.06785501758394,4.06785501758394,0,0,0,0,0,0,0,0,0,1,0
ipik1244,Ipiko,Anim,17.0,,3,,,endangered,1,3006.70564478923,3006.70564478923,18.81159973,18.81159973,15.4061816403333,15.4061816403333,4.06785501758394,4.06785501758394,0,0,0,0,0,0,0,0,0,1,0
xinc1246,Xinca-Guazacapan,Xincan,5.0,,,,,dormant,1,6150.02571438505,6150.02571438505,60.22140121,60.22140121,55.9547027274763,55.9547027274763,2.16241273582344,2.16241273582344,0,0,0,0,0,0,0,0,1,0,0
xinc1242,Xinca-Chiquimulilla,Xincan,5.0,,,,,awakening,1,6150.02571438505,6150.02571438505,60.22140121,60.22140121,55.9547027274763,55.9547027274763,2.16241273582344,2.16241273582344,0,0,0,0,0,0,0,0,1,0,0
xink1235,Xinka-Jumaytepeque,Xincan,5.0,,,,,dormant,1,6150.02571438505,6150.02571438505,60.22140121,60.22140121,55.9547027274763,55.9547027274763,2.16241273582344,2.16241273582344,0,0,0,0,0,0,0,0,1,0,0
chan1319,Changriwa,Yuat,5.0,,3,,,endangered,1,3006.70564478923,3006.70564478923,18.81159973,18.81159973,15.4061816403333,15.4061816403333,4.06785501758394,4.06785501758394,0,0,0,0,0,0,0,0,0,1,0
mekm1240,Mekmek,Yuat,5.0,,2,,,threatened,1,3006.70564478923,3006.70564478923,18.81159973,18.81159973,15.4061816403333,15.4061816403333,4.06785501758394,4.06785501758394,0,0,0,0,0,0,0,0,0,1,0
kyen1243,Kyenele,Yuat,5.0,,3,,,endangered,1,3006.70564478923,3006.70564478923,18.81159973,18.81159973,15.4061816403333,15.4061816403333,4.06785501758394,4.06785501758394,0,0,0,0,0,0,0,0,0,1,0
biwa1243,Biwat,Yuat,5.0,,2,,,threatened,1,3006.70564478923,3006.70564478923,18.81159973,18.81159973,15.4061816403333,15.4061816403333,4.06785501758394,4.06785501758394,0,0,0,0,0,0,0,0,0,1,0
bunn1240,Bun,Yuat,5.0,,3,,,endangered,1,3006.70564478923,3006.70564478923,18.81159973,18.81159973,15.4061816403333,15.4061816403333,4.06785501758394,4.06785501758394,0,0,0,0,0,0,0,0,0,1,0
kaur1271,Kaure-Narau,Kaure-Kosare,2.0,,3,,,endangered,1,4925.43048751861,4925.43048751861,72.78075544,72.78075544,58.7509635387997,58.7509635387997,1.89719567962498,1.89719567962498,0,0,0,0,0,0,0,0,0,1,0
kosa1251,Kosadle,Kaure-Kosare,2.0,,3,,,endangered,1,4925.43048751861,4925.43048751861,72.78075544,72.78075544,58.7509635387997,58.7509635387997,1.89719567962498,1.89719567962498,0,0,0,0,0,0,0,0,0,1,0
tira1258,Tiranige Diga Dogon,Dogon,20.0,,2,,,threatened,1,1094.61949265799,1094.61949265799,36.80149841,36.80149841,31.6075621182225,31.6075621182225,4.87178721321357,4.87178721321357,0,0,0,0,0,1,0,0,0,0,0
buno1241,Bunoge Dogon,Dogon,20.0,,2,,,threatened,1,1094.61949265799,1094.61949265799,36.80149841,36.80149841,31.6075621182225,31.6075621182225,4.87178721321357,4.87178721321357,0,0,0,0,0,1,0,0,0,0,0
ampa1238,Ampari Dogon,Dogon,20.0,,2,,,threatened,1,1094.61949265799,1094.61949265799,36.80149841,36.80149841,31.6075621182225,31.6075621182225,4.87178721321357,4.87178721321357,0,0,0,0,0,1,0,0,0,0,0
momb1254,Mombo Dogon,Dogon,20.0,,1,,,vulnerable,1,1094.61949265799,1094.61949265799,36.80149841,36.80149841,31.6075621182225,31.6075621182225,4.87178721321357,4.87178721321357,0,0,0,0,0,1,0,0,0,0,0
bank1259,Bankan Tey Dogon,Dogon,20.0,,2,,,threatened,1,1094.61949265799,1094.61949265799,36.80149841,36.80149841,31.6075621182225,31.6075621182225,4.87178721321357,4.87178721321357,0,0,0,0,0,1,0,0,0,0,0
bent1238,Ben Tey Dogon,Dogon,20.0,,2,,,threatened,1,1094.61949265799,1094.61949265799,36.80149841,36.80149841,31.6075621182225,31.6075621182225,4.87178721321357,4.87178721321357,0,0,0,0,0,1,0,0,0,0,0
nang1261,Nanga,Dogon,20.0,,2,,,threatened,1,1094.61949265799,1094.61949265799,36.80149841,36.80149841,31.6075621182225,31.6075621182225,4.87178721321357,4.87178721321357,0,0,0,0,0,1,0,0,0,0,0
dogu1235,Dogul Dom Dogon,Dogon,20.0,,1,,,vulnerable,1,1094.61949265799,1094.61949265799,36.80149841,36.80149841,31.6075621182225,31.6075621182225,4.87178721321357,4.87178721321357,0,0,0,0,0,1,0,0,0,0,0
tebu1239,Tebul Ure Dogon,Dogon,20.0,,2,,0,vulnerable,1,1094.61949265799,1094.61949265799,36.80149841,36.80149841,31.6075621182225,31.6075621182225,4.87178721321357,4.87178721321357,0,0,0,0,0,1,0,0,0,0,0
bond1248,Najamba-Kindige,Dogon,20.0,,1,,,vulnerable,1,1094.61949265799,1094.61949265799,36.80149841,36.80149841,31.6075621182225,31.6075621182225,4.87178721321357,4.87178721321357,0,0,0,0,0,1,0,0,0,0,0
yand1257,Yanda Dom Dogon,Dogon,20.0,,2,,,threatened,1,1094.61949265799,1094.61949265799,36.80149841,36.80149841,31.6075621182225,31.6075621182225,4.87178721321357,4.87178721321357,0,0,0,0,0,1,0,0,0,0,0
abau1245,Abau,Sepik,36.0,2,2,1,,threatened,1,3006.70564478923,3006.70564478923,18.81159973,18.81159973,15.4061816403333,15.4061816403333,4.06785501758394,4.06785501758394,0,0,0,0,0,0,0,0,0,1,0
amal1242,Amal,Sepik,36.0,,3,,,endangered,1,3006.70564478923,3006.70564478923,18.81159973,18.81159973,15.4061816403333,15.4061816403333,4.06785501758394,4.06785501758394,0,0,0,0,0,0,0,0,0,1,0
awtu1239,Awtuw,Sepik,36.0,,3,,,endangered,1,3006.70564478923,3006.70564478923,18.81159973,18.81159973,15.4061816403333,15.4061816403333,4.06785501758394,4.06785501758394,0,0,0,0,0,0,0,0,0,1,0
kara1495,Karawa,Sepik,36.0,,4,,,severely endangered,1,3006.70564478923,3006.70564478923,18.81159973,18.81159973,15.4061816403333,15.4061816403333,4.06785501758394,4.06785501758394,0,0,0,0,0,0,0,0,0,1,0
pouy1238,Pouye,Sepik,36.0,2,3,,0,threatened,1,3006.70564478923,3006.70564478923,18.81159973,18.81159973,15.4061816403333,15.4061816403333,4.06785501758394,4.06785501758394,0,0,0,0,0,0,0,0,0,1,0
akkk1240,Ak,Sepik,36.0,,4,3,3,severely endangered,1,3006.70564478923,3006.70564478923,18.81159973,18.81159973,15.4061816403333,15.4061816403333,4.06785501758394,4.06785501758394,0,0,0,0,0,0,0,0,0,1,0
awun1245,Auwon,Sepik,36.0,,3,,,endangered,1,3006.70564478923,3006.70564478923,18.81159973,18.81159973,15.4061816403333,15.4061816403333,4.06785501758394,4.06785501758394,0,0,0,0,0,0,0,0,0,1,0
nami1256,Namia,Sepik,36.0,2,2,,0,vulnerable,1,3006.70564478923,3006.70564478923,18.81159973,18.81159973,15.4061816403333,15.4061816403333,4.06785501758394,4.06785501758394,0,0,0,0,0,0,0,0,0,1,0
sepi1255,Sepik Iwam,Sepik,36.0,,2,,,threatened,1,3006.70564478923,3006.70564478923,18.81159973,18.81159973,15.4061816403333,15.4061816403333,4.06785501758394,4.06785501758394,0,0,0,0,0,0,0,0,0,1,0
iwam1256,Iwam,Sepik,36.0,,2,,,threatened,1,3006.70564478923,3006.70564478923,18.81159973,18.81159973,15.4061816403333,15.4061816403333,4.06785501758394,4.06785501758394,0,0,0,0,0,0,0,0,0,1,0
chen1259,Chenapian,Sepik,36.0,,3,,,endangered,1,3006.70564478923,3006.70564478923,18.81159973,18.81159973,15.4061816403333,15.4061816403333,4.06785501758394,4.06785501758394,0,0,0,0,0,0,0,0,0,1,0
woga1249,Wogamusin,Sepik,36.0,,3,,,endangered,1,3006.70564478923,3006.70564478923,18.81159973,18.81159973,15.4061816403333,15.4061816403333,4.06785501758394,4.06785501758394,0,0,0,0,0,0,0,0,0,1,0
sani1270,Saniyo-Hiyewe,Sepik,36.0,,3,,,endangered,1,3006.70564478923,3006.70564478923,18.81159973,18.81159973,15.4061816403333,15.4061816403333,4.06785501758394,4.06785501758394,0,0,0,0,0,0,0,0,0,1,0
niks1238,Niksek,Sepik,36.0,,3,,,endangered,1,3006.70564478923,3006.70564478923,18.81159973,18.81159973,15.4061816403333,15.4061816403333,4.06785501758394,4.06785501758394,0,0,0,0,0,0,0,0,0,1,0
piam1243,Piame,Sepik,36.0,,4,,,severely endangered,1,3006.70564478923,3006.70564478923,18.81159973,18.81159973,15.4061816403333,15.4061816403333,4.06785501758394,4.06785501758394,0,0,0,0,0,0,0,0,0,1,0
hewa1241,Hewa,Sepik,36.0,,2,,,threatened,1,3006.70564478923,3006.70564478923,18.81159973,18.81159973,15.4061816403333,15.4061816403333,4.06785501758394,4.06785501758394,0,0,0,0,0,0,0,0,0,1,0
kani1285,Kaningra,Sepik,36.0,2,3,,0,threatened,1,3006.70564478923,3006.70564478923,18.81159973,18.81159973,15.4061816403333,15.4061816403333,4.06785501758394,4.06785501758394,0,0,0,0,0,0,0,0,0,1,0
alam1246,Alamblak,Sepik,36.0,,2,,,threatened,1,3006.70564478923,3006.70564478923,18.81159973,18.81159973,15.4061816403333,15.4061816403333,4.06785501758394,4.06785501758394,0,0,0,0,0,0,0,0,0,1,0
bisi1244,Bisis,Sepik,36.0,,3,,,endangered,1,3006.70564478923,3006.70564478923,18.81159973,18.81159973,15.4061816403333,15.4061816403333,4.06785501758394,4.06785501758394,0,0,0,0,0,0,0,0,0,1,0
mari1432,Mari (East Sepik Province),Sepik,36.0,3,4,,2,endangered,1,3006.70564478923,3006.70564478923,18.81159973,18.81159973,15.4061816403333,15.4061816403333,4.06785501758394,4.06785501758394,0,0,0,0,0,0,0,0,0,1,0
suma1269,Sumariup,Sepik,36.0,,4,,,severely endangered,1,3006.70564478923,3006.70564478923,18.81159973,18.81159973,15.4061816403333,15.4061816403333,4.06785501758394,4.06785501758394,0,0,0,0,0,0,0,0,0,1,0
kapr1245,Kapriman,Sepik,36.0,2,2,,0,vulnerable,1,3006.70564478923,3006.70564478923,18.81159973,18.81159973,15.4061816403333,15.4061816403333,4.06785501758394,4.06785501758394,0,0,0,0,0,0,0,0,0,1,0
wata1251,Watakataui,Sepik,36.0,,3,,,endangered,1,3006.70564478923,3006.70564478923,18.81159973,18.81159973,15.4061816403333,15.4061816403333,4.06785501758394,4.06785501758394,0,0,0,0,0,0,0,0,0,1,0
beri1253,Berinomo,Sepik,36.0,,3,,,endangered,1,3006.70564478923,3006.70564478923,18.81159973,18.81159973,15.4061816403333,15.4061816403333,4.06785501758394,4.06785501758394,0,0,0,0,0,0,0,0,0,1,0
bahi1254,Bahinemo,Sepik,36.0,,3,,0,vulnerable,1,3006.70564478923,3006.70564478923,18.81159973,18.81159973,15.4061816403333,15.4061816403333,4.06785501758394,4.06785501758394,0,0,0,0,0,0,0,0,0,1,0
mehe1243,Mehek,Sepik,36.0,1,2,,,threatened,1,3006.70564478923,3006.70564478923,18.81159973,18.81159973,15.4061816403333,15.4061816403333,4.06785501758394,4.06785501758394,0,0,0,0,0,0,0,0,0,1,0
pahi1246,Pahi,Sepik,36.0,,3,,,endangered,1,3006.70564478923,3006.70564478923,18.81159973,18.81159973,15.4061816403333,15.4061816403333,4.06785501758394,4.06785501758394,0,0,0,0,0,0,0,0,0,1,0
yess1239,Yessan-Mayo,Sepik,36.0,,3,,,endangered,1,3006.70564478923,3006.70564478923,18.81159973,18.81159973,15.4061816403333,15.4061816403333,4.06785501758394,4.06785501758394,0,0,0,0,0,0,0,0,0,1,0
ayip1235,Ayi (Papua New Guinea),Sepik,36.0,,3,,,endangered,1,3006.70564478923,3006.70564478923,18.81159973,18.81159973,15.4061816403333,15.4061816403333,4.06785501758394,4.06785501758394,0,0,0,0,0,0,0,0,0,1,0
kalo1262,Kalou,Sepik,36.0,,3,,,endangered,1,3006.70564478923,3006.70564478923,18.81159973,18.81159973,15.4061816403333,15.4061816403333,4.06785501758394,4.06785501758394,0,0,0,0,0,0,0,0,0,1,0
pasi1259,Pasi,Sepik,36.0,,3,,,endangered,1,3006.70564478923,3006.70564478923,18.81159973,18.81159973,15.4061816403333,15.4061816403333,4.06785501758394,4.06785501758394,0,0,0,0,0,0,0,0,0,1,0
kwom1262,Kwoma,Sepik,36.0,,2,,,threatened,1,3006.70564478923,3006.70564478923,18.81159973,18.81159973,15.4061816403333,15.4061816403333,4.06785501758394,4.06785501758394,0,0,0,0,0,0,0,0,0,1,0
mend1268,Mende (Papua New Guinea),Sepik,36.0,,2,,,threatened,1,3006.70564478923,3006.70564478923,18.81159973,18.81159973,15.4061816403333,15.4061816403333,4.06785501758394,4.06785501758394,0,0,0,0,0,0,0,0,0,1,0
kwan1278,Kwanga,Sepik,36.0,,2,,,threatened,1,3006.70564478923,3006.70564478923,18.81159973,18.81159973,15.4061816403333,15.4061816403333,4.06785501758394,4.06785501758394,0,0,0,0,0,0,0,0,0,1,0
shel1236,Shelta,Speech Register,19.0,,1,,,vulnerable,3,112894.953240805,83558.45387982353,97.18769836,95.78453318,83.2429544416085,75.90492405729513,1.93467790605789,1.38098946159156,0,0,0,0,0,0,0,1,0,0,0
call1235,Callawalla,Speech Register,19.0,,4,,,severely endangered,1,4421.16609889999,4421.16609889999,79.70469666,79.70469666,71.2361453773988,71.2361453773988,1.82370068528301,1.82370068528301,0,0,0,0,0,0,0,0,0,0,1
ngat1248,Ngatik Men's Creole,Speech Register,19.0,4,4,4,4,severely endangered,1,4166.00476748564,4166.00476748564,39.52360153,39.52360153,22.4562830235421,22.4562830235421,0.572230689895507,0.572230689895507,0,0,0,0,0,0,0,0,0,1,0
kwam1249,Gwama,Koman,5.0,2,,0,0,vulnerable,1,1133.88279681719,1133.88279681719,21.94129944,21.94129944,23.6222839355469,23.6222839355469,4.99846973014755,4.99846973014755,0,0,0,0,0,1,0,0,0,0,0
opuu1239,Opo,Koman,5.0,,3,,,endangered,2,1133.88279681719,1107.01499153242,21.94129944,14.306149722,23.6222839355469,22.49955149001875,5.35572566859027,5.177097699368909,0,0,0,0,0,1,0,0,0,0,0
komo1258,Komo (Sudan-Ethiopia),Koman,5.0,,2,,,threatened,3,1133.88279681719,1066.2125496934884,21.94129944,15.737433274666666,34.8673015510839,26.622134843707133,5.35572566859027,3.7890839708668866,0,0,0,0,0,1,0,0,0,0,0
saba1268,Sabanê,Nambiquaran,6.0,,5,,,critically endangered,1,10310.5488778166,10310.5488778166,84.46347227,84.46347227,87.8958549533146,87.8958549533146,0.724401697459186,0.724401697459186,0,0,0,0,0,0,0,0,0,0,1
sout2994,Southern Nambikuára,Nambiquaran,6.0,,3,,,endangered,1,10310.5488778166,10310.5488778166,84.46347227,84.46347227,87.8958549533146,87.8958549533146,0.724401697459186,0.724401697459186,0,0,0,0,0,0,0,0,0,0,1
mama1278,Mamaindé,Nambiquaran,6.0,,3,,,endangered,1,10310.5488778166,10310.5488778166,84.46347227,84.46347227,87.8958549533146,87.8958549533146,0.724401697459186,0.724401697459186,0,0,0,0,0,0,0,0,0,0,1
ghul1238,Uncunwee,Nubian,13.0,3,1,3,3,endangered,1,984.607666015625,984.607666015625,18.60000038,18.60000038,34.8673015510839,34.8673015510839,1.01305651386284,1.01305651386284,0,0,0,0,0,1,0,0,0,0,0
dair1239,Dair,Nubian,13.0,,2,,,threatened,1,984.607666015625,984.607666015625,18.60000038,18.60000038,34.8673015510839,34.8673015510839,1.01305651386284,1.01305651386284,0,0,0,0,0,1,0,0,0,0,0
kada1282,Kadaru,Nubian,13.0,,2,,,threatened,1,984.607666015625,984.607666015625,18.60000038,18.60000038,34.8673015510839,34.8673015510839,1.01305651386284,1.01305651386284,0,0,0,0,0,1,0,0,0,0,0
dill1242,Dilling,Nubian,13.0,,2,,,threatened,1,984.607666015625,984.607666015625,18.60000038,18.60000038,34.8673015510839,34.8673015510839,1.01305651386284,1.01305651386284,0,0,0,0,0,1,0,0,0,0,0
kark1256,Karko,Nubian,13.0,4,2,,2,endangered,1,984.607666015625,984.607666015625,18.60000038,18.60000038,34.8673015510839,34.8673015510839,1.01305651386284,1.01305651386284,0,0,0,0,0,1,0,0,0,0,0
elhu1238,El Hugeirat,Nubian,13.0,,4,,,severely endangered,1,984.607666015625,984.607666015625,18.60000038,18.60000038,34.8673015510839,34.8673015510839,1.01305651386284,1.01305651386284,0,0,0,0,0,1,0,0,0,0,0
wali1262,Wali (Sudan),Nubian,13.0,,2,,,threatened,1,984.607666015625,984.607666015625,18.60000038,18.60000038,34.8673015510839,34.8673015510839,1.01305651386284,1.01305651386284,0,0,0,0,0,1,0,0,0,0,0
nort2952,Northeast Maidu,Maiduan,4.0,,,,,dormant,1,84534.0407841548,84534.0407841548,94.69380188,94.69380188,80.1247798047184,80.1247798047184,1.04286346807884,1.04286346807884,0,0,0,0,0,0,0,0,1,0,0
nort2951,Northwest Maidu,Maiduan,4.0,,5,5,5,critically endangered,1,84534.0407841548,84534.0407841548,94.69380188,94.69380188,80.1247798047184,80.1247798047184,1.04286346807884,1.04286346807884,0,0,0,0,0,0,0,0,1,0,0
nise1244,Nisenan,Maiduan,4.0,,5,,,critically endangered,1,84534.0407841548,84534.0407841548,94.69380188,94.69380188,80.1247798047184,80.1247798047184,1.04286346807884,1.04286346807884,0,0,0,0,0,0,0,0,1,0,0
tenn1246,Tennet,Surmic,11.0,,2,1,,threatened,1,1080.14718624765,1080.14718624765,6.671000004,6.671000004,21.3768190444906,21.3768190444906,5.35572566859027,5.35572566859027,0,0,0,0,0,1,0,0,0,0,0
murl1244,Murle,Surmic,11.0,,1,,,vulnerable,2,1133.88279681719,1107.01499153242,21.94129944,14.306149722,23.6222839355469,22.49955149001875,5.35572566859027,5.177097699368909,0,0,1,0,0,1,0,0,0,0,0
nari1240,Narim,Surmic,11.0,,2,,,threatened,1,1080.14718624765,1080.14718624765,6.671000004,6.671000004,21.3768190444906,21.3768190444906,5.35572566859027,5.35572566859027,0,0,0,0,0,1,0,0,0,0,0
kweg1241,Kwegu,Surmic,11.0,,3,,,endangered,1,1133.88279681719,1133.88279681719,21.94129944,21.94129944,23.6222839355469,23.6222839355469,4.99846973014755,4.99846973014755,0,0,0,0,0,1,0,0,0,0,0
suri1267,Tirma-Chai,Surmic,11.0,,1,,,vulnerable,2,1133.88279681719,1107.01499153242,21.94129944,14.306149722,23.6222839355469,22.49955149001875,5.35572566859027,5.177097699368909,0,0,0,0,0,1,0,0,0,0,0
makl1246,Maklew,Bulaka River,3.0,,3,,,endangered,1,4925.43048751861,4925.43048751861,72.78075544,72.78075544,58.7509635387997,58.7509635387997,1.89719567962498,1.89719567962498,0,0,0,0,0,0,0,0,0,1,0
fass1245,Momu-Fas,Baibai-Fas,2.0,,2,,,threatened,1,3006.70564478923,3006.70564478923,18.81159973,18.81159973,15.4061816403333,15.4061816403333,4.06785501758394,4.06785501758394,0,0,0,0,0,0,0,0,0,1,0
baib1251,Baibai,Baibai-Fas,2.0,,3,,,endangered,1,3006.70564478923,3006.70564478923,18.81159973,18.81159973,15.4061816403333,15.4061816403333,4.06785501758394,4.06785501758394,0,0,0,0,0,0,0,0,0,1,0
tond1249,Tondi Songway Kiini,Songhay,10.0,,2,,,threatened,1,1094.61949265799,1094.61949265799,36.80149841,36.80149841,31.6075621182225,31.6075621182225,4.87178721321357,4.87178721321357,0,0,0,0,0,1,0,0,0,0,0
tasa1240,Tasawaq,Songhay,10.0,,2,,,threatened,2,1084.16041805436,909.715336920793,41.21139908,28.38449955,62.9755675573659,40.5126537012231,4.95172159663678,4.15730242789319,0,0,0,0,0,1,0,0,0,0,0
tagd1238,Tagdal,Songhay,10.0,,1,,,vulnerable,2,1084.16041805436,909.715336920793,41.21139908,28.38449955,62.9755675573659,40.5126537012231,4.95172159663678,4.15730242789319,0,0,0,0,0,1,0,0,0,0,0
kora1291,Korandje,Songhay,10.0,3,2,3,2,endangered,1,5752.99076651465,5752.99076651465,77.4178009,77.4178009,75.2792907190618,75.2792907190618,2.12697498648782,2.12697498648782,0,0,0,0,0,1,0,0,0,0,0
hach1239,Hachijo,Japonic,17.0,4,2,3,3,endangered,1,32487.0778047567,32487.0778047567,85.54153081,85.54153081,92.1901718034531,92.1901718034531,-0.318996369716406,-0.318996369716406,0,0,0,0,0,0,0,1,0,0,0
miya1259,Miyako,Japonic,17.0,5,2,4,4,severely endangered,1,32487.0778047567,32487.0778047567,85.54153081,85.54153081,92.1901718034531,92.1901718034531,-0.318996369716406,-0.318996369716406,0,0,0,0,0,0,0,1,0,0,0
yona1241,Yonaguni,Japonic,17.0,4,3,4,4,severely endangered,1,32487.0778047567,32487.0778047567,85.54153081,85.54153081,92.1901718034531,92.1901718034531,-0.318996369716406,-0.318996369716406,0,0,0,0,0,0,0,1,0,0,0
yaey1239,Yaeyama,Japonic,17.0,4,2,3,3,endangered,1,32487.0778047567,32487.0778047567,85.54153081,85.54153081,92.1901718034531,92.1901718034531,-0.318996369716406,-0.318996369716406,0,0,0,0,0,0,0,1,0,0,0
cent2126,Central Okinawan,Japonic,17.0,,0,5,4,severely endangered,1,32487.0778047567,32487.0778047567,85.54153081,85.54153081,92.1901718034531,92.1901718034531,-0.318996369716406,-0.318996369716406,0,0,0,0,0,0,0,1,0,0,0
yila1234,Vernacular Atayalic Japanese,Japonic,17.0,4,2,,2,endangered,2,13303.1481543868,13303.1481543868,92.0,92.0,65.8946980998325,65.8946980998325,0.431708792065523,0.431708792065523,0,0,0,0,0,0,0,0,0,1,0
kili1268,Kiliwa,Cochimi-Yuman,12.0,,5,,,critically endangered,1,14185.7812248529,14185.7812248529,83.12233799,83.12233799,79.7538805976118,79.7538805976118,1.2127000253117,1.2127000253117,0,0,0,0,0,0,0,0,1,0,0
mari1440,Maricopa,Cochimi-Yuman,12.0,,4,,,severely endangered,1,84534.0407841548,84534.0407841548,94.69380188,94.69380188,80.1247798047184,80.1247798047184,1.04286346807884,1.04286346807884,0,0,0,0,0,0,0,0,1,0,0
moha1256,Mohave,Cochimi-Yuman,12.0,,4,,,severely endangered,1,84534.0407841548,84534.0407841548,94.69380188,94.69380188,80.1247798047184,80.1247798047184,1.04286346807884,1.04286346807884,0,0,0,0,0,0,0,0,1,0,0
paip1241,Paipai,Cochimi-Yuman,12.0,5,4,4,4,critically endangered,1,14185.7812248529,14185.7812248529,83.12233799,83.12233799,79.7538805976118,79.7538805976118,1.2127000253117,1.2127000253117,0,0,0,0,0,0,0,0,1,0,0
hava1248,Havasupai-Walapai-Yavapai,Cochimi-Yuman,12.0,,2,,1,threatened,1,84534.0407841548,84534.0407841548,94.69380188,94.69380188,80.1247798047184,80.1247798047184,1.04286346807884,1.04286346807884,0,0,0,0,0,0,0,0,1,0,0
coco1261,Cocopa,Cochimi-Yuman,12.0,,3,,,endangered,2,84534.0407841548,49359.911004503854,94.69380188,88.908069935,80.1247798047184,79.93933020116509,1.2127000253117,1.12778174669527,0,0,0,0,0,0,0,0,1,0,0
kumi1248,Tipai-Kumeyaay-Huerteno,Cochimi-Yuman,12.0,,4,5,5,endangered,2,84534.0407841548,49359.91100450385,94.69380188,88.908069935,80.1247798047184,79.93933020116509,1.2127000253117,1.12778174669527,0,0,0,0,0,0,0,0,1,0,0
kumi1248,Tipai-Kumeyaay-Huerteno,Cochimi-Yuman,12.0,,4,,,severely endangered,2,84534.0407841548,49359.91100450385,94.69380188,88.908069935,80.1247798047184,79.93933020116509,1.2127000253117,1.12778174669527,0,0,0,0,0,0,0,0,1,0,0
lumu1239,Lumun,Narrow Talodi,8.0,,1,,,vulnerable,1,984.607666015625,984.607666015625,18.60000038,18.60000038,34.8673015510839,34.8673015510839,1.01305651386284,1.01305651386284,0,0,0,0,0,1,0,0,0,0,0
ngil1242,Ngile,Narrow Talodi,8.0,,1,,,vulnerable,1,984.607666015625,984.607666015625,18.60000038,18.60000038,34.8673015510839,34.8673015510839,1.01305651386284,1.01305651386284,0,0,0,0,0,1,0,0,0,0,0
ndin1245,Nding,Narrow Talodi,8.0,,2,,,threatened,1,984.607666015625,984.607666015625,18.60000038,18.60000038,34.8673015510839,34.8673015510839,1.01305651386284,1.01305651386284,0,0,0,0,0,1,0,0,0,0,0
talo1250,Tasomi-Tata,Narrow Talodi,8.0,,2,,,threatened,1,984.607666015625,984.607666015625,18.60000038,18.60000038,34.8673015510839,34.8673015510839,1.01305651386284,1.01305651386284,0,0,0,0,0,1,0,0,0,0,0
ache1245,Acheron,Narrow Talodi,8.0,,1,,,vulnerable,1,984.607666015625,984.607666015625,18.60000038,18.60000038,34.8673015510839,34.8673015510839,1.01305651386284,1.01305651386284,0,0,0,0,0,1,0,0,0,0,0
toch1257,Tocho,Narrow Talodi,8.0,,2,,,threatened,1,984.607666015625,984.607666015625,18.60000038,18.60000038,34.8673015510839,34.8673015510839,1.01305651386284,1.01305651386284,0,0,0,0,0,1,0,0,0,0,0
bell1243,Bella Coola,Salishan,25.0,,4,5,5,critically endangered,1,54340.3477224733,54340.3477224733,94.353302,94.353302,82.7002565766633,82.7002565766633,3.17427570128175,3.17427570128175,0,0,0,0,0,0,0,0,1,0,0
squa1248,Squamish,Salishan,25.0,,5,5,5,critically endangered,1,54340.3477224733,54340.3477224733,94.353302,94.353302,82.7002565766633,82.7002565766633,3.17427570128175,3.17427570128175,0,0,0,0,0,0,0,0,1,0,0
halk1245,Halkomelem,Salishan,25.0,,3,,,severely endangered,2,84534.0407841548,69437.19425331405,94.69380188,94.52355194,82.7002565766633,81.41251819069086,3.17427570128175,2.108569584680295,0,0,0,0,0,0,0,0,1,0,0
stra1244,Northern Straits Salish,Salishan,25.0,,5,5,5,critically endangered,2,84534.0407841548,69437.19425331405,94.69380188,94.52355194,82.7002565766633,81.41251819069086,3.17427570128175,2.108569584680295,0,0,0,0,0,0,0,0,1,0,0
clal1241,Clallam,Salishan,25.0,,,,,awakening,1,84534.0407841548,84534.0407841548,94.69380188,94.69380188,80.1247798047184,80.1247798047184,1.04286346807884,1.04286346807884,0,0,0,0,0,0,0,0,1,0,0
sech1246,Sechelt,Salishan,25.0,,5,5,5,critically endangered,1,54340.3477224733,54340.3477224733,94.353302,94.353302,82.7002565766633,82.7002565766633,3.17427570128175,3.17427570128175,0,0,0,0,0,0,0,0,1,0,0
como1259,Comox,Salishan,25.0,,4,5,5,critically endangered,1,54340.3477224733,54340.3477224733,94.353302,94.353302,82.7002565766633,82.7002565766633,3.17427570128175,3.17427570128175,0,0,0,0,0,0,0,0,1,0,0
coeu1236,Coeur d'Alene,Salishan,25.0,5,5,5,5,critically endangered,1,84534.0407841548,84534.0407841548,94.69380188,94.69380188,80.1247798047184,80.1247798047184,1.04286346807884,1.04286346807884,0,0,0,0,0,0,0,0,1,0,0
colu1241,Columbia-Wenatchi,Salishan,25.0,,4,,5,critically endangered,1,84534.0407841548,84534.0407841548,94.69380188,94.69380188,80.1247798047184,80.1247798047184,1.04286346807884,1.04286346807884,0,0,0,0,0,0,0,0,1,0,0
okan1243,Okanagan,Salishan,25.0,,3,,,endangered,2,84534.0407841548,69437.19425331405,94.69380188,94.52355194,82.7002565766633,81.41251819069086,3.17427570128175,2.108569584680295,0,0,0,0,0,0,0,0,1,0,0
lill1248,Lillooet,Salishan,25.0,,3,5,5,critically endangered,1,54340.3477224733,54340.3477224733,94.353302,94.353302,82.7002565766633,82.7002565766633,3.17427570128175,3.17427570128175,0,0,0,0,0,0,0,0,1,0,0
shus1248,Shuswap,Salishan,25.0,,3,,,critically endangered,1,54340.3477224733,54340.3477224733,94.353302,94.353302,82.7002565766633,82.7002565766633,3.17427570128175,3.17427570128175,0,0,0,0,0,0,0,0,1,0,0
thom1243,Thompson,Salishan,25.0,,3,,4,severely endangered,1,54340.3477224733,54340.3477224733,94.353302,94.353302,82.7002565766633,82.7002565766633,3.17427570128175,3.17427570128175,0,0,0,0,0,0,0,0,1,0,0
piru1241,Piru,Bookkeeping,380.0,,4,,,severely endangered,1,4925.43048751861,4925.43048751861,72.78075544,72.78075544,58.7509635387997,58.7509635387997,1.89719567962498,1.89719567962498,0,0,0,0,0,0,0,0,0,1,0
aghu1256,Aghu Tharnggalu (Retired),Bookkeeping,380.0,,,,,dormant,1,64603.9856308464,64603.9856308464,96.13140106,96.13140106,87.6021469990446,87.6021469990446,2.12571289816265,2.12571289816265,0,0,0,0,0,0,1,0,0,0,0
kung1262,Kunggara,Bookkeeping,380.0,,5,,,critically endangered,1,64603.9856308464,64603.9856308464,96.13140106,96.13140106,87.6021469990446,87.6021469990446,2.12571289816265,2.12571289816265,0,0,0,0,0,0,1,0,0,0,0
yugh1240,Yugh (Retired),Bookkeeping,380.0,,5,5,5,critically endangered,1,14889.0185546875,14889.0185546875,94.36495368,94.36495368,75.1119136177067,75.1119136177067,-0.0283196242809465,-0.0283196242809465,0,0,0,0,0,0,0,1,0,0,0
bain1260,Bainouk-Samik,Bookkeeping,380.0,,2,,,threatened,2,1773.21829923448,1390.47990825738,60.11780167,44.947600365,55.2368169057304,50.6750106637762,3.34103397205513,3.31981462485294,0,0,0,0,0,1,0,0,0,0,0
bubi1249,Bubia,Bookkeeping,380.0,4,3,,,severely endangered,1,1830.00833684727,1830.00833684727,46.25880051,46.25880051,55.4031748609078,55.4031748609078,3.10935129574733,3.10935129574733,0,0,0,0,0,1,0,0,0,0,0
ngar1286,Ngarla on the Ashburton river south of the Hamersley range,Bookkeeping,380.0,,5,,,critically endangered,1,64603.9856308464,64603.9856308464,96.13140106,96.13140106,87.6021469990446,87.6021469990446,2.12571289816265,2.12571289816265,0,0,0,0,0,0,1,0,0,0,0
ngon1275,Ngong,Bookkeeping,380.0,,5,,,critically endangered,1,1830.00833684727,1830.00833684727,46.25880051,46.25880051,55.4031748609078,55.4031748609078,3.10935129574733,3.10935129574733,0,0,0,0,0,1,0,0,0,0,0
puna1274,Punan Merap,Bookkeeping,380.0,,3,,,endangered,1,4925.43048751861,4925.43048751861,72.78075544,72.78075544,58.7509635387997,58.7509635387997,1.89719567962498,1.89719567962498,0,0,0,0,0,0,0,0,0,1,0
buso1242,Buso,Bookkeeping,380.0,,4,,,severely endangered,1,961.55975562506,961.55975562506,12.62689972,12.62689972,26.9315292389497,26.9315292389497,7.20534416894141,7.20534416894141,0,0,0,0,0,1,0,0,0,0,0
buma1247,Bumang,Bookkeeping,380.0,2,3,2,1,threatened,1,13303.1481543868,13303.1481543868,92.0,92.0,65.8946980998325,65.8946980998325,0.431708792065523,0.431708792065523,0,0,0,0,0,0,0,1,0,0,0
odut1238,Odut,Bookkeeping,380.0,,4,,,severely endangered,1,1084.16041805436,1084.16041805436,41.21139908,41.21139908,62.9755675573659,62.9755675573659,3.3628832591496,3.3628832591496,0,0,0,0,0,1,0,0,0,0,0
kpat1244,Kpatili,Bookkeeping,380.0,,2,,,threatened,1,516.160999996036,516.160999996036,13.78250027,13.78250027,44.1243555638904,44.1243555638904,4.37152557937021,4.37152557937021,0,0,0,0,0,1,0,0,0,0,0
nupb1238,Nupbikha,Bookkeeping,380.0,,1,,,vulnerable,1,3831.32535494609,3831.32535494609,91.27739716,91.27739716,42.5645249803412,42.5645249803412,2.61867173932571,2.61867173932571,0,0,0,0,0,0,0,1,0,0,0
samr1245,Samre of Siem Reap,Bookkeeping,380.0,4,4,5,5,critically endangered,2,7346.62022142185,4987.249959492045,90.86718789,79.67124577,61.8689338391321,51.3708185822025,1.82378198623233,1.6490651912544299,0,0,0,0,0,0,0,1,0,0,0
kuan1250,Kuanhua,Bookkeeping,380.0,,2,,,threatened,1,13303.1481543868,13303.1481543868,92.0,92.0,65.8946980998325,65.8946980998325,0.431708792065523,0.431708792065523,0,0,0,0,0,0,0,1,0,0,0
chak1275,Chakato,Bookkeeping,380.0,4,3,2,1,endangered,1,1084.16041805436,1084.16041805436,41.21139908,41.21139908,62.9755675573659,62.9755675573659,3.3628832591496,3.3628832591496,0,0,0,0,0,1,0,0,0,0,0
tete1252,Tetete,Bookkeeping,380.0,,,,,dormant,1,6874.705739766,6874.705739766,77.17273115,77.17273115,63.2376932397602,63.2376932397602,1.0297722100581,1.0297722100581,0,0,0,0,0,0,0,0,0,0,1
tawa1289,Tawang Monpa,Bookkeeping,380.0,,2,,,threatened,3,13303.1481543868,6609.7371059775,92.0,82.74029795333333,65.8946980998325,47.94604010567087,2.61867173932571,1.6082047848808745,0,0,0,0,0,0,0,1,0,0,0
thul1247,Thu Lao,Bookkeeping,380.0,,3,,,endangered,1,4717.29028732449,4717.29028732449,84.15,84.15,38.4900703430176,38.4900703430176,1.57144510714158,1.57144510714158,0,0,0,0,0,0,0,1,0,0,0
baba1273,Babalia Creole Arabic,Bookkeeping,380.0,,2,,,threatened,1,961.55975562506,961.55975562506,12.62689972,12.62689972,26.9315292389497,26.9315292389497,7.20534416894141,7.20534416894141,0,0,0,0,0,1,0,0,0,0,0
nucl1668,Katukína,Bookkeeping,380.0,1,3,1,0,vulnerable,1,10310.5488778166,10310.5488778166,84.46347227,84.46347227,87.8958549533146,87.8958549533146,0.724401697459186,0.724401697459186,0,0,0,0,0,0,0,0,0,0,1
ngom1265,Ngombe (Central African Republic),Bookkeeping,380.0,,2,,,threatened,1,516.160999996036,516.160999996036,13.78250027,13.78250027,44.1243555638904,44.1243555638904,4.37152557937021,4.37152557937021,0,0,0,0,0,1,0,0,0,0,0
olko1234,Olkol,Bookkeeping,380.0,,5,,,critically endangered,1,64603.9856308464,64603.9856308464,96.13140106,96.13140106,87.6021469990446,87.6021469990446,2.12571289816265,2.12571289816265,0,0,0,0,0,0,1,0,0,0,0
kuku1279,Kuku-Mangk,Bookkeeping,380.0,,5,,,critically endangered,1,64603.9856308464,64603.9856308464,96.13140106,96.13140106,87.6021469990446,87.6021469990446,2.12571289816265,2.12571289816265,0,0,0,0,0,0,1,0,0,0,0
momi1242,Momina,Bookkeeping,380.0,,3,,,endangered,1,4925.43048751861,4925.43048751861,72.78075544,72.78075544,58.7509635387997,58.7509635387997,1.89719567962498,1.89719567962498,0,0,0,0,0,0,0,0,0,1,0
kofa1236,Kofa,Bookkeeping,380.0,3,,,0,vulnerable,1,1084.16041805436,1084.16041805436,41.21139908,41.21139908,62.9755675573659,62.9755675573659,3.3628832591496,3.3628832591496,0,0,0,0,0,1,0,0,0,0,0
yaum1238,Yauma,Bookkeeping,380.0,,1,,,vulnerable,2,2665.87444776753,1926.491940634085,40.70479965,28.90289974,70.6551379036435,58.0627608763857,4.18812173875964,3.98815657165911,0,0,0,0,0,1,0,0,0,0,0
yars1234,Yarsun,Bookkeeping,380.0,,3,,,endangered,1,4925.43048751861,4925.43048751861,72.78075544,72.78075544,58.7509635387997,58.7509635387997,1.89719567962498,1.89719567962498,0,0,0,0,0,0,0,0,0,1,0
nija1242,Nijadali,Bookkeeping,380.0,,5,,5,critically endangered,1,64603.9856308464,64603.9856308464,96.13140106,96.13140106,87.6021469990446,87.6021469990446,2.12571289816265,2.12571289816265,0,0,0,0,0,0,1,0,0,0,0
nara1265,Narau,Bookkeeping,380.0,,4,,,severely endangered,1,4925.43048751861,4925.43048751861,72.78075544,72.78075544,58.7509635387997,58.7509635387997,1.89719567962498,1.89719567962498,0,0,0,0,0,0,0,0,0,1,0
koko1273,Koko Babangk,Bookkeeping,380.0,,,,,dormant,1,64603.9856308464,64603.9856308464,96.13140106,96.13140106,87.6021469990446,87.6021469990446,2.12571289816265,2.12571289816265,0,0,0,0,0,0,1,0,0,0,0
urad1239,Uradhi,Bookkeeping,380.0,,5,,,critically endangered,1,64603.9856308464,64603.9856308464,96.13140106,96.13140106,87.6021469990446,87.6021469990446,2.12571289816265,2.12571289816265,0,0,0,0,0,0,1,0,0,0,0
sali1298,Sáliba,Saliban,3.0,4,4,5,5,critically endangered,2,7919.20886825345,6068.39994734368,79.34543299,78.01216733000001,89.285859883201,83.90347053490625,1.3876355674663,0.8987269869421874,0,0,0,0,0,0,0,0,0,0,1
maco1239,Maco,Saliban,3.0,1,2,0,0,vulnerable,1,4217.59102643391,4217.59102643391,76.67890167,76.67890167,89.285859883201,89.285859883201,0.409818406418075,0.409818406418075,0,0,0,0,0,0,0,0,0,0,1
piar1243,Piaroa,Saliban,3.0,,1,,,vulnerable,2,7919.20886825345,6068.39994734368,79.34543299,78.01216733000001,89.285859883201,83.90347053490625,1.3876355674663,0.8987269869421874,0,0,0,0,0,0,0,0,0,0,1
yaul1241,Ulwa (Papua New Guinea),Keram,5.0,4,3,4,3,severely endangered,1,3006.70564478923,3006.70564478923,18.81159973,18.81159973,15.4061816403333,15.4061816403333,4.06785501758394,4.06785501758394,0,0,0,0,0,0,0,0,0,1,0
mong1344,Mwakai,Keram,5.0,,3,,,endangered,1,3006.70564478923,3006.70564478923,18.81159973,18.81159973,15.4061816403333,15.4061816403333,4.06785501758394,4.06785501758394,0,0,0,0,0,0,0,0,0,1,0
lang1328,Pondi,Keram,5.0,,3,,,endangered,1,3006.70564478923,3006.70564478923,18.81159973,18.81159973,15.4061816403333,15.4061816403333,4.06785501758394,4.06785501758394,0,0,0,0,0,0,0,0,0,1,0
amba1269,Ambakich,Keram,5.0,4,3,,2,endangered,1,3006.70564478923,3006.70564478923,18.81159973,18.81159973,15.4061816403333,15.4061816403333,4.06785501758394,4.06785501758394,0,0,0,0,0,0,0,0,0,1,0
apma1241,Ap Ma,Keram,5.0,,2,,,threatened,1,3006.70564478923,3006.70564478923,18.81159973,18.81159973,15.4061816403333,15.4061816403333,4.06785501758394,4.06785501758394,0,0,0,0,0,0,0,0,0,1,0
wany1247,Wanyi,Garrwan,2.0,,5,,5,critically endangered,1,64603.9856308464,64603.9856308464,96.13140106,96.13140106,87.6021469990446,87.6021469990446,2.12571289816265,2.12571289816265,0,0,0,0,0,0,1,0,0,0,0
gara1269,Garrwa,Garrwan,2.0,4,4,4,4,severely endangered,1,64603.9856308464,64603.9856308464,96.13140106,96.13140106,87.6021469990446,87.6021469990446,2.12571289816265,2.12571289816265,0,0,0,0,0,0,1,0,0,0,0
kata1270,Katawixi,Katukinan,2.0,,,,,dormant,1,10310.5488778166,10310.5488778166,84.46347227,84.46347227,87.8958549533146,87.8958549533146,0.724401697459186,0.724401697459186,0,0,0,0,0,0,0,0,0,0,1
kana1291,Katukína-Kanamarí,Katukinan,2.0,,2,,,threatened,1,10310.5488778166,10310.5488778166,84.46347227,84.46347227,87.8958549533146,87.8958549533146,0.724401697459186,0.724401697459186,0,0,0,0,0,0,0,0,0,0,1
zapa1253,Záparo,Zaparoan,6.0,,5,,,critically endangered,2,8452.37167056621,7663.5387051661055,81.95705992,79.564895535,85.1912729600355,74.21448309989785,1.57651042813743,1.303141319097765,0,0,0,0,0,0,0,0,0,0,1
arab1268,Arabela,Zaparoan,6.0,4,4,5,5,critically endangered,1,8452.37167056621,8452.37167056621,81.95705992,81.95705992,85.1912729600355,85.1912729600355,1.57651042813743,1.57651042813743,0,0,0,0,0,0,0,0,0,0,1
ando1255,Andoa,Zaparoan,6.0,,,,,dormant,1,8452.37167056621,8452.37167056621,81.95705992,81.95705992,85.1912729600355,85.1912729600355,1.57651042813743,1.57651042813743,0,0,0,0,0,0,0,0,0,0,1
cahu1268,Cahuarano,Zaparoan,6.0,,,,,dormant,1,8452.37167056621,8452.37167056621,81.95705992,81.95705992,85.1912729600355,85.1912729600355,1.57651042813743,1.57651042813743,0,0,0,0,0,0,0,0,0,0,1
iqui1243,Iquito,Zaparoan,6.0,5,4,5,5,critically endangered,1,8452.37167056621,8452.37167056621,81.95705992,81.95705992,85.1912729600355,85.1912729600355,1.57651042813743,1.57651042813743,0,0,0,0,0,0,0,0,0,0,1
ladi1250,Ladin,Indo-European,586.0,,1,2,1,threatened,1,40385.3413957669,40385.3413957669,89.2207202,89.2207202,69.6047535143071,69.6047535143071,0.0422886329405625,0.0422886329405625,0,1,0,0,0,0,0,1,0,0,0
friu1240,Friulian,Indo-European,586.0,2,0,3,2,threatened,2,58268.8787651601,49327.110080463506,94.91974877,92.070234485,69.6047535143071,69.53528581199296,0.849927327322192,0.44610798013137726,0,1,0,0,0,0,0,1,0,0,0
sass1235,Sassarese Sardinian,Indo-European,586.0,,0,,,at risk,1,40385.3413957669,40385.3413957669,89.2207202,89.2207202,69.6047535143071,69.6047535143071,0.0422886329405625,0.0422886329405625,0,0,0,0,0,0,0,1,0,0,0
cors1241,Corsican,Indo-European,586.0,,0,,,at risk,2,46103.0840855884,43244.212740677656,89.2207202,88.93726828999999,78.7999750964116,74.20236430535935,0.28679881642264,0.16454372468160125,0,1,0,1,0,0,0,1,0,0,0
gall1276,Gallurese Sardinian,Indo-European,586.0,,0,,,at risk,1,40385.3413957669,40385.3413957669,89.2207202,89.2207202,69.6047535143071,69.6047535143071,0.0422886329405625,0.0422886329405625,0,0,0,0,0,0,0,1,0,0,0
istr1244,Istriot,Indo-European,586.0,,3,,4,severely endangered,1,24050.4397933135,24050.4397933135,83.63240029,83.63240029,57.5158981711443,57.5158981711443,0.643978002206276,0.643978002206276,0,0,0,0,0,0,0,1,0,0,0
arag1245,Aragonese,Indo-European,586.0,,2,,3,endangered,2,46103.0840855884,40714.9261962581,95.7574516,92.20563399,80.315199821207,79.55758745880931,1.25395229298248,0.77037555470256,0,0,0,1,0,0,0,1,0,0,0
gard1245,Gardiol,Indo-European,586.0,,3,,4,severely endangered,1,40385.3413957669,40385.3413957669,89.2207202,89.2207202,69.6047535143071,69.6047535143071,0.0422886329405625,0.0422886329405625,0,0,0,0,0,0,0,1,0,0,0
mira1251,Mirandese,Indo-European,586.0,,1,,,vulnerable,2,35326.7683069278,32309.5052058404,95.7574516,92.12224807,80.315199821207,70.8216952776701,1.29665949378498,1.27530589338373,0,1,0,0,0,0,0,1,0,0,0
astu1245,Asturian-Leonese-Cantabrian,Indo-European,586.0,,0,,,at risk,2,35326.7683069278,32309.5052058404,95.7574516,92.12224807,80.315199821207,70.8216952776701,1.29665949378498,1.27530589338373,0,0,0,1,0,0,0,1,0,0,0
pale1260,Palenquero,Indo-European,586.0,,2,3,2,endangered,1,7919.20886825345,7919.20886825345,79.34543299,79.34543299,78.5210811866115,78.5210811866115,1.3876355674663,1.3876355674663,0,0,0,0,0,0,0,0,0,0,1
ladi1251,Ladino,Indo-European,586.0,,0,,,at risk,14,84534.0407841548,23850.984509606653,94.69380188,87.35576683214286,94.2539505199436,70.82748330944234,2.12697498648782,0.49699770457694076,0,0,0,0,0,0,0,1,0,0,0
mind1263,Minderico,Indo-European,586.0,4,3,5,3,severely endangered,1,29292.242104753,29292.242104753,88.48704454,88.48704454,61.3281907341332,61.3281907341332,1.29665949378498,1.29665949378498,0,0,0,0,0,0,0,1,0,0,0
maca1262,Macanese,Indo-European,586.0,5,4,5,5,critically endangered,1,13303.1481543868,13303.1481543868,92.0,92.0,65.8946980998325,65.8946980998325,0.431708792065523,0.431708792065523,0,0,0,0,0,0,0,1,0,0,0
mala1533,Malacca-Batavia Portuguese Creole,Indo-European,586.0,,2,4,3,endangered,1,11874.4273684245,11874.4273684245,98.0206059,98.0206059,76.9170296648992,76.9170296648992,1.83816120540281,1.83816120540281,0,0,0,0,0,0,0,1,0,0,0
roma1326,Romansh,Indo-European,586.0,0,1,2,1,vulnerable,3,103998.186685604,67550.802282177,97.3443985,93.82828915666666,85.4615370020764,74.84403620868744,1.62862712515389,0.8402810284722149,1,0,0,0,0,0,0,1,0,0,0
wall1255,Walloon,Indo-European,586.0,,0,3,1,threatened,3,137781.681659123,80166.44456487166,98.7606147,94.39674084,94.8438702866393,87.08550036136786,1.61995551284329,0.8807142983853841,0,0,0,0,0,0,0,1,0,0,0
fran1260,Arpitan,Indo-European,586.0,,1,,4,endangered,3,103998.186685604,63495.537388986435,97.3443985,91.73964502666666,85.4615370020764,77.9554218709317,1.62862712515389,0.6525715248390308,0,1,1,0,1,0,0,1,0,0,0
caju1236,Louisiana French,Indo-European,586.0,4,1,4,3,endangered,1,84534.0407841548,84534.0407841548,94.69380188,94.69380188,80.1247798047184,80.1247798047184,1.04286346807884,1.04286346807884,0,0,0,0,0,0,0,0,1,0,0
pica1241,Picard,Indo-European,586.0,,0,,1,vulnerable,2,56614.5679499036,51358.826017746,95.77579144,92.21480391,87.6126557010527,83.20631539873216,0.735388565890222,0.511093691156431,0,0,0,0,0,0,0,1,0,0,0
loui1240,Louisiana Creole French,Indo-European,586.0,,2,4,4,severely endangered,1,84534.0407841548,84534.0407841548,94.69380188,94.69380188,80.1247798047184,80.1247798047184,1.04286346807884,1.04286346807884,0,0,0,0,0,0,0,0,1,0,0
jude1255,Judeo-Italian,Indo-European,586.0,,4,,,severely endangered,1,40385.3413957669,40385.3413957669,89.2207202,89.2207202,69.6047535143071,69.6047535143071,0.0422886329405625,0.0422886329405625,0,0,0,0,0,0,0,1,0,0,0
roma1328,Romagnol,Indo-European,586.0,,0,2,2,threatened,2,59879.7173015651,50132.529348666,97.35220337,93.286461785,97.1560555881096,83.38040455120836,0.370258389608805,0.20627351127468377,0,0,0,0,0,0,0,1,0,0,0
piem1238,Piemontese,Indo-European,586.0,,0,1,1,vulnerable,3,84534.0407841548,63174.4559369227,96.13140106,93.34864104666667,87.6021469990446,79.11056010602337,2.12571289816265,1.0702883330606843,0,0,0,0,0,0,0,1,0,0,0
arom1237,Aromanian,Indo-European,586.0,,0,4,1,threatened,7,24626.1481858973,15144.28597450064,93.6,87.60780751,78.9967856500534,62.9615047977569,0.418022707993025,0.0032250672404109,0,0,0,1,0,0,0,1,0,0,0
istr1245,Istro-Romanian,Indo-European,586.0,,3,,3,endangered,1,24050.4397933135,24050.4397933135,83.63240029,83.63240029,57.5158981711443,57.5158981711443,0.643978002206276,0.643978002206276,0,0,0,0,0,0,0,1,0,0,0
megl1237,Megleno-Romanian,Indo-European,586.0,,2,,,threatened,2,24626.1481858973,16959.002401307967,93.6,89.93484443,78.9967856500534,70.78066167145334,0.311769338079317,0.286040090243292,0,0,0,0,0,0,0,1,0,0,0
logu1236,Logudorese Sardinian,Indo-European,586.0,4,0,,1,threatened,1,40385.3413957669,40385.3413957669,89.2207202,89.2207202,69.6047535143071,69.6047535143071,0.0422886329405625,0.0422886329405625,0,0,0,0,0,0,0,1,0,0,0
camp1261,Campidanese Sardinian,Indo-European,586.0,,0,,1,vulnerable,1,40385.3413957669,40385.3413957669,89.2207202,89.2207202,69.6047535143071,69.6047535143071,0.0422886329405625,0.0422886329405625,0,1,0,0,0,0,0,1,0,0,0
capp1239,Cappadocian Greek,Indo-European,586.0,,3,,,endangered,2,24626.1481858973,20259.4319573107,87.3078767,86.78878277999999,89.3443122873887,84.17054896872105,0.587160894947427,0.42373586867734697,0,0,0,0,0,0,0,1,0,0,0
pont1253,Pontic,Indo-European,586.0,4,0,2,1,threatened,4,24626.1481858973,16851.684474423037,93.6,87.40413014,89.3443122873887,76.21389282963588,0.587160894947427,0.34343211088056125,0,0,0,0,0,0,0,1,0,0,0
yeva1238,Yevanic,Indo-European,586.0,,,,,dormant,1,24626.1481858973,24626.1481858973,86.26968886,86.26968886,78.9967856500534,78.9967856500534,0.260310842407267,0.260310842407267,0,0,0,0,0,0,0,1,0,0,0
tsak1248,Tsakonian,Indo-European,586.0,,2,,4,severely endangered,1,24626.1481858973,24626.1481858973,86.26968886,86.26968886,78.9967856500534,78.9967856500534,0.260310842407267,0.260310842407267,0,0,0,0,0,0,0,1,0,0,0
dale1238,Dalecarlian,Indo-European,586.0,,1,3,,threatened,1,57117.4877440616,57117.4877440616,95.52930428,95.52930428,88.8559748346228,88.8559748346228,0.566700979960288,0.566700979960288,0,0,0,0,0,0,0,1,0,0,0
cimb1238,Cimbrian,Indo-European,586.0,2,2,,,threatened,1,40385.3413957669,40385.3413957669,89.2207202,89.2207202,69.6047535143071,69.6047535143071,0.0422886329405625,0.0422886329405625,0,0,0,0,0,0,0,1,0,0,0
moch1255,Mòcheno,Indo-European,586.0,,2,,,threatened,1,40385.3413957669,40385.3413957669,89.2207202,89.2207202,69.6047535143071,69.6047535143071,0.0422886329405625,0.0422886329405625,0,0,0,0,0,0,0,1,0,0,0
west2361,Western Yiddish,Indo-European,586.0,,2,,,threatened,7,103998.186685604,58258.42910879393,97.3443985,93.46317263285714,95.6396517079336,84.50899679320325,1.62862712515389,0.7592283296446067,0,0,0,1,0,0,0,1,0,0,0
penn1240,Pennsylvania German,Indo-European,586.0,,1,,,vulnerable,2,84534.0407841548,69437.19425331405,94.69380188,94.52355194,82.7002565766633,81.41251819069086,3.17427570128175,2.108569584680295,0,0,0,0,0,0,0,0,1,0,0
east2295,Eastern Yiddish,Indo-European,586.0,,0,,,at risk,22,84534.0407841548,30976.934868380613,96.13140106,89.46122463272728,95.5981951588181,75.79601551390554,3.17427570128175,0.5764909623681733,0,0,0,0,0,0,0,1,0,0,0
lowe1388,Lower Silesian,Indo-European,586.0,,1,,,vulnerable,3,56103.7323182554,37676.8686029116,93.49999579,89.92423986666665,82.0211432579125,71.59549619554703,0.458401790567792,0.2227637808804407,0,0,0,0,0,0,0,1,0,0,0
scot1243,Scots,Indo-European,586.0,4,1,,,endangered,1,53246.3676145108,53246.3676145108,95.4720993,95.4720993,83.2429544416085,83.2429544416085,1.16542701063795,1.16542701063795,0,1,0,0,0,0,0,1,0,0,0
pitc1234,Pitcairn-Norfolk,Indo-European,586.0,,3,,,endangered,5,64603.9856308464,40078.302120894245,96.13140106,88.11863454333333,87.6021469990446,76.87195770386784,2.12571289816265,1.716566866062707,0,1,0,0,0,0,0,0,0,1,0
torr1261,Torres Strait-Lockhart River Creole,Indo-European,586.0,,2,0,0,vulnerable,1,64603.9856308464,64603.9856308464,96.13140106,96.13140106,87.6021469990446,87.6021469990446,2.12571289816265,2.12571289816265,1,1,1,1,1,0,1,0,0,0,0
nica1252,Nicaragua Creole English,Indo-European,586.0,,1,,,vulnerable,1,2847.53966339498,2847.53966339498,61.39550018,61.39550018,59.2628402709961,59.2628402709961,1.57956475560401,1.57956475560401,0,0,0,0,0,0,0,0,1,0,0
gull1241,Sea Island Creole English,Indo-European,586.0,,3,,,endangered,1,84534.0407841548,84534.0407841548,94.69380188,94.69380188,80.1247798047184,80.1247798047184,1.04286346807884,1.04286346807884,0,0,0,0,0,0,0,0,1,0,0
nort2626,Northern Frisian,Indo-European,586.0,4,2,,1,threatened,2,71026.4832271897,63565.10777272255,99.76915157,96.63457368,88.6960552688405,85.3585992633765,0.66568251862505,0.5421251575584425,0,0,0,0,0,0,0,1,0,0,0
sate1242,Ems-Weser Frisian,Indo-European,586.0,,2,,,threatened,1,56103.7323182554,56103.7323182554,93.49999579,93.49999579,82.0211432579125,82.0211432579125,0.418567796491835,0.418567796491835,0,1,0,1,0,0,0,1,0,0,0
west2354,Western Frisian,Indo-European,586.0,,0,,,at risk,1,67520.4218956281,67520.4218956281,97.00679779,97.00679779,95.6396517079336,95.6396517079336,0.98132856285037,0.98132856285037,0,0,0,0,0,0,0,1,0,0,0
petj1238,Petjo,Indo-European,586.0,,4,5,,critically endangered,1,4925.43048751861,4925.43048751861,72.78075544,72.78075544,58.7509635387997,58.7509635387997,1.89719567962498,1.89719567962498,0,0,0,0,0,0,0,0,0,1,0
javi1237,Javindo,Indo-European,586.0,,4,5,5,critically endangered,1,4925.43048751861,4925.43048751861,72.78075544,72.78075544,58.7509635387997,58.7509635387997,1.89719567962498,1.89719567962498,0,0,0,0,0,0,0,0,0,1,0
berb1259,Berbice Creole Dutch,Indo-European,586.0,,,,,dormant,1,29675.2443873316,29675.2443873316,83.00080109,83.00080109,26.477717988557,26.477717988557,0.618578880870848,0.618578880870848,0,0,0,0,0,0,0,0,0,0,1
corn1251,Cornish,Indo-European,586.0,,,,,awakening,1,53246.3676145108,53246.3676145108,95.4720993,95.4720993,83.2429544416085,83.2429544416085,1.16542701063795,1.16542701063795,0,0,0,0,0,0,0,1,0,0,0
bret1244,Breton,Indo-European,586.0,,0,,,at risk,1,46103.0840855884,46103.0840855884,88.65381638,88.65381638,78.7999750964116,78.7999750964116,0.28679881642264,0.28679881642264,0,0,0,1,0,0,0,1,0,0,0
wels1247,Welsh,Indo-European,586.0,0,0,3,,vulnerable,2,53246.3676145108,33608.07563744225,95.4720993,92.56962579,92.2742315972952,87.75859301945185,1.16542701063795,0.798844176358934,0,1,0,0,1,0,0,1,0,0,0
iris1253,Irish,Indo-European,586.0,2,1,4,2,endangered,2,112894.953240805,83070.6604276579,97.18769836,96.32989882999999,83.2429544416085,73.79499618358349,1.93467790605789,1.55005245834792,1,1,1,0,0,0,0,1,0,0,0
scot1245,Scottish Gaelic,Indo-European,586.0,,1,3,1,threatened,1,53246.3676145108,53246.3676145108,95.4720993,95.4720993,83.2429544416085,83.2429544416085,1.16542701063795,1.16542701063795,0,1,0,0,0,0,0,1,0,0,0
manx1243,Manx,Indo-European,586.0,,,,,awakening,2,88328.548125887,70787.4578701989,95.4720993,95.4720993,83.2429544416085,67.70314751061895,1.16542701063795,0.5610785885035824,0,1,0,0,0,0,0,1,0,0,0
lowe1385,Lower Sorbian,Indo-European,586.0,,2,,,threatened,1,56103.7323182554,56103.7323182554,93.49999579,93.49999579,82.0211432579125,82.0211432579125,0.418567796491835,0.418567796491835,0,1,0,1,0,0,0,1,0,0,0
uppe1395,Upper Sorbian,Indo-European,586.0,,1,,,vulnerable,1,56103.7323182554,56103.7323182554,93.49999579,93.49999579,82.0211432579125,82.0211432579125,0.418567796491835,0.418567796491835,0,0,0,0,0,0,0,1,0,0,0
kash1274,Kashubian,Indo-European,586.0,,1,,1,vulnerable,1,25103.565661423,25103.565661423,88.58496367,88.58496367,59.9705468695101,59.9705468695101,-0.208678244418305,-0.208678244418305,0,1,0,0,0,0,0,1,0,0,0
sile1253,Silesian,Indo-European,586.0,,1,,,vulnerable,1,25103.565661423,25103.565661423,88.58496367,88.58496367,59.9705468695101,59.9705468695101,-0.208678244418305,-0.208678244418305,0,0,0,0,0,0,0,1,0,0,0
pras1239,Prasun,Indo-European,586.0,,2,0,,vulnerable,1,413.757894705303,413.757894705303,16.09499931,16.09499931,25.7007352636188,25.7007352636188,3.72642057446598,3.72642057446598,0,0,0,0,0,0,0,1,0,0,0
dame1241,Dameli,Indo-European,586.0,1,2,0,0,vulnerable,1,1478.77277977996,1478.77277977996,57.253,57.253,39.1734368360905,39.1734368360905,2.41802539576733,2.41802539576733,0,0,0,0,0,0,0,1,0,0,0
ashk1246,Ashkun,Indo-European,586.0,,2,,,threatened,1,413.757894705303,413.757894705303,16.09499931,16.09499931,25.7007352636188,25.7007352636188,3.72642057446598,3.72642057446598,0,0,0,0,0,0,0,1,0,0,0
kati1270,Katë,Indo-European,586.0,,2,,,threatened,2,1478.77277977996,946.2653372426315,57.253,36.673999655,39.1734368360905,32.43708604985465,3.72642057446598,3.072222985116655,0,1,0,0,0,0,0,1,0,0,0
treg1243,Tregami,Indo-European,586.0,,2,,,threatened,1,413.757894705303,413.757894705303,16.09499931,16.09499931,25.7007352636188,25.7007352636188,3.72642057446598,3.72642057446598,0,0,0,0,0,0,0,1,0,0,0
waig1243,Nuristani Kalasha,Indo-European,586.0,,2,,,threatened,1,413.757894705303,413.757894705303,16.09499931,16.09499931,25.7007352636188,25.7007352636188,3.72642057446598,3.72642057446598,0,0,0,0,0,0,0,1,0,0,0
semn1249,Semnani-Biyabuneki,Indo-European,586.0,1,1,1,0,vulnerable,1,5190.16959024821,5190.16959024821,85.3404007,85.3404007,77.0201263427734,77.0201263427734,1.50072659043525,1.50072659043525,0,0,0,0,0,0,0,1,0,0,0
sang1315,Sangisari,Indo-European,586.0,,1,,0,vulnerable,1,5190.16959024821,5190.16959024821,85.3404007,85.3404007,77.0201263427734,77.0201263427734,1.50072659043525,1.50072659043525,0,0,0,0,0,0,0,1,0,0,0
sork1239,Sorkhei-Aftari,Indo-European,586.0,,1,,0,vulnerable,1,5190.16959024821,5190.16959024821,85.3404007,85.3404007,77.0201263427734,77.0201263427734,1.50072659043525,1.50072659043525,0,0,0,0,0,0,0,1,0,0,0
lasg1238,Lasgerdi,Indo-European,586.0,,2,,,threatened,1,5190.16959024821,5190.16959024821,85.3404007,85.3404007,77.0201263427734,77.0201263427734,1.50072659043525,1.50072659043525,0,0,0,0,0,0,0,1,0,0,0
siva1239,Sivandi,Indo-European,586.0,,2,,,threatened,1,5190.16959024821,5190.16959024821,85.3404007,85.3404007,77.0201263427734,77.0201263427734,1.50072659043525,1.50072659043525,0,0,0,0,0,0,0,1,0,0,0
khun1255,Khunsaric,Indo-European,586.0,,1,,,vulnerable,1,5190.16959024821,5190.16959024821,85.3404007,85.3404007,77.0201263427734,77.0201263427734,1.50072659043525,1.50072659043525,0,0,0,0,0,0,0,1,0,0,0
gazi1243,Gazic,Indo-European,586.0,,2,,,threatened,1,5190.16959024821,5190.16959024821,85.3404007,85.3404007,77.0201263427734,77.0201263427734,1.50072659043525,1.50072659043525,0,0,0,0,0,0,0,1,0,0,0
nata1252,Natanzic,Indo-European,586.0,,2,,,threatened,1,5190.16959024821,5190.16959024821,85.3404007,85.3404007,77.0201263427734,77.0201263427734,1.50072659043525,1.50072659043525,0,0,0,0,0,0,0,1,0,0,0
soii1239,Soic,Indo-European,586.0,,2,,,threatened,1,5190.16959024821,5190.16959024821,85.3404007,85.3404007,77.0201263427734,77.0201263427734,1.50072659043525,1.50072659043525,0,0,0,0,0,0,0,1,0,0,0
zoro1242,Zoroastrian Yazdi,Indo-European,586.0,,2,4,3,endangered,1,5190.16959024821,5190.16959024821,85.3404007,85.3404007,77.0201263427734,77.0201263427734,1.50072659043525,1.50072659043525,0,0,0,0,0,0,0,1,0,0,0
nayi1242,Nayinic,Indo-European,586.0,,2,,,threatened,1,5190.16959024821,5190.16959024821,85.3404007,85.3404007,77.0201263427734,77.0201263427734,1.50072659043525,1.50072659043525,0,0,0,0,0,0,0,1,0,0,0
diml1238,Dimli,Indo-European,586.0,1,0,,,vulnerable,1,15892.7157287241,15892.7157287241,87.3078767,87.3078767,89.3443122873887,89.3443122873887,0.587160894947427,0.587160894947427,0,0,0,0,0,0,0,1,0,0,0
gura1251,Gurani,Indo-European,586.0,,1,,,vulnerable,2,6073.61032342708,5631.8899568376455,85.3404007,83.40745163,77.0201263427734,73.45313787683236,2.15034163024692,1.825534110341085,0,0,0,0,0,0,0,1,0,0,0
baje1238,Bajelani,Indo-European,586.0,,1,,,vulnerable,2,6073.61032342708,5631.8899568376455,85.3404007,83.40745163,77.0201263427734,73.45313787683236,2.15034163024692,1.825534110341085,0,0,0,0,0,0,0,1,0,0,0
taly1247,North-Central Talysh,Indo-European,586.0,,0,,,at risk,3,14889.0185546875,9121.012684184536,94.36495368,90.04838361000002,77.0201263427734,70.23527859939902,1.50072659043525,0.6885817198458642,0,0,0,0,0,0,0,1,0,0,0
khoi1250,Kho'ini,Indo-European,586.0,,3,,4,severely endangered,1,5190.16959024821,5190.16959024821,85.3404007,85.3404007,77.0201263427734,77.0201263427734,1.50072659043525,1.50072659043525,0,0,0,0,0,0,0,1,0,0,0
harz1239,Harzani-Kilit,Indo-European,586.0,,1,,,vulnerable,1,5190.16959024821,5190.16959024821,85.3404007,85.3404007,77.0201263427734,77.0201263427734,1.50072659043525,1.50072659043525,0,0,0,0,0,0,0,1,0,0,0
kari1303,Karingani-Kalasuri-Khoynarudi,Indo-European,586.0,,1,,,vulnerable,1,5190.16959024821,5190.16959024821,85.3404007,85.3404007,77.0201263427734,77.0201263427734,1.50072659043525,1.50072659043525,0,0,0,0,0,0,0,1,0,0,0
alvi1241,Alviri-Vidari,Indo-European,586.0,,,4,,severely endangered,1,5190.16959024821,5190.16959024821,85.3404007,85.3404007,77.0201263427734,77.0201263427734,1.50072659043525,1.50072659043525,0,0,0,0,0,0,0,1,0,0,0
take1255,Takestani,Indo-European,586.0,,0,,,at risk,1,5190.16959024821,5190.16959024821,85.3404007,85.3404007,77.0201263427734,77.0201263427734,1.50072659043525,1.50072659043525,0,0,0,0,0,0,0,1,0,0,0
vafs1240,Vafsi,Indo-European,586.0,,1,,,vulnerable,1,5190.16959024821,5190.16959024821,85.3404007,85.3404007,77.0201263427734,77.0201263427734,1.50072659043525,1.50072659043525,0,0,0,0,0,0,0,1,0,0,0
asht1244,Ashtiani,Indo-European,586.0,,1,,,vulnerable,1,5190.16959024821,5190.16959024821,85.3404007,85.3404007,77.0201263427734,77.0201263427734,1.50072659043525,1.50072659043525,0,0,0,0,0,0,0,1,0,0,0
koro1296,Koroshi,Indo-European,586.0,3,,,,endangered,1,5190.16959024821,5190.16959024821,85.3404007,85.3404007,77.0201263427734,77.0201263427734,1.50072659043525,1.50072659043525,0,0,0,0,0,0,0,1,0,0,0
yagn1238,Yagnobi,Indo-European,586.0,2,1,2,0,vulnerable,1,1341.20229027672,1341.20229027672,55.79339981,55.79339981,26.1788063651548,26.1788063651548,1.87832586795537,1.87832586795537,0,0,0,0,0,0,0,1,0,0,0
wakh1245,Wakhi,Indo-European,586.0,,1,,,vulnerable,4,13303.1481543868,4134.220279787196,92.0,55.28534978,65.8946980998325,39.23691914117415,3.72642057446598,2.1136201575635507,0,0,0,0,0,0,0,1,0,0,0
bash1263,Bashkardi,Indo-European,586.0,,2,,,threatened,1,5190.16959024821,5190.16959024821,85.3404007,85.3404007,77.0201263427734,77.0201263427734,1.50072659043525,1.50072659043525,0,0,0,0,0,0,0,1,0,0,0
lari1253,Larestani,Indo-European,586.0,,1,,,vulnerable,1,5190.16959024821,5190.16959024821,85.3404007,85.3404007,77.0201263427734,77.0201263427734,1.50072659043525,1.50072659043525,0,0,0,0,0,0,0,1,0,0,0
kumz1235,Kumzari,Indo-European,586.0,2,2,,0,vulnerable,1,20285.2272897377,20285.2272897377,95.25174678,95.25174678,79.4440302814714,79.4440302814714,4.3385913419059,4.3385913419059,0,0,0,0,0,0,0,1,0,0,0
bukh1238,Bukharic,Indo-European,586.0,,0,,,at risk,2,54176.6844383302,28669.192272329477,89.50550079,88.84396152,91.536188843818,71.26742875723615,1.97493793290612,1.63494330680007,0,0,0,0,0,0,0,1,0,0,0
musl1236,Muslim Tat,Indo-European,586.0,4,2,5,,severely endangered,3,14889.0185546875,9121.012684184536,94.36495368,90.04838361000002,77.0201263427734,70.23527859939902,1.50072659043525,0.6885817198458642,0,0,0,0,0,0,0,1,0,0,0
jude1256,Judeo-Tat,Indo-European,586.0,,1,,,vulnerable,3,54176.6844383302,25449.850966878537,94.36495368,90.99572412666667,91.536188843818,75.07396609974724,1.29494868069402,0.6199890832654542,0,0,0,0,0,0,0,1,0,0,0
ormu1247,Ormuri,Indo-European,586.0,3,,2,,endangered,2,1478.77277977996,946.2653372426315,57.253,36.673999655,39.1734368360905,32.43708604985465,3.72642057446598,3.072222985116655,0,0,0,0,0,0,0,1,0,0,0
para1299,Parachi,Indo-European,586.0,,2,,,threatened,1,413.757894705303,413.757894705303,16.09499931,16.09499931,25.7007352636188,25.7007352636188,3.72642057446598,3.72642057446598,0,0,0,0,0,0,0,1,0,0,0
ishk1246,Ishkashimi,Indo-European,586.0,3,2,2,0,threatened,2,1341.20229027672,877.4800924910115,55.79339981,35.94419956,26.1788063651548,25.939770814386797,3.72642057446598,2.802373221210675,0,0,0,0,0,0,0,1,0,0,0
yidg1240,Yidgha,Indo-European,586.0,,2,,,threatened,1,1478.77277977996,1478.77277977996,57.253,57.253,39.1734368360905,39.1734368360905,2.41802539576733,2.41802539576733,0,0,0,0,0,0,0,1,0,0,0
munj1244,Munji,Indo-European,586.0,,2,,,threatened,1,413.757894705303,413.757894705303,16.09499931,16.09499931,25.7007352636188,25.7007352636188,3.72642057446598,3.72642057446598,0,0,0,0,0,0,0,1,0,0,0
yazg1240,Yazgulyam,Indo-European,586.0,2,2,0,0,vulnerable,1,1341.20229027672,1341.20229027672,55.79339981,55.79339981,26.1788063651548,26.1788063651548,1.87832586795537,1.87832586795537,0,0,0,0,0,0,0,1,0,0,0
shug1248,Shughni,Indo-European,586.0,1,1,,,vulnerable,2,1341.20229027672,877.4800924910115,55.79339981,35.94419956,26.1788063651548,25.939770814386797,3.72642057446598,2.802373221210675,0,0,0,0,0,0,0,1,0,0,0
sari1246,Sarikoli,Indo-European,586.0,,1,,,vulnerable,1,13303.1481543868,13303.1481543868,92.0,92.0,65.8946980998325,65.8946980998325,0.431708792065523,0.431708792065523,0,0,0,0,0,0,0,1,0,0,0
kala1372,Chitral Kalasha,Indo-European,586.0,2,2,2,0,threatened,1,1478.77277977996,1478.77277977996,57.253,57.253,39.1734368360905,39.1734368360905,2.41802539576733,2.41802539576733,0,0,0,0,0,0,0,1,0,0,0
khow1242,Khowar,Indo-European,586.0,,0,,,at risk,2,2694.73780859961,2086.755294189785,64.9434967,61.09824835,39.1734368360905,37.2761670364647,2.41802539576733,2.09612960950936,0,0,0,0,0,0,0,1,0,0,0
vedd1240,Veddah,Indo-European,586.0,,,,,dormant,1,4515.56787322732,4515.56787322732,54.59,54.59,20.2996997058686,20.2996997058686,0.211737820425389,0.211737820425389,0,0,0,0,0,0,0,1,0,0,0
luwa1238,Luwati,Indo-European,586.0,,1,,,vulnerable,1,20285.2272897377,20285.2272897377,95.25174678,95.25174678,79.4440302814714,79.4440302814714,4.3385913419059,4.3385913419059,0,0,0,0,0,0,0,1,0,0,0
bish1244,Bishnupriya Manipuri,Indo-European,586.0,1,,0,0,vulnerable,3,2694.73780859961,2215.7346470028065,64.9434967,54.60430345333333,35.3788972368389,32.835708425527734,2.82015881681108,1.830596854702754,0,0,0,0,0,0,0,1,0,0,0
malp1246,Mar Paharia of Dumka,Indo-European,586.0,1,1,,,vulnerable,1,2694.73780859961,2694.73780859961,64.9434967,64.9434967,35.3788972368389,35.3788972368389,1.77423382325139,1.77423382325139,0,0,0,0,0,0,0,1,0,0,0
naha1262,Nahari,Indo-European,586.0,,1,,,vulnerable,1,2694.73780859961,2694.73780859961,64.9434967,64.9434967,35.3788972368389,35.3788972368389,1.77423382325139,1.77423382325139,0,0,0,0,0,0,0,1,0,0,0
aerr1238,Aer,Indo-European,586.0,,3,,,endangered,1,1478.77277977996,1478.77277977996,57.253,57.253,39.1734368360905,39.1734368360905,2.41802539576733,2.41802539576733,0,0,0,0,0,0,0,1,0,0,0
bhay1238,Bhaya,Indo-European,586.0,,3,,,endangered,1,1478.77277977996,1478.77277977996,57.253,57.253,39.1734368360905,39.1734368360905,2.41802539576733,2.41802539576733,0,0,0,0,0,0,0,1,0,0,0
pary1242,Parya,Indo-European,586.0,3,2,,0,threatened,3,3161.70010632875,1638.8867637702576,89.50550079,53.797966636666665,50.9986686706543,34.29273676647596,3.72642057446598,2.5265614584424902,0,0,0,0,0,0,0,1,0,0,0
garh1243,Garhwali,Indo-European,586.0,3,0,,0,vulnerable,2,13303.1481543868,7998.942981493205,92.0,78.47174835,65.8946980998325,50.6367976683357,1.77423382325139,1.1029713076584564,0,1,0,0,0,0,0,1,0,0,0
majh1253,Majhi,Indo-European,586.0,4,1,4,3,endangered,2,2694.73780859961,2071.023926591945,64.9434967,55.632698055,66.772343163029,51.07562019993395,1.77423382325139,0.9855282118977164,0,0,0,0,0,0,0,1,0,0,0
sonh1238,Sonha,Indo-European,586.0,,3,,,endangered,1,1447.31004458428,1447.31004458428,46.32189941,46.32189941,66.772343163029,66.772343163029,0.196822600544043,0.196822600544043,0,0,0,0,0,0,0,1,0,0,0
kumh1238,Kumhali,Indo-European,586.0,4,1,4,2,endangered,1,1447.31004458428,1447.31004458428,46.32189941,46.32189941,66.772343163029,66.772343163029,0.196822600544043,0.196822600544043,0,0,0,0,0,0,0,1,0,0,0
dara1250,Darai,Indo-European,586.0,,2,4,3,endangered,1,1447.31004458428,1447.31004458428,46.32189941,46.32189941,66.772343163029,66.772343163029,0.196822600544043,0.196822600544043,0,0,0,0,0,0,0,1,0,0,0
bote1238,Bote,Indo-European,586.0,,1,,,vulnerable,1,1447.31004458428,1447.31004458428,46.32189941,46.32189941,66.772343163029,66.772343163029,0.196822600544043,0.196822600544043,0,0,0,0,0,0,0,1,0,0,0
koch1253,Kochariya-East Danuwar,Indo-European,586.0,,1,3,,threatened,1,1447.31004458428,1447.31004458428,46.32189941,46.32189941,66.772343163029,66.772343163029,0.196822600544043,0.196822600544043,0,0,0,0,0,0,0,1,0,0,0
doma1260,Domaaki,Indo-European,586.0,4,3,4,4,severely endangered,1,1478.77277977996,1478.77277977996,57.253,57.253,39.1734368360905,39.1734368360905,2.41802539576733,2.41802539576733,0,0,0,0,0,0,0,1,0,0,0
balt1257,Baltic Romani,Indo-European,586.0,,1,,,vulnerable,5,29384.0189598663,20220.664338118444,94.36495368,91.816094334,79.1551015210848,70.3100189205368,0.948110579345301,-0.02229530430348715,0,0,0,0,0,0,0,1,0,0,0
balk1252,Balkan Romani,Indo-European,586.0,,0,,,at risk,30,103998.186685604,29088.6922226968,97.3443985,89.64130277,95.6396517079336,69.51623834532039,1.62862712515389,0.31672758020432673,0,0,0,0,0,0,0,1,0,0,0
carp1235,Central Romani,Indo-European,586.0,,0,,,at risk,28,103998.186685604,30710.514328447236,97.3443985,90.23321018214286,95.6396517079336,70.17680543407305,1.62862712515389,0.32474915817255295,0,0,1,1,0,0,0,1,0,0,0
vlax1238,Vlax Romani,Indo-European,586.0,,0,,,at risk,32,103998.186685604,31960.81753377516,99.0,90.225011985,95.6396517079336,69.97040027368874,1.62862712515389,0.3503859966146919,0,0,0,0,0,0,0,1,0,0,0
sint1235,Sinte-Manus Romani,Indo-European,586.0,,0,,,at risk,29,103998.186685604,30139.621851459662,97.3443985,90.34212267724139,95.6396517079336,69.8973477151106,1.79385431962336,0.37540795684327044,0,0,0,1,0,0,0,1,0,0,0
jaun1243,Jaunsari,Indo-European,586.0,1,2,,0,vulnerable,1,2694.73780859961,2694.73780859961,64.9434967,64.9434967,35.3788972368389,35.3788972368389,1.77423382325139,1.77423382325139,0,0,0,0,0,0,0,1,0,0,0
gadd1242,Gaddi,Indo-European,586.0,,0,,,at risk,1,2694.73780859961,2694.73780859961,64.9434967,64.9434967,35.3788972368389,35.3788972368389,1.77423382325139,1.77423382325139,0,0,0,0,0,0,0,1,0,0,0
pang1282,Pangwali,Indo-European,586.0,2,1,,,threatened,1,2694.73780859961,2694.73780859961,64.9434967,64.9434967,35.3788972368389,35.3788972368389,1.77423382325139,1.77423382325139,0,0,0,0,0,0,0,1,0,0,0
cham1307,Chambeali,Indo-European,586.0,,0,,,at risk,1,2694.73780859961,2694.73780859961,64.9434967,64.9434967,35.3788972368389,35.3788972368389,1.77423382325139,1.77423382325139,0,0,0,0,0,0,0,1,0,0,0
chur1258,Churahi,Indo-European,586.0,,0,,,at risk,1,2694.73780859961,2694.73780859961,64.9434967,64.9434967,35.3788972368389,35.3788972368389,1.77423382325139,1.77423382325139,0,0,0,0,0,0,0,1,0,0,0
bhad1241,Bhadrawahi,Indo-European,586.0,,1,,,vulnerable,2,2694.73780859961,2086.755294189785,64.9434967,61.09824835,39.1734368360905,37.2761670364647,2.41802539576733,2.09612960950936,0,0,0,0,0,0,0,1,0,0,0
chin1475,Chinali,Indo-European,586.0,4,3,4,3,severely endangered,1,2694.73780859961,2694.73780859961,64.9434967,64.9434967,35.3788972368389,35.3788972368389,1.77423382325139,1.77423382325139,0,0,0,0,0,0,0,1,0,0,0
sirm1239,Sirmauri,Indo-European,586.0,,0,,,at risk,1,2694.73780859961,2694.73780859961,64.9434967,64.9434967,35.3788972368389,35.3788972368389,1.77423382325139,1.77423382325139,0,0,0,0,0,0,0,1,0,0,0
maha1287,Mahasu Pahari,Indo-European,586.0,,0,,,at risk,1,2694.73780859961,2694.73780859961,64.9434967,64.9434967,35.3788972368389,35.3788972368389,1.77423382325139,1.77423382325139,0,0,0,0,0,0,0,1,0,0,0
hind1267,Hinduri,Indo-European,586.0,,3,,,endangered,1,2694.73780859961,2694.73780859961,64.9434967,64.9434967,35.3788972368389,35.3788972368389,1.77423382325139,1.77423382325139,0,0,0,0,0,0,0,1,0,0,0
wota1240,Wotapuri-Katarqalai,Indo-European,586.0,,,,,dormant,1,413.757894705303,413.757894705303,16.09499931,16.09499931,25.7007352636188,25.7007352636188,3.72642057446598,3.72642057446598,0,0,0,0,0,0,0,1,0,0,0
chil1275,Chilisso,Indo-European,586.0,,2,2,,threatened,1,1478.77277977996,1478.77277977996,57.253,57.253,39.1734368360905,39.1734368360905,2.41802539576733,2.41802539576733,0,0,0,0,0,0,0,1,0,0,0
gowr1239,Gowro,Indo-European,586.0,,2,,,threatened,1,1478.77277977996,1478.77277977996,57.253,57.253,39.1734368360905,39.1734368360905,2.41802539576733,2.41802539576733,0,0,0,0,0,0,0,1,0,0,0
bate1261,Bateri,Indo-European,586.0,0,1,,,vulnerable,2,2694.73780859961,2086.755294189785,64.9434967,61.09824835,39.1734368360905,37.2761670364647,2.41802539576733,2.09612960950936,0,0,0,0,0,0,0,1,0,0,0
kala1373,Gawri,Indo-European,586.0,,2,,,threatened,1,1478.77277977996,1478.77277977996,57.253,57.253,39.1734368360905,39.1734368360905,2.41802539576733,2.41802539576733,0,0,0,0,0,0,0,1,0,0,0
tira1253,Tirahi,Indo-European,586.0,,,,,dormant,1,413.757894705303,413.757894705303,16.09499931,16.09499931,25.7007352636188,25.7007352636188,3.72642057446598,3.72642057446598,0,0,0,0,0,0,0,1,0,0,0
brok1247,Brokskat,Indo-European,586.0,,2,,,threatened,1,2694.73780859961,2694.73780859961,64.9434967,64.9434967,35.3788972368389,35.3788972368389,1.77423382325139,1.77423382325139,0,0,0,0,0,0,0,1,0,0,0
phal1254,Palula,Indo-European,586.0,1,2,0,0,vulnerable,1,1478.77277977996,1478.77277977996,57.253,57.253,39.1734368360905,39.1734368360905,2.41802539576733,2.41802539576733,0,0,0,0,0,0,0,1,0,0,0
usho1238,Ushojo,Indo-European,586.0,,2,,,threatened,1,1478.77277977996,1478.77277977996,57.253,57.253,39.1734368360905,39.1734368360905,2.41802539576733,2.41802539576733,0,0,0,0,0,0,0,1,0,0,0
gawa1247,Gawar-Bati,Indo-European,586.0,1,2,,0,vulnerable,2,1478.77277977996,946.2653372426315,57.253,36.673999655,39.1734368360905,32.43708604985465,3.72642057446598,3.072222985116655,0,0,0,0,0,0,0,1,0,0,0
gran1245,Grangali-Ningalami,Indo-European,586.0,,2,,,threatened,1,413.757894705303,413.757894705303,16.09499931,16.09499931,25.7007352636188,25.7007352636188,3.72642057446598,3.72642057446598,0,0,0,0,0,0,0,1,0,0,0
shum1235,Shumashti,Indo-European,586.0,,4,,,severely endangered,1,413.757894705303,413.757894705303,16.09499931,16.09499931,25.7007352636188,25.7007352636188,3.72642057446598,3.72642057446598,0,0,0,0,0,0,0,1,0,0,0
arbe1236,Arbëreshë Albanian,Indo-European,586.0,,1,,1,vulnerable,1,40385.3413957669,40385.3413957669,89.2207202,89.2207202,69.6047535143071,69.6047535143071,0.0422886329405625,0.0422886329405625,1,0,1,1,0,0,0,1,0,0,0
arva1236,Arvanitika Albanian,Indo-European,586.0,,1,,,vulnerable,1,24626.1481858973,24626.1481858973,86.26968886,86.26968886,78.9967856500534,78.9967856500534,0.260310842407267,0.260310842407267,0,0,0,0,0,0,0,1,0,0,0
assa1269,Assangori,Tamaic,4.0,,1,,,vulnerable,2,984.607666015625,973.0837108203425,18.60000038,15.61345005,34.8673015510839,30.8994153950168,7.20534416894141,4.109200341402126,0,0,0,0,0,1,0,0,0,0,0
kond1295,Konda-Dora,Dravidian,82.0,,1,,,vulnerable,1,2694.73780859961,2694.73780859961,64.9434967,64.9434967,35.3788972368389,35.3788972368389,1.77423382325139,1.77423382325139,0,0,0,0,0,0,0,1,0,0,0
mand1413,Manda (India),Dravidian,82.0,,2,,,threatened,1,2694.73780859961,2694.73780859961,64.9434967,64.9434967,35.3788972368389,35.3788972368389,1.77423382325139,1.77423382325139,0,0,0,0,0,0,0,1,0,0,0
peng1244,Pengo,Dravidian,82.0,,1,,,endangered,1,2694.73780859961,2694.73780859961,64.9434967,64.9434967,35.3788972368389,35.3788972368389,1.77423382325139,1.77423382325139,0,0,0,0,0,0,0,1,0,0,0
kuvi1243,Kuvi,Dravidian,82.0,,0,,,at risk,1,2694.73780859961,2694.73780859961,64.9434967,64.9434967,35.3788972368389,35.3788972368389,1.77423382325139,1.77423382325139,0,0,0,0,0,0,0,1,0,0,0
kuii1252,Kui (India),Dravidian,82.0,,0,,,at risk,1,2694.73780859961,2694.73780859961,64.9434967,64.9434967,35.3788972368389,35.3788972368389,1.77423382325139,1.77423382325139,0,0,0,0,0,0,0,1,0,0,0
bada1257,Badaga,Dravidian,82.0,,0,,2,threatened,1,2694.73780859961,2694.73780859961,64.9434967,64.9434967,35.3788972368389,35.3788972368389,1.77423382325139,1.77423382325139,0,0,0,0,0,0,0,1,0,0,0
bett1235,Betta Kurumba,Dravidian,82.0,,2,,,threatened,1,2694.73780859961,2694.73780859961,64.9434967,64.9434967,35.3788972368389,35.3788972368389,1.77423382325139,1.77423382325139,0,0,0,0,0,0,0,1,0,0,0
aluk1238,Alu Kurumba,Dravidian,82.0,,2,,,threatened,1,2694.73780859961,2694.73780859961,64.9434967,64.9434967,35.3788972368389,35.3788972368389,1.77423382325139,1.77423382325139,0,0,0,0,0,0,0,1,0,0,0
shol1240,Sholaga,Dravidian,82.0,,1,,,vulnerable,1,2694.73780859961,2694.73780859961,64.9434967,64.9434967,35.3788972368389,35.3788972368389,1.77423382325139,1.77423382325139,0,0,0,0,0,0,0,1,0,0,0
kota1263,Kota (India),Dravidian,82.0,2,3,,,endangered,1,2694.73780859961,2694.73780859961,64.9434967,64.9434967,35.3788972368389,35.3788972368389,1.77423382325139,1.77423382325139,0,0,0,0,0,0,0,1,0,0,0
toda1252,Toda,Dravidian,82.0,,3,,,endangered,1,2694.73780859961,2694.73780859961,64.9434967,64.9434967,35.3788972368389,35.3788972368389,1.77423382325139,1.77423382325139,0,0,0,0,0,0,0,1,0,0,0
koda1255,Kodava,Dravidian,82.0,3,1,,,threatened,1,2694.73780859961,2694.73780859961,64.9434967,64.9434967,35.3788972368389,35.3788972368389,1.77423382325139,1.77423382325139,0,0,0,0,0,0,0,1,0,0,0
vish1243,Vishavan,Dravidian,82.0,,3,,,endangered,1,2694.73780859961,2694.73780859961,64.9434967,64.9434967,35.3788972368389,35.3788972368389,1.77423382325139,1.77423382325139,0,0,0,0,0,0,0,1,0,0,0
mala1464,Malayalam,Dravidian,82.0,4,5,5,5,critically endangered,1,2694.73780859961,2694.73780859961,64.9434967,64.9434967,35.3788972368389,35.3788972368389,1.77423382325139,1.77423382325139,1,0,0,0,0,0,0,1,0,0,0
aran1261,Aranadan,Dravidian,82.0,,3,,,endangered,1,2694.73780859961,2694.73780859961,64.9434967,64.9434967,35.3788972368389,35.3788972368389,1.77423382325139,1.77423382325139,0,0,0,0,0,0,0,1,0,0,0
alla1247,Allar,Dravidian,82.0,,3,,,endangered,1,2694.73780859961,2694.73780859961,64.9434967,64.9434967,35.3788972368389,35.3788972368389,1.77423382325139,1.77423382325139,0,0,0,0,0,0,0,1,0,0,0
kuri1256,Kurichiya,Dravidian,82.0,4,1,,2,endangered,1,2694.73780859961,2694.73780859961,64.9434967,64.9434967,35.3788972368389,35.3788972368389,1.77423382325139,1.77423382325139,0,0,0,0,0,0,0,1,0,0,0
irul1243,Irula of the Nilgiri,Dravidian,82.0,,2,,,threatened,1,2694.73780859961,2694.73780859961,64.9434967,64.9434967,35.3788972368389,35.3788972368389,1.77423382325139,1.77423382325139,0,0,0,0,0,0,0,1,0,0,0
bell1261,Bellari,Dravidian,82.0,,3,,,endangered,1,2694.73780859961,2694.73780859961,64.9434967,64.9434967,35.3788972368389,35.3788972368389,1.77423382325139,1.77423382325139,0,0,0,0,0,0,0,1,0,0,0
mudu1241,Mudu Koraga,Dravidian,82.0,,2,,,threatened,1,2694.73780859961,2694.73780859961,64.9434967,64.9434967,35.3788972368389,35.3788972368389,1.77423382325139,1.77423382325139,0,0,0,0,0,0,0,1,0,0,0
korr1238,Korra Koraga,Dravidian,82.0,,1,,,vulnerable,1,2694.73780859961,2694.73780859961,64.9434967,64.9434967,35.3788972368389,35.3788972368389,1.77423382325139,1.77423382325139,0,0,0,0,0,0,0,1,0,0,0
kuma1274,Kumarbhag Paharia,Dravidian,82.0,1,1,,,vulnerable,1,2694.73780859961,2694.73780859961,64.9434967,64.9434967,35.3788972368389,35.3788972368389,1.77423382325139,1.77423382325139,0,0,0,0,0,0,0,1,0,0,0
saur1249,Sauria Paharia,Dravidian,82.0,,1,,,vulnerable,2,2694.73780859961,2644.0769627036752,64.9434967,59.18260493,35.3788972368389,34.0286084345848,2.82015881681108,2.297196320031235,0,0,0,0,0,0,0,1,0,0,0
sout1549,Southeastern Kolami,Dravidian,82.0,,2,,,threatened,1,2694.73780859961,2694.73780859961,64.9434967,64.9434967,35.3788972368389,35.3788972368389,1.77423382325139,1.77423382325139,0,0,0,0,0,0,0,1,0,0,0
duru1236,Duruwa,Dravidian,82.0,,1,,,vulnerable,1,2694.73780859961,2694.73780859961,64.9434967,64.9434967,35.3788972368389,35.3788972368389,1.77423382325139,1.77423382325139,0,0,0,0,0,0,0,1,0,0,0
mudh1235,Mudhili Gadaba,Dravidian,82.0,1,2,,,threatened,1,2694.73780859961,2694.73780859961,64.9434967,64.9434967,35.3788972368389,35.3788972368389,1.77423382325139,1.77423382325139,0,0,0,0,0,0,0,1,0,0,0
pott1240,Pottangi Ollar Gadaba,Dravidian,82.0,,1,,,vulnerable,1,2694.73780859961,2694.73780859961,64.9434967,64.9434967,35.3788972368389,35.3788972368389,1.77423382325139,1.77423382325139,0,0,0,0,0,0,0,1,0,0,0
gras1249,Grass Koiari,Koiarian,8.0,,2,,,threatened,1,3006.70564478923,3006.70564478923,18.81159973,18.81159973,15.4061816403333,15.4061816403333,4.06785501758394,4.06785501758394,0,0,0,0,0,0,0,0,0,1,0
koit1244,Koitabu,Koiarian,8.0,,2,,,threatened,1,3006.70564478923,3006.70564478923,18.81159973,18.81159973,15.4061816403333,15.4061816403333,4.06785501758394,4.06785501758394,0,0,0,0,0,0,0,0,0,1,0
yoku1256,Northern Yokuts,Yokutsan,4.0,,4,5,5,critically endangered,1,84534.0407841548,84534.0407841548,94.69380188,94.69380188,80.1247798047184,80.1247798047184,1.04286346807884,1.04286346807884,0,0,0,0,0,0,0,0,1,0,0
amda1238,Amdang,Furan,2.0,2,,,1,threatened,1,961.55975562506,961.55975562506,12.62689972,12.62689972,26.9315292389497,26.9315292389497,7.20534416894141,7.20534416894141,0,0,0,0,0,1,0,0,0,0,0
sors1241,Sorsorian,Unattested,68.0,,5,,,critically endangered,1,3410.77023167097,3410.77023167097,22.35140038,22.35140038,22.2866933360645,22.2866933360645,2.37006474262017,2.37006474262017,0,0,0,0,0,0,0,0,0,1,0
giyu1238,Giyug,Unattested,68.0,,5,,,critically endangered,1,64603.9856308464,64603.9856308464,96.13140106,96.13140106,87.6021469990446,87.6021469990446,2.12571289816265,2.12571289816265,0,0,0,0,0,0,1,0,0,0,0
isol1239,Isolado do Tanaru,Unattested,68.0,,5,5,5,critically endangered,1,10310.5488778166,10310.5488778166,84.46347227,84.46347227,87.8958549533146,87.8958549533146,0.724401697459186,0.724401697459186,0,0,0,0,0,0,0,0,0,0,1
sent1241,Sentinel,Unattested,68.0,1,,,,vulnerable,1,2694.73780859961,2694.73780859961,64.9434967,64.9434967,35.3788972368389,35.3788972368389,1.77423382325139,1.77423382325139,0,0,0,0,0,0,0,1,0,0,0
agav1236,Agavotaguerra,Unattested,68.0,,,,,dormant,1,10310.5488778166,10310.5488778166,84.46347227,84.46347227,87.8958549533146,87.8958549533146,0.724401697459186,0.724401697459186,0,0,0,0,0,0,0,0,0,0,1
dung1254,Dungu,Unattested,68.0,,2,,,threatened,1,1084.16041805436,1084.16041805436,41.21139908,41.21139908,62.9755675573659,62.9755675573659,3.3628832591496,3.3628832591496,0,0,0,0,0,1,0,0,0,0,0
kaiv1238,Kaivi,Unattested,68.0,,2,,,threatened,1,1084.16041805436,1084.16041805436,41.21139908,41.21139908,62.9755675573659,62.9755675573659,3.3628832591496,3.3628832591496,0,0,0,0,0,1,0,0,0,0,0
mala1471,Mala (Nigeria),Unattested,68.0,,2,,,threatened,1,1084.16041805436,1084.16041805436,41.21139908,41.21139908,62.9755675573659,62.9755675573659,3.3628832591496,3.3628832591496,0,0,0,0,0,1,0,0,0,0,0
tumi1238,Tumi,Unattested,68.0,,2,,,threatened,1,1084.16041805436,1084.16041805436,41.21139908,41.21139908,62.9755675573659,62.9755675573659,3.3628832591496,3.3628832591496,0,0,0,0,0,1,0,0,0,0,0
ruma1250,Ruma,Unattested,68.0,,2,,,threatened,1,1084.16041805436,1084.16041805436,41.21139908,41.21139908,62.9755675573659,62.9755675573659,3.3628832591496,3.3628832591496,0,0,0,0,0,1,0,0,0,0,0
ware1254,Wares,Unattested,68.0,,3,,,endangered,1,4925.43048751861,4925.43048751861,72.78075544,72.78075544,58.7509635387997,58.7509635387997,1.89719567962498,1.89719567962498,0,0,0,0,0,0,0,0,0,1,0
sors1239,Sorsogon Ayta,Unattested,68.0,,4,,,severely endangered,1,3984.8315387656,3984.8315387656,67.26300914,67.26300914,55.4520983215477,55.4520983215477,1.41854562717771,1.41854562717771,0,0,0,0,0,0,0,0,0,1,0
ngur1260,Ngurmbur,Unattested,68.0,,5,5,,critically endangered,1,64603.9856308464,64603.9856308464,96.13140106,96.13140106,87.6021469990446,87.6021469990446,2.12571289816265,2.12571289816265,0,0,0,0,0,0,1,0,0,0,0
wikk1239,Wik-Keyangan,Unattested,68.0,,5,,,critically endangered,1,64603.9856308464,64603.9856308464,96.13140106,96.13140106,87.6021469990446,87.6021469990446,2.12571289816265,2.12571289816265,0,0,0,0,0,0,1,0,0,0,0
kutt1236,Kutto,Afro-Asiatic,381.0,,2,,,threatened,1,1084.16041805436,1084.16041805436,41.21139908,41.21139908,62.9755675573659,62.9755675573659,3.3628832591496,3.3628832591496,0,0,0,0,0,1,0,0,0,0,0
geru1240,Geruma,Afro-Asiatic,381.0,,2,,,threatened,1,1084.16041805436,1084.16041805436,41.21139908,41.21139908,62.9755675573659,62.9755675573659,3.3628832591496,3.3628832591496,0,0,0,0,0,1,0,0,0,0,0
kubi1239,Kubi,Afro-Asiatic,381.0,,,,,dormant,1,1084.16041805436,1084.16041805436,41.21139908,41.21139908,62.9755675573659,62.9755675573659,3.3628832591496,3.3628832591496,0,1,0,0,0,1,0,0,0,0,0
ngam1282,Ngamo,Afro-Asiatic,381.0,,1,,,vulnerable,1,1084.16041805436,1084.16041805436,41.21139908,41.21139908,62.9755675573659,62.9755675573659,3.3628832591496,3.3628832591496,0,0,0,0,0,1,0,0,0,0,0
beel1236,Beele,Afro-Asiatic,381.0,,3,,,endangered,1,1084.16041805436,1084.16041805436,41.21139908,41.21139908,62.9755675573659,62.9755675573659,3.3628832591496,3.3628832591496,0,0,0,0,0,1,0,0,0,0,0
bure1242,Bure,Afro-Asiatic,381.0,4,4,5,5,critically endangered,1,1084.16041805436,1084.16041805436,41.21139908,41.21139908,62.9755675573659,62.9755675573659,3.3628832591496,3.3628832591496,0,0,0,0,0,1,0,0,0,0,0
maak1236,Maaka,Afro-Asiatic,381.0,,1,,,vulnerable,1,1084.16041805436,1084.16041805436,41.21139908,41.21139908,62.9755675573659,62.9755675573659,3.3628832591496,3.3628832591496,0,0,0,0,0,1,0,0,0,0,0
nucl1698,Nteng,Afro-Asiatic,381.0,3,2,0,0,vulnerable,1,1084.16041805436,1084.16041805436,41.21139908,41.21139908,62.9755675573659,62.9755675573659,3.3628832591496,3.3628832591496,0,0,0,0,0,1,0,0,0,0,0
koen1239,Koenoem,Afro-Asiatic,381.0,,2,,,threatened,1,1084.16041805436,1084.16041805436,41.21139908,41.21139908,62.9755675573659,62.9755675573659,3.3628832591496,3.3628832591496,0,0,0,0,0,1,0,0,0,0,0
shaa1247,Sya,Afro-Asiatic,381.0,,2,,,threatened,1,1084.16041805436,1084.16041805436,41.21139908,41.21139908,62.9755675573659,62.9755675573659,3.3628832591496,3.3628832591496,0,0,0,0,0,1,0,0,0,0,0
paaa1242,Pa'a,Afro-Asiatic,381.0,,2,,,threatened,1,1084.16041805436,1084.16041805436,41.21139908,41.21139908,62.9755675573659,62.9755675573659,3.3628832591496,3.3628832591496,0,0,0,0,0,1,0,0,0,0,0
siri1278,Siri,Afro-Asiatic,381.0,,2,,3,endangered,1,1084.16041805436,1084.16041805436,41.21139908,41.21139908,62.9755675573659,62.9755675573659,3.3628832591496,3.3628832591496,0,0,0,0,0,1,0,0,0,0,0
warj1253,Warji-Gala,Afro-Asiatic,381.0,,1,,,vulnerable,1,1084.16041805436,1084.16041805436,41.21139908,41.21139908,62.9755675573659,62.9755675573659,3.3628832591496,3.3628832591496,0,0,0,0,0,1,0,0,0,0,0
kari1316,Kariya,Afro-Asiatic,381.0,,2,,,threatened,1,1084.16041805436,1084.16041805436,41.21139908,41.21139908,62.9755675573659,62.9755675573659,3.3628832591496,3.3628832591496,0,0,0,0,0,1,0,0,0,0,0
dass1243,Dass,Afro-Asiatic,381.0,,2,,,threatened,1,1084.16041805436,1084.16041805436,41.21139908,41.21139908,62.9755675573659,62.9755675573659,3.3628832591496,3.3628832591496,0,0,0,0,0,1,0,0,0,0,0
lush1256,Dokshi,Afro-Asiatic,381.0,,,,,dormant,1,1084.16041805436,1084.16041805436,41.21139908,41.21139908,62.9755675573659,62.9755675573659,3.3628832591496,3.3628832591496,0,0,0,0,0,1,0,0,0,0,0
dans1239,Chaari,Afro-Asiatic,381.0,,3,,,endangered,1,1084.16041805436,1084.16041805436,41.21139908,41.21139908,62.9755675573659,62.9755675573659,3.3628832591496,3.3628832591496,0,0,0,0,0,1,0,0,0,0,0
nucl1693,Tulai,Afro-Asiatic,381.0,,,,,dormant,1,1084.16041805436,1084.16041805436,41.21139908,41.21139908,62.9755675573659,62.9755675573659,3.3628832591496,3.3628832591496,0,0,0,0,0,1,0,0,0,0,0
dyar1234,Dyarim,Afro-Asiatic,381.0,,3,5,4,severely endangered,1,1084.16041805436,1084.16041805436,41.21139908,41.21139908,62.9755675573659,62.9755675573659,3.3628832591496,3.3628832591496,0,0,0,0,0,1,0,0,0,0,0
saya1246,Saya,Afro-Asiatic,381.0,2,0,0,0,vulnerable,1,1084.16041805436,1084.16041805436,41.21139908,41.21139908,62.9755675573659,62.9755675573659,3.3628832591496,3.3628832591496,0,0,0,0,0,1,0,0,0,0,0
zari1242,Zari,Afro-Asiatic,381.0,,,,,dormant,1,1084.16041805436,1084.16041805436,41.21139908,41.21139908,62.9755675573659,62.9755675573659,3.3628832591496,3.3628832591496,0,0,0,0,0,1,0,0,0,0,0
luri1256,Luri,Afro-Asiatic,381.0,,5,5,5,critically endangered,1,1084.16041805436,1084.16041805436,41.21139908,41.21139908,62.9755675573659,62.9755675573659,3.3628832591496,3.3628832591496,0,0,0,1,0,1,0,0,0,0,0
buli1260,Buli (Bauchi State),Afro-Asiatic,381.0,,3,,,endangered,1,1084.16041805436,1084.16041805436,41.21139908,41.21139908,62.9755675573659,62.9755675573659,3.3628832591496,3.3628832591496,0,0,0,0,0,1,0,0,0,0,0
zull1239,Zul,Afro-Asiatic,381.0,,2,,,threatened,1,1084.16041805436,1084.16041805436,41.21139908,41.21139908,62.9755675573659,62.9755675573659,3.3628832591496,3.3628832591496,0,0,0,0,0,1,0,0,0,0,0
zara1252,Bu (Zaranda),Afro-Asiatic,381.0,,3,5,4,severely endangered,1,1084.16041805436,1084.16041805436,41.21139908,41.21139908,62.9755675573659,62.9755675573659,3.3628832591496,3.3628832591496,0,0,0,0,0,1,0,0,0,0,0
guru1271,Guruntum-Mbaaru,Afro-Asiatic,381.0,,1,,,vulnerable,1,1084.16041805436,1084.16041805436,41.21139908,41.21139908,62.9755675573659,62.9755675573659,3.3628832591496,3.3628832591496,0,0,0,0,0,1,0,0,0,0,0
jimi1255,Jimi (Nigeria),Afro-Asiatic,381.0,,2,,4,severely endangered,1,1084.16041805436,1084.16041805436,41.21139908,41.21139908,62.9755675573659,62.9755675573659,3.3628832591496,3.3628832591496,0,0,0,0,0,1,0,0,0,0,0
juuu1243,Ju,Afro-Asiatic,381.0,,3,,,endangered,1,1084.16041805436,1084.16041805436,41.21139908,41.21139908,62.9755675573659,62.9755675573659,3.3628832591496,3.3628832591496,0,0,0,0,0,1,0,0,0,0,0
tala1295,Tala,Afro-Asiatic,381.0,,2,,,threatened,1,1084.16041805436,1084.16041805436,41.21139908,41.21139908,62.9755675573659,62.9755675573659,3.3628832591496,3.3628832591496,0,0,0,0,0,1,0,0,0,0,0
zang1255,Zangwal,Afro-Asiatic,381.0,,3,,,endangered,1,1084.16041805436,1084.16041805436,41.21139908,41.21139908,62.9755675573659,62.9755675573659,3.3628832591496,3.3628832591496,0,0,0,0,0,1,0,0,0,0,0
mang1416,Mangas,Afro-Asiatic,381.0,,3,,,endangered,1,1084.16041805436,1084.16041805436,41.21139908,41.21139908,62.9755675573659,62.9755675573659,3.3628832591496,3.3628832591496,0,0,0,0,0,1,0,0,0,0,0
ngiz1242,Ngizim,Afro-Asiatic,381.0,,1,,,vulnerable,1,1084.16041805436,1084.16041805436,41.21139908,41.21139908,62.9755675573659,62.9755675573659,3.3628832591496,3.3628832591496,0,0,0,0,0,1,0,0,0,0,0
bade1248,Bade,Afro-Asiatic,381.0,,0,,,at risk,1,1084.16041805436,1084.16041805436,41.21139908,41.21139908,62.9755675573659,62.9755675573659,3.3628832591496,3.3628832591496,0,0,0,0,0,1,0,0,0,0,0
bald1241,Baldamu,Afro-Asiatic,381.0,,5,,,critically endangered,1,1830.00833684727,1830.00833684727,46.25880051,46.25880051,55.4031748609078,55.4031748609078,3.10935129574733,3.10935129574733,0,0,0,0,0,1,0,0,0,0,0
mbar1260,Mbara (Chad),Afro-Asiatic,381.0,,3,,,endangered,1,961.55975562506,961.55975562506,12.62689972,12.62689972,26.9315292389497,26.9315292389497,7.20534416894141,7.20534416894141,0,0,0,0,0,1,0,0,0,0,0
budu1265,Buduma,Afro-Asiatic,381.0,,1,,,vulnerable,3,1830.00833684727,1291.9095035088967,46.25880051,33.36569977,62.9755675573659,48.43675721907446,7.20534416894141,4.559192907946113,0,0,0,0,0,1,0,0,0,0,0
maje1243,Majera,Afro-Asiatic,381.0,,2,,,threatened,2,1830.00833684727,1395.784046236165,46.25880051,29.442850115,55.4031748609078,41.16735204992875,7.20534416894141,5.15734773234437,0,0,0,0,0,1,0,0,0,0,0
masl1241,Maslam,Afro-Asiatic,381.0,,2,,,threatened,2,1830.00833684727,1395.784046236165,46.25880051,29.442850115,55.4031748609078,41.16735204992875,7.20534416894141,5.15734773234437,0,0,0,0,0,1,0,0,0,0,0
mser1242,Mser,Afro-Asiatic,381.0,,3,5,,severely endangered,2,1830.00833684727,1395.784046236165,46.25880051,29.442850115,55.4031748609078,41.16735204992875,7.20534416894141,5.15734773234437,0,0,0,0,0,1,0,0,0,0,0
lagw1237,Lagwan,Afro-Asiatic,381.0,,1,,,vulnerable,3,1830.00833684727,1291.9095035088967,46.25880051,33.36569977,62.9755675573659,48.43675721907446,7.20534416894141,4.559192907946113,0,0,0,0,0,1,0,0,0,0,0
bana1305,Bana,Afro-Asiatic,381.0,,1,,,vulnerable,1,1830.00833684727,1830.00833684727,46.25880051,46.25880051,55.4031748609078,55.4031748609078,3.10935129574733,3.10935129574733,0,0,0,0,0,1,0,0,0,0,0
nggw1242,Nggwahyi,Afro-Asiatic,381.0,,2,,,threatened,1,1084.16041805436,1084.16041805436,41.21139908,41.21139908,62.9755675573659,62.9755675573659,3.3628832591496,3.3628832591496,0,0,0,0,0,1,0,0,0,0,0
puta1243,Putai,Afro-Asiatic,381.0,,4,4,,severely endangered,1,1084.16041805436,1084.16041805436,41.21139908,41.21139908,62.9755675573659,62.9755675573659,3.3628832591496,3.3628832591496,0,0,0,0,0,1,0,0,0,0,0
jilb1238,Jilbe,Afro-Asiatic,381.0,,2,,,threatened,2,1830.00833684727,1457.0843774508148,46.25880051,43.735099795,62.9755675573659,59.18937120913685,3.3628832591496,3.2361172774484652,0,0,0,0,0,1,0,0,0,0,0
suku1272,Sukur,Afro-Asiatic,381.0,,1,,,vulnerable,1,1084.16041805436,1084.16041805436,41.21139908,41.21139908,62.9755675573659,62.9755675573659,3.3628832591496,3.3628832591496,0,0,0,0,0,1,0,0,0,0,0
nucl1683,Daba,Afro-Asiatic,381.0,,1,,,vulnerable,2,1830.00833684727,1457.0843774508148,46.25880051,43.735099795,62.9755675573659,59.18937120913685,3.3628832591496,3.2361172774484652,0,0,0,0,0,1,0,0,0,0,0
ngwa1251,Ngwaba,Afro-Asiatic,381.0,,1,,,vulnerable,1,1084.16041805436,1084.16041805436,41.21139908,41.21139908,62.9755675573659,62.9755675573659,3.3628832591496,3.3628832591496,0,0,0,0,0,1,0,0,0,0,0
zizi1238,Zizilivakan,Afro-Asiatic,381.0,,3,,,endangered,2,1830.00833684727,1457.0843774508148,46.25880051,43.735099795,62.9755675573659,59.18937120913685,3.3628832591496,3.2361172774484652,0,0,0,0,0,1,0,0,0,0,0
jimi1254,Jimi (Cameroon),Afro-Asiatic,381.0,3,2,3,1,threatened,2,1830.00833684727,1457.0843774508148,46.25880051,43.735099795,62.9755675573659,59.18937120913685,3.3628832591496,3.2361172774484652,0,0,0,0,0,1,0,0,0,0,0
mabi1242,Mabire,Afro-Asiatic,381.0,5,5,5,5,critically endangered,1,961.55975562506,961.55975562506,12.62689972,12.62689972,26.9315292389497,26.9315292389497,7.20534416894141,7.20534416894141,0,0,0,0,0,1,0,0,0,0,0
dang1274,Dangaleat,Afro-Asiatic,381.0,,1,,,vulnerable,1,961.55975562506,961.55975562506,12.62689972,12.62689972,26.9315292389497,26.9315292389497,7.20534416894141,7.20534416894141,0,0,0,0,0,1,0,0,0,0,0
jonk1238,Jonkor Bourmataguil,Afro-Asiatic,381.0,,2,,,threatened,1,961.55975562506,961.55975562506,12.62689972,12.62689972,26.9315292389497,26.9315292389497,7.20534416894141,7.20534416894141,0,0,0,0,0,1,0,0,0,0,0
tora1267,Toram,Afro-Asiatic,381.0,,2,,,threatened,1,961.55975562506,961.55975562506,12.62689972,12.62689972,26.9315292389497,26.9315292389497,7.20534416894141,7.20534416894141,0,0,0,0,0,1,0,0,0,0,0
zire1244,Zirenkel,Afro-Asiatic,381.0,,2,,,threatened,1,961.55975562506,961.55975562506,12.62689972,12.62689972,26.9315292389497,26.9315292389497,7.20534416894141,7.20534416894141,0,0,0,0,0,1,0,0,0,0,0
bare1279,Barain,Afro-Asiatic,381.0,,2,,,threatened,1,961.55975562506,961.55975562506,12.62689972,12.62689972,26.9315292389497,26.9315292389497,7.20534416894141,7.20534416894141,0,0,0,0,0,1,0,0,0,0,0
ubii1238,Ubi,Afro-Asiatic,381.0,2,2,,0,vulnerable,1,961.55975562506,961.55975562506,12.62689972,12.62689972,26.9315292389497,26.9315292389497,7.20534416894141,7.20534416894141,0,0,0,0,0,1,0,0,0,0,0
mawa1270,Mawa (Chad),Afro-Asiatic,381.0,,2,,,threatened,1,961.55975562506,961.55975562506,12.62689972,12.62689972,26.9315292389497,26.9315292389497,7.20534416894141,7.20534416894141,0,0,0,0,0,1,0,0,0,0,0
boor1242,Boor,Afro-Asiatic,381.0,,4,,,severely endangered,1,961.55975562506,961.55975562506,12.62689972,12.62689972,26.9315292389497,26.9315292389497,7.20534416894141,7.20534416894141,0,0,0,0,0,1,0,0,0,0,0
milt1241,Miltu,Afro-Asiatic,381.0,,3,,,endangered,1,961.55975562506,961.55975562506,12.62689972,12.62689972,26.9315292389497,26.9315292389497,7.20534416894141,7.20534416894141,0,0,0,0,0,1,0,0,0,0,0
soko1263,Sokoro,Afro-Asiatic,381.0,,2,,,threatened,1,961.55975562506,961.55975562506,12.62689972,12.62689972,26.9315292389497,26.9315292389497,7.20534416894141,7.20534416894141,0,0,0,0,0,1,0,0,0,0,0
tamk1242,Tamki,Afro-Asiatic,381.0,,3,,,endangered,1,961.55975562506,961.55975562506,12.62689972,12.62689972,26.9315292389497,26.9315292389497,7.20534416894141,7.20534416894141,0,0,0,0,0,1,0,0,0,0,0
saba1276,Saba,Afro-Asiatic,381.0,,2,,,threatened,1,961.55975562506,961.55975562506,12.62689972,12.62689972,26.9315292389497,26.9315292389497,7.20534416894141,7.20534416894141,0,0,0,0,0,1,0,0,0,0,0
kaba1292,Kabalai,Afro-Asiatic,381.0,1,1,,,vulnerable,1,961.55975562506,961.55975562506,12.62689972,12.62689972,26.9315292389497,26.9315292389497,7.20534416894141,7.20534416894141,0,0,0,0,0,1,0,0,0,0,0
gada1262,Gadang,Afro-Asiatic,381.0,,2,,,threatened,1,961.55975562506,961.55975562506,12.62689972,12.62689972,26.9315292389497,26.9315292389497,7.20534416894141,7.20534416894141,0,0,0,0,0,1,0,0,0,0,0
ndam1251,Ndam,Afro-Asiatic,381.0,,2,,,threatened,1,961.55975562506,961.55975562506,12.62689972,12.62689972,26.9315292389497,26.9315292389497,7.20534416894141,7.20534416894141,0,0,0,0,0,1,0,0,0,0,0
saru1245,Sarua,Afro-Asiatic,381.0,,2,,,threatened,1,961.55975562506,961.55975562506,12.62689972,12.62689972,26.9315292389497,26.9315292389497,7.20534416894141,7.20534416894141,0,0,0,0,0,1,0,0,0,0,0
zuma1239,Zumaya,Afro-Asiatic,381.0,,5,,,critically endangered,1,1830.00833684727,1830.00833684727,46.25880051,46.25880051,55.4031748609078,55.4031748609078,3.10935129574733,3.10935129574733,0,0,0,0,0,1,0,0,0,0,0
awji1241,Awjilah,Afro-Asiatic,381.0,,2,,,threatened,1,6569.16408678648,6569.16408678648,81.95449829,81.95449829,87.8854066107749,87.8854066107749,1.04983639256465,1.04983639256465,0,0,0,0,0,1,0,0,0,0,0
ghad1239,Ghadames,Afro-Asiatic,381.0,,2,,,threatened,3,6569.16408678648,5501.09758210447,81.95449829,78.62409973,87.8854066107749,77.84107763301073,2.12697498648782,1.4253765398479465,0,0,0,0,0,1,0,0,0,0,0
sawk1238,Sawknah-Fogaha,Afro-Asiatic,381.0,,,,,dormant,1,6569.16408678648,6569.16408678648,81.95449829,81.95449829,87.8854066107749,87.8854066107749,1.04983639256465,1.04983639256465,0,0,0,0,0,1,0,0,0,0,0
siwi1239,Siwi,Afro-Asiatic,381.0,,1,,,vulnerable,1,3338.47371395895,3338.47371395895,74.64839935,74.64839935,42.8004363938404,42.8004363938404,1.94520545988301,1.94520545988301,0,0,0,0,0,1,0,0,0,0,0
chen1266,Western Algerian Berber,Afro-Asiatic,381.0,,1,,,vulnerable,1,5752.99076651465,5752.99076651465,77.4178009,77.4178009,75.2792907190618,75.2792907190618,2.12697498648782,2.12697498648782,0,0,0,0,0,1,0,0,0,0,0
tidi1241,Tidikelt-Tuat Tamazight,Afro-Asiatic,381.0,,2,,,threatened,1,5752.99076651465,5752.99076651465,77.4178009,77.4178009,75.2792907190618,75.2792907190618,2.12697498648782,2.12697498648782,0,0,1,0,0,1,0,0,0,0,0
tazn1238,Sud Oranais-Gourara,Afro-Asiatic,381.0,,1,,,vulnerable,2,5752.99076651465,4953.092551226075,91.2,84.30890045000001,75.2792907190618,69.03955156044076,2.12697498648782,1.6503704076379249,0,0,0,0,0,1,0,0,0,0,0
tazn1238,Sud Oranais-Gourara,Afro-Asiatic,381.0,2,1,,,threatened,2,5752.99076651465,4953.092551226075,91.2,84.30890045000001,75.2792907190618,69.03955156044076,2.12697498648782,1.6503704076379249,0,0,0,0,0,1,0,0,0,0,0
tema1243,Oued Righ,Afro-Asiatic,381.0,,2,,,threatened,1,5752.99076651465,5752.99076651465,77.4178009,77.4178009,75.2792907190618,75.2792907190618,2.12697498648782,2.12697498648782,0,0,0,0,0,1,0,0,0,0,0
taga1278,Ouargli,Afro-Asiatic,381.0,,2,,,threatened,1,5752.99076651465,5752.99076651465,77.4178009,77.4178009,75.2792907190618,75.2792907190618,2.12697498648782,2.12697498648782,0,0,0,0,0,1,0,0,0,0,0
tets1235,Tetserret,Afro-Asiatic,381.0,4,2,4,3,severely endangered,2,1084.16041805436,909.715336920793,41.21139908,28.38449955,62.9755675573659,40.5126537012231,4.95172159663678,4.15730242789319,0,0,0,0,0,1,0,0,0,0,0
zena1248,Zenaga,Afro-Asiatic,381.0,,2,,4,severely endangered,3,2110.12036938187,1941.6693343081752,60.11780167,52.94860077,60.6068586411829,57.92183777345665,4.36769871464923,3.83314699614999,0,0,0,0,0,1,0,0,0,0,0
taha1241,Tahaggart Tamahaq,Afro-Asiatic,381.0,,1,,,vulnerable,5,6569.16408678648,3047.241003960141,81.95449829,50.58855934,87.8854066107749,55.15951337010108,4.95172159663678,3.2726406896104843,0,0,0,0,0,1,0,0,0,0,0
senh1238,Senhaja De Srair,Afro-Asiatic,381.0,,1,,1,vulnerable,1,4153.1943359375,4153.1943359375,91.2,91.2,62.7998124018197,62.7998124018197,1.17376582878803,1.17376582878803,0,0,0,0,0,1,0,0,0,0,0
ghom1257,Ghomara,Afro-Asiatic,381.0,4,1,,1,threatened,1,4153.1943359375,4153.1943359375,91.2,91.2,62.7998124018197,62.7998124018197,1.17376582878803,1.17376582878803,0,0,0,0,0,1,0,0,0,0,0
awng1244,Awngi,Afro-Asiatic,381.0,,0,,,at risk,1,1133.88279681719,1133.88279681719,21.94129944,21.94129944,23.6222839355469,23.6222839355469,4.99846973014755,4.99846973014755,0,0,0,0,0,1,0,0,0,0,0
qima1242,Qimant,Afro-Asiatic,381.0,,3,5,4,severely endangered,2,1133.88279681719,1133.88279681719,21.94129944,18.145349505,34.5365524291992,29.079418182373047,4.99846973014755,3.1991542596764497,0,0,0,0,0,1,0,0,0,0,0
bili1260,Bilin,Afro-Asiatic,381.0,,1,,,vulnerable,1,,,14.34939957,14.34939957,34.5365524291992,34.5365524291992,1.39983878920535,1.39983878920535,0,0,0,0,0,1,0,0,0,0,0
aasa1238,Aasax,Afro-Asiatic,381.0,,,,,dormant,1,1186.71691894531,1186.71691894531,31.16209984,31.16209984,36.1684458862992,36.1684458862992,4.8107084931504,4.8107084931504,0,0,0,0,0,1,0,0,0,0,0
kwad1248,Kw'adza,Afro-Asiatic,381.0,,,,,dormant,1,1186.71691894531,1186.71691894531,31.16209984,31.16209984,36.1684458862992,36.1684458862992,4.8107084931504,4.8107084931504,0,0,0,0,0,1,0,0,0,0,0
buru1320,Burunge,Afro-Asiatic,381.0,,3,,,endangered,1,1186.71691894531,1186.71691894531,31.16209984,31.16209984,36.1684458862992,36.1684458862992,4.8107084931504,4.8107084931504,0,0,0,0,0,1,0,0,0,0,0
alag1248,Alagwa,Afro-Asiatic,381.0,,2,,2,threatened,1,1186.71691894531,1186.71691894531,31.16209984,31.16209984,36.1684458862992,36.1684458862992,4.8107084931504,4.8107084931504,0,0,0,0,0,1,0,0,0,0,0
goro1270,Gorowa,Afro-Asiatic,381.0,4,0,2,1,threatened,1,1186.71691894531,1186.71691894531,31.16209984,31.16209984,36.1684458862992,36.1684458862992,4.8107084931504,4.8107084931504,0,0,0,0,0,1,0,0,0,0,0
daha1245,Dahalo,Afro-Asiatic,381.0,4,3,2,1,endangered,1,2132.43452097647,2132.43452097647,34.97622513,34.97622513,31.8937831721599,31.8937831721599,2.77842851424254,2.77842851424254,0,0,0,0,0,1,0,0,0,0,0
boon1242,Boon,Afro-Asiatic,381.0,,4,,,severely endangered,1,629.538899449007,629.538899449007,27.94020081,27.94020081,54.6176465524521,54.6176465524521,4.4872398619211,4.4872398619211,0,0,0,0,0,1,0,0,0,0,0
burj1242,Burji,Afro-Asiatic,381.0,,1,,,vulnerable,2,2132.43452097647,1633.15865889683,34.97622513,28.458762285000002,31.8937831721599,27.7580335538534,4.99846973014755,3.888449122195045,0,0,0,0,0,1,0,0,0,0,0
buss1239,Bussa,Afro-Asiatic,381.0,,2,,,threatened,1,1133.88279681719,1133.88279681719,21.94129944,21.94129944,23.6222839355469,23.6222839355469,4.99846973014755,4.99846973014755,0,0,0,0,0,1,0,0,0,0,0
waat1238,Waata,Afro-Asiatic,381.0,,1,,,vulnerable,1,2132.43452097647,2132.43452097647,34.97622513,34.97622513,31.8937831721599,31.8937831721599,2.77842851424254,2.77842851424254,0,0,0,0,0,1,0,0,0,0,0
elmo1238,El Molo,Afro-Asiatic,381.0,5,,,,dormant,1,2132.43452097647,2132.43452097647,34.97622513,34.97622513,31.8937831721599,31.8937831721599,2.77842851424254,2.77842851424254,0,0,0,0,0,1,0,0,0,0,0
arbo1245,Arbore,Afro-Asiatic,381.0,,2,,,threatened,1,1133.88279681719,1133.88279681719,21.94129944,21.94129944,23.6222839355469,23.6222839355469,4.99846973014755,4.99846973014755,0,0,0,0,0,1,0,0,0,0,0
daas1238,Daasanach,Afro-Asiatic,381.0,,1,,,vulnerable,3,2132.43452097647,1448.8215013471035,34.97622513,21.196174858000003,31.8937831721599,25.630962050732467,5.35572566859027,4.377541304326787,0,0,0,0,0,1,0,0,0,0,0
garr1259,Garre,Afro-Asiatic,381.0,,1,,,vulnerable,1,629.538899449007,629.538899449007,27.94020081,27.94020081,54.6176465524521,54.6176465524521,4.4872398619211,4.4872398619211,0,0,0,0,0,1,0,0,0,0,0
awee1242,Aweer,Afro-Asiatic,381.0,,3,,,endangered,2,2132.43452097647,1380.9867102127387,34.97622513,31.45821297,54.6176465524521,43.255714862306,4.4872398619211,3.63283418808182,0,0,0,0,0,1,0,0,0,0,0
bais1246,Baiso,Afro-Asiatic,381.0,,2,,,threatened,1,1133.88279681719,1133.88279681719,21.94129944,21.94129944,23.6222839355469,23.6222839355469,4.99846973014755,4.99846973014755,0,0,0,0,0,1,0,0,0,0,0
jiid1238,Jiiddu,Afro-Asiatic,381.0,,1,,,threatened,1,629.538899449007,629.538899449007,27.94020081,27.94020081,54.6176465524521,54.6176465524521,4.4872398619211,4.4872398619211,0,0,0,0,0,1,0,0,0,0,0
tunn1238,Tunni,Afro-Asiatic,381.0,,1,,,vulnerable,1,629.538899449007,629.538899449007,27.94020081,27.94020081,54.6176465524521,54.6176465524521,4.4872398619211,4.4872398619211,0,0,0,0,0,1,0,0,0,0,0
yaak1241,Yaaku,Afro-Asiatic,381.0,,4,,4,severely endangered,1,2132.43452097647,2132.43452097647,34.97622513,34.97622513,31.8937831721599,31.8937831721599,2.77842851424254,2.77842851424254,0,0,0,0,0,1,0,0,0,0,0
tsam1247,Tsamai,Afro-Asiatic,381.0,,2,,,threatened,1,1133.88279681719,1133.88279681719,21.94129944,21.94129944,23.6222839355469,23.6222839355469,4.99846973014755,4.99846973014755,0,0,0,0,0,1,0,0,0,0,0
nucl1706,Neo-Mandaic,Afro-Asiatic,381.0,4,3,4,3,severely endangered,4,84534.0407841548,40100.451582169124,96.13140106,89.41002655,87.6021469990446,78.65830063935692,2.15034163024692,1.704911146730915,0,0,0,0,0,0,0,1,0,0,0
assy1241,Assyrian Neo-Aramaic,Afro-Asiatic,381.0,3,,,,endangered,4,15892.7157287241,7052.041784568505,87.3078767,71.973195105,89.3443122873887,77.0816806542197,4.34158266136508,2.144952944248669,0,0,0,0,0,0,0,1,0,0,0
barz1241,Barzani Jewish Neo-Aramaic,Afro-Asiatic,381.0,,4,,5,critically endangered,1,54176.6844383302,54176.6844383302,88.18242225,88.18242225,91.536188843818,91.536188843818,1.29494868069402,1.29494868069402,0,0,0,0,0,0,0,1,0,0,0
lish1247,Lishana Deni,Afro-Asiatic,381.0,,2,,,threatened,2,54176.6844383302,30125.14738087864,88.18242225,84.82846240500001,91.536188843818,80.71116912735465,2.15034163024692,1.72264515547047,0,0,0,0,0,0,0,1,0,0,0
lish1246,Lishán Didán,Afro-Asiatic,381.0,,2,,,threatened,4,54176.6844383302,18973.04878983336,90.43979645,86.9402940725,91.536188843818,72.05226788342043,1.50072659043525,0.8739199290554318,0,0,0,0,0,0,0,1,0,0,0
hula1244,Hulaulá,Afro-Asiatic,381.0,,2,,,threatened,3,84534.0407841548,47966.964937577744,94.69380188,89.40554161,91.536188843818,82.8936983304366,1.50072659043525,1.27951291306937,0,0,0,0,0,0,0,1,0,0,0
lish1245,Lishanid Noshan,Afro-Asiatic,381.0,,2,5,4,severely endangered,2,54176.6844383302,30125.14738087864,88.18242225,84.82846240500001,91.536188843818,80.71116912735465,2.15034163024692,1.72264515547047,0,0,0,0,0,0,0,1,0,0,0
boht1238,Gardabani Bohtan Neo-Aramaic,Afro-Asiatic,381.0,,3,,4,severely endangered,2,14889.0185546875,12065.254888912315,94.36495368,89.081755285,75.1119136177067,68.09543706354,0.106666251709168,0.03917331371411075,0,0,0,0,0,0,0,1,0,0,0
mlah1239,Mlahsô,Afro-Asiatic,381.0,,,,,dormant,2,15892.7157287241,8472.193612299365,87.3078767,60.53893857999999,89.3443122873887,80.71022343160706,4.34158266136508,2.4643717781562535,0,0,0,0,0,0,0,1,0,0,0
turo1239,Turoyo,Afro-Asiatic,381.0,,1,,,vulnerable,4,15892.7157287241,6623.930611613163,87.3078767,70.79659560249999,90.703695784554,80.50257301466485,4.34158266136508,1.9793309108055606,0,0,0,0,0,0,0,1,0,0,0
west2763,Western Neo-Aramaic,Afro-Asiatic,381.0,3,,,,endangered,1,1051.67149587463,1051.67149587463,33.77000046,33.77000046,72.0761345758254,72.0761345758254,4.34158266136508,4.34158266136508,0,1,0,1,0,0,0,1,0,0,0
cypr1248,Cypriot Arabic,Afro-Asiatic,381.0,,2,,3,endangered,1,38674.29296875,38674.29296875,89.60099246,89.60099246,66.6824259192483,66.6824259192483,0.997076750311744,0.997076750311744,1,1,1,1,1,0,0,1,0,0,0
jude1264,Judeo-Tripolitanian Arabic,Afro-Asiatic,381.0,,1,,,vulnerable,3,54176.6844383302,33710.39664029453,89.2207202,86.45254691333334,91.536188843818,83.00878298963333,1.29494868069402,0.7956912353997442,0,0,0,0,0,0,0,1,0,0,0
jude1265,Judeo-Moroccan Arabic,Afro-Asiatic,381.0,,0,,,at risk,2,54176.6844383302,29164.93938713385,91.2,89.691211125,91.536188843818,77.16800062281885,1.29494868069402,1.2343572547410249,0,0,0,0,0,1,0,0,0,0,0
jude1267,Judeo-Yemeni Arabic,Afro-Asiatic,381.0,,1,,,vulnerable,2,54176.6844383302,27405.285820390873,88.18242225,52.836710735,91.536188843818,64.1719703017387,3.62794053134124,2.46144460601763,0,0,0,0,0,0,0,1,0,0,0
nubi1253,Nubi,Afro-Asiatic,381.0,,2,,,threatened,5,84534.0407841548,17894.783722892764,94.69380188,32.992871627,80.1247798047184,41.883746456719976,5.35572566859027,3.6350528761909735,0,0,0,0,0,1,0,0,0,0,0
taji1248,Tajiki Arabic,Afro-Asiatic,381.0,,2,,,threatened,3,3161.70010632875,1638.8867637702576,89.50550079,53.797966636666665,50.9986686706543,34.29273676647596,3.72642057446598,2.5265614584424902,0,0,0,0,0,0,0,1,0,0,0
uzbe1248,Qashqa-Darya Arabic,Afro-Asiatic,381.0,,3,,,endangered,1,3161.70010632875,3161.70010632875,89.50550079,89.50550079,50.9986686706543,50.9986686706543,1.97493793290612,1.97493793290612,0,0,0,0,0,0,0,1,0,0,0
nort3142,North Mesopotamian Arabic,Afro-Asiatic,381.0,,0,,,at risk,4,15892.7157287241,6909.023368252871,95.62244985,74.5437073925,92.9501393764286,81.0641839126335,4.34158266136508,2.0891116327320067,0,0,0,0,0,0,0,1,0,0,0
jude1266,Judeo-Iraqi Arabic,Afro-Asiatic,381.0,,0,,,at risk,4,54176.6844383302,29047.85004621692,95.4720993,82.5181302025,91.536188843818,70.01104748328918,2.15034163024692,1.59623778620757,0,0,0,0,0,0,0,1,0,0,0
jaba1234,Jabal Razih,Afro-Asiatic,381.0,,1,,,vulnerable,1,633.887202451545,633.887202451545,17.49099922,17.49099922,36.8077517596594,36.8077517596594,3.62794053134124,3.62794053134124,0,0,0,1,0,0,0,1,0,0,0
daha1247,Dahalik,Afro-Asiatic,381.0,,2,,,threatened,1,,,14.34939957,14.34939957,34.5365524291992,34.5365524291992,1.39983878920535,1.39983878920535,0,0,0,0,0,1,0,0,0,0,0
mesm1243,Mesmes,Afro-Asiatic,381.0,,,,,dormant,1,1133.88279681719,1133.88279681719,21.94129944,21.94129944,23.6222839355469,23.6222839355469,4.99846973014755,4.99846973014755,0,0,0,0,0,1,0,0,0,0,0
argo1244,Argobba,Afro-Asiatic,381.0,,1,,,vulnerable,1,1133.88279681719,1133.88279681719,21.94129944,21.94129944,23.6222839355469,23.6222839355469,4.99846973014755,4.99846973014755,0,0,0,0,0,1,0,0,0,0,0
zayy1238,Zay,Afro-Asiatic,381.0,,2,,,threatened,1,1133.88279681719,1133.88279681719,21.94129944,21.94129944,23.6222839355469,23.6222839355469,4.99846973014755,4.99846973014755,0,0,0,0,0,1,0,0,0,0,0
soqo1240,Soqotri,Afro-Asiatic,381.0,2,1,3,3,endangered,2,50273.5060469837,25453.69662471762,100.0,58.745499609999996,85.8171088279791,61.31243029381925,4.85698550165299,4.2424630164971155,0,0,0,1,0,0,0,1,0,0,0
sheh1240,Jibbali,Afro-Asiatic,381.0,,2,,,threatened,2,20285.2272897377,10459.557246094622,95.25174678,56.371373000000006,79.4440302814714,58.125891020565405,4.3385913419059,3.98326593662357,0,0,0,1,0,0,0,1,0,0,0
hoby1242,Hobyót,Afro-Asiatic,381.0,,3,,,endangered,2,20285.2272897377,10459.557246094622,95.25174678,56.371373000000006,79.4440302814714,58.125891020565405,4.3385913419059,3.98326593662357,0,0,0,0,0,0,0,1,0,0,0
bath1244,Bathari,Afro-Asiatic,381.0,,4,,,severely endangered,2,20285.2272897377,10459.557246094622,95.25174678,56.371373000000006,79.4440302814714,58.125891020565405,4.3385913419059,3.98326593662357,0,0,0,0,0,0,0,1,0,0,0
mehr1241,Mehri,Afro-Asiatic,381.0,,0,,,at risk,3,32717.7186631255,17878.944385104915,99.74729919,70.83001506333333,100.0,72.0839273470436,4.3385913419059,2.955272842583127,0,0,0,1,0,0,0,1,0,0,0
hars1241,Harsusi,Afro-Asiatic,381.0,,3,,,endangered,1,20285.2272897377,20285.2272897377,95.25174678,95.25174678,79.4440302814714,79.4440302814714,4.3385913419059,4.3385913419059,0,0,0,0,0,0,0,1,0,0,0
madn1237,Madngele,Eastern Daly,2.0,3,4,5,5,critically endangered,1,64603.9856308464,64603.9856308464,96.13140106,96.13140106,87.6021469990446,87.6021469990446,2.12571289816265,2.12571289816265,0,0,0,0,0,0,1,0,0,0,0
kamu1258,Kamu,Eastern Daly,2.0,,5,,,critically endangered,1,64603.9856308464,64603.9856308464,96.13140106,96.13140106,87.6021469990446,87.6021469990446,2.12571289816265,2.12571289816265,0,0,0,0,0,0,1,0,0,0,0
taul1251,Taulil,Taulil-Butam,2.0,,3,,,endangered,1,3006.70564478923,3006.70564478923,18.81159973,18.81159973,15.4061816403333,15.4061816403333,4.06785501758394,4.06785501758394,0,0,0,0,0,0,0,0,0,1,0
uisa1238,Uisai,South Bougainville,10.0,,2,,,threatened,1,3006.70564478923,3006.70564478923,18.81159973,18.81159973,15.4061816403333,15.4061816403333,4.06785501758394,4.06785501758394,0,0,0,0,0,0,0,0,0,1,0
sibe1248,Sibe (Nasioi),South Bougainville,10.0,,2,,,threatened,1,3006.70564478923,3006.70564478923,18.81159973,18.81159973,15.4061816403333,15.4061816403333,4.06785501758394,4.06785501758394,0,0,0,0,0,0,0,0,0,1,0
omot1239,Omotik,Nilotic,56.0,,4,,,severely endangered,1,2132.43452097647,2132.43452097647,34.97622513,34.97622513,31.8937831721599,31.8937831721599,2.77842851424254,2.77842851424254,0,0,0,0,0,1,0,0,0,0,0
okie1245,Okiek,Nilotic,56.0,,4,,,severely endangered,2,2132.43452097647,1659.5757199608902,34.97622513,33.069162485,36.1684458862992,34.031114529229555,4.8107084931504,3.79456850369647,0,0,0,0,0,1,0,0,0,0,0
maba1273,Mabaan,Nilotic,56.0,,4,,,severely endangered,2,1080.14718624765,1032.3774261316375,18.60000038,12.635500192,34.8673015510839,28.12206029778725,5.35572566859027,3.184391091226555,0,0,0,0,0,1,0,0,0,0,0
bela1256,Belanda Bor,Nilotic,56.0,,2,,,threatened,1,1080.14718624765,1080.14718624765,6.671000004,6.671000004,21.3768190444906,21.3768190444906,5.35572566859027,5.35572566859027,0,0,0,0,0,1,0,0,0,0,0
reel1238,Reel,Nilotic,56.0,,1,,,vulnerable,2,1080.14718624765,1032.3774261316375,18.60000038,12.635500192,34.8673015510839,28.12206029778725,5.35572566859027,3.184391091226555,0,0,0,0,0,1,0,0,0,0,0
ngas1238,Ngasa,Nilotic,56.0,,3,,,endangered,2,2132.43452097647,1659.5757199608902,34.97622513,33.069162485,36.1684458862992,34.031114529229555,4.8107084931504,3.79456850369647,0,0,0,0,0,1,0,0,0,0,0
qaqe1238,Qaqet,Baining,6.0,2,1,,1,threatened,1,3006.70564478923,3006.70564478923,18.81159973,18.81159973,15.4061816403333,15.4061816403333,4.06785501758394,4.06785501758394,0,0,0,0,0,0,0,0,0,1,0
urap1240,Ura (Papua New Guinea),Baining,6.0,,2,,,threatened,1,3006.70564478923,3006.70564478923,18.81159973,18.81159973,15.4061816403333,15.4061816403333,4.06785501758394,4.06785501758394,0,0,0,0,0,0,0,0,0,1,0
mako1250,Makolkol,Baining,6.0,,,,,dormant,1,3006.70564478923,3006.70564478923,18.81159973,18.81159973,15.4061816403333,15.4061816403333,4.06785501758394,4.06785501758394,0,0,0,0,0,0,0,0,0,1,0
wapp1239,Wappo,Yuki-Wappo,2.0,,,,,awakening,1,84534.0407841548,84534.0407841548,94.69380188,94.69380188,80.1247798047184,80.1247798047184,1.04286346807884,1.04286346807884,0,0,0,0,0,0,0,0,1,0,0
zial1235,Zialo,Mande,75.0,,1,,,vulnerable,1,1694.95375862193,1694.95375862193,33.30469894,33.30469894,38.0713036688655,38.0713036688655,3.52094495710575,3.52094495710575,0,0,0,0,0,1,0,0,0,0,0
koro1306,Koro (Côte d'Ivoire),Mande,75.0,,1,,,vulnerable,1,2727.8935220697,2727.8935220697,41.43219902,41.43219902,53.9733113940142,53.9733113940142,3.48999214741196,3.48999214741196,0,0,0,0,0,1,0,0,0,0,0
kago1248,Kagoro,Mande,75.0,,1,,,vulnerable,1,1094.61949265799,1094.61949265799,36.80149841,36.80149841,31.6075621182225,31.6075621182225,4.87178721321357,4.87178721321357,0,0,0,0,0,1,0,0,0,0,0
jeri1242,Jeli,Mande,75.0,,2,4,4,severely endangered,1,2727.8935220697,2727.8935220697,41.43219902,41.43219902,53.9733113940142,53.9733113940142,3.48999214741196,3.48999214741196,0,0,0,0,0,1,0,0,0,0,0
jalk1242,Jalkunan,Mande,75.0,3,3,3,1,endangered,1,981.992649769081,981.992649769081,28.25270081,28.25270081,28.3352514896662,28.3352514896662,4.19892549480939,4.19892549480939,0,0,0,0,0,1,0,0,0,0,0
sini1242,Sininkere,Mande,75.0,,2,,1,threatened,1,981.992649769081,981.992649769081,28.25270081,28.25270081,28.3352514896662,28.3352514896662,4.19892549480939,4.19892549480939,0,0,0,0,0,1,0,0,0,0,0
bank1258,Bankagooma,Mande,75.0,,2,,,threatened,1,1094.61949265799,1094.61949265799,36.80149841,36.80149841,31.6075621182225,31.6075621182225,4.87178721321357,4.87178721321357,0,0,0,0,0,1,0,0,0,0,0
shan1282,Shanga,Mande,75.0,,2,,,threatened,1,1084.16041805436,1084.16041805436,41.21139908,41.21139908,62.9755675573659,62.9755675573659,3.3628832591496,3.3628832591496,0,0,0,0,0,1,0,0,0,0,0
mopa1243,Mopan,Mayan,34.0,,1,,,vulnerable,2,7681.24400583113,6915.63486010809,80.00582262,70.113611915,55.9547027274763,48.85395673064935,2.16241273582344,1.5714247599751296,0,0,0,0,0,0,0,0,1,0,0
itza1241,Itza',Mayan,34.0,,4,,,severely endangered,1,6150.02571438505,6150.02571438505,60.22140121,60.22140121,55.9547027274763,55.9547027274763,2.16241273582344,2.16241273582344,0,0,1,0,0,0,0,0,1,0,0
yuca1254,Yucatec Maya,Mayan,34.0,,0,,,at risk,3,14185.7812248529,9339.016981689694,83.12233799,74.44985394000001,79.7538805976118,59.15393135297017,2.16241273582344,1.451849848420653,0,0,0,0,0,0,0,0,1,0,0
laca1243,Lacandon,Mayan,34.0,,3,,,endangered,1,14185.7812248529,14185.7812248529,83.12233799,83.12233799,79.7538805976118,79.7538805976118,1.2127000253117,1.2127000253117,0,0,0,0,0,0,0,0,1,0,0
chol1282,Chol,Mayan,34.0,,0,,,at risk,1,14185.7812248529,14185.7812248529,83.12233799,83.12233799,79.7538805976118,79.7538805976118,1.2127000253117,1.2127000253117,0,0,0,0,0,0,0,0,1,0,0
taba1266,Tabasco Chontal,Mayan,34.0,,1,,,vulnerable,1,14185.7812248529,14185.7812248529,83.12233799,83.12233799,79.7538805976118,79.7538805976118,1.2127000253117,1.2127000253117,0,0,0,0,0,0,0,0,1,0,0
chor1273,Ch'orti',Mayan,34.0,,2,,,threatened,2,6150.02571438505,4788.23027383714,60.22140121,59.422050475000006,58.7850728104829,57.3698877689796,2.49057240695025,2.3264925713868454,0,0,0,0,0,0,0,0,1,0,0
tzot1259,Tzotzil,Mayan,34.0,,0,,,at risk,1,14185.7812248529,14185.7812248529,83.12233799,83.12233799,79.7538805976118,79.7538805976118,1.2127000253117,1.2127000253117,0,0,0,0,0,0,0,0,1,0,0
tzel1254,Tzeltal,Mayan,34.0,,0,,,at risk,1,14185.7812248529,14185.7812248529,83.12233799,83.12233799,79.7538805976118,79.7538805976118,1.2127000253117,1.2127000253117,0,0,0,0,0,0,0,0,1,0,0
tojo1241,Tojolabal,Mayan,34.0,,2,,,threatened,1,14185.7812248529,14185.7812248529,83.12233799,83.12233799,79.7538805976118,79.7538805976118,1.2127000253117,1.2127000253117,0,0,0,0,0,0,0,0,1,0,0
chuj1250,Chuj,Mayan,34.0,,1,,,vulnerable,2,14185.7812248529,10167.903469618976,83.12233799,71.67186960000001,79.7538805976118,67.85429166254406,2.16241273582344,1.6875563805675702,0,0,0,0,0,0,0,0,1,0,0
moch1257,Mocho,Mayan,34.0,,4,,5,critically endangered,2,14185.7812248529,10167.903469618976,83.12233799,71.67186960000001,79.7538805976118,67.85429166254406,2.16241273582344,1.6875563805675702,0,0,0,0,0,0,0,0,1,0,0
popt1235,Popti',Mayan,34.0,,1,,,vulnerable,2,14185.7812248529,10167.903469618976,83.12233799,71.67186960000001,79.7538805976118,67.85429166254406,2.16241273582344,1.6875563805675702,0,0,0,0,0,0,0,0,1,0,0
west2635,Akateko,Mayan,34.0,,2,,,threatened,2,14185.7812248529,10167.903469618976,83.12233799,71.67186960000001,79.7538805976118,67.85429166254406,2.16241273582344,1.6875563805675702,0,0,0,1,0,0,0,0,1,0,0
qanj1241,Q'anjob'al,Mayan,34.0,,1,,,vulnerable,1,6150.02571438505,6150.02571438505,60.22140121,60.22140121,55.9547027274763,55.9547027274763,2.16241273582344,2.16241273582344,0,0,0,0,0,0,0,0,1,0,0
kekc1242,Q'eqchi',Mayan,34.0,,1,,1,vulnerable,3,7681.24400583113,6470.30980395549,80.00582262,68.90164103666667,75.0674905102199,57.591801323839526,2.16241273582344,1.4028289551197297,0,0,0,0,0,0,0,0,1,0,0
uspa1245,Uspanteco,Mayan,34.0,,2,,,threatened,1,6150.02571438505,6150.02571438505,60.22140121,60.22140121,55.9547027274763,55.9547027274763,2.16241273582344,2.16241273582344,0,0,0,0,0,0,0,0,1,0,0
sipa1247,Sipacapense,Mayan,34.0,,2,,,threatened,1,6150.02571438505,6150.02571438505,60.22140121,60.22140121,55.9547027274763,55.9547027274763,2.16241273582344,2.16241273582344,0,0,0,0,0,0,0,0,1,0,0
saca1238,Sacapulteco,Mayan,34.0,,2,,,threatened,1,6150.02571438505,6150.02571438505,60.22140121,60.22140121,55.9547027274763,55.9547027274763,2.16241273582344,2.16241273582344,0,0,0,0,0,0,0,0,1,0,0
tzut1248,Tz'utujil,Mayan,34.0,,1,,,vulnerable,1,6150.02571438505,6150.02571438505,60.22140121,60.22140121,55.9547027274763,55.9547027274763,2.16241273582344,2.16241273582344,0,0,0,0,0,0,0,0,1,0,0
kaqc1270,Kaqchikel,Mayan,34.0,,1,,,vulnerable,1,6150.02571438505,6150.02571438505,60.22140121,60.22140121,55.9547027274763,55.9547027274763,2.16241273582344,2.16241273582344,0,0,0,0,0,0,0,0,1,0,0
kich1262,K'iche',Mayan,34.0,,1,,,vulnerable,2,14185.7812248529,10167.903469618976,83.12233799,71.67186960000001,79.7538805976118,67.85429166254406,2.16241273582344,1.6875563805675702,0,0,0,0,0,0,0,0,1,0,0
achi1256,Achi,Mayan,34.0,,1,,,vulnerable,1,6150.02571438505,6150.02571438505,60.22140121,60.22140121,55.9547027274763,55.9547027274763,2.16241273582344,2.16241273582344,0,0,0,0,0,0,0,0,1,0,0
poqo1253,Poqomam,Mayan,34.0,,2,,,threatened,2,6150.02571438505,5864.84270301767,66.47769928,63.349550245,75.0674905102199,65.5110966188481,2.16241273582344,1.6140250406161851,0,0,0,0,0,0,0,0,1,0,0
poqo1254,Poqomchi',Mayan,34.0,,1,,,vulnerable,1,6150.02571438505,6150.02571438505,60.22140121,60.22140121,55.9547027274763,55.9547027274763,2.16241273582344,2.16241273582344,0,0,0,0,0,0,0,0,1,0,0
tekt1235,Tektiteko,Mayan,34.0,,2,,,threatened,2,14185.7812248529,10167.903469618976,83.12233799,71.67186960000001,79.7538805976118,67.85429166254406,2.16241273582344,1.6875563805675702,0,0,0,0,0,0,0,0,1,0,0
mamm1241,Mam,Mayan,34.0,,1,,,vulnerable,2,14185.7812248529,10167.903469618976,83.12233799,71.67186960000001,79.7538805976118,67.85429166254406,2.16241273582344,1.6875563805675702,0,0,0,0,0,0,0,0,1,0,0
agua1252,Aguacateco,Mayan,34.0,,1,,,vulnerable,1,6150.02571438505,6150.02571438505,60.22140121,60.22140121,55.9547027274763,55.9547027274763,2.16241273582344,2.16241273582344,0,0,0,0,0,0,0,0,1,0,0
ixil1251,Ixil,Mayan,34.0,,1,,,vulnerable,1,6150.02571438505,6150.02571438505,60.22140121,60.22140121,55.9547027274763,55.9547027274763,2.16241273582344,2.16241273582344,0,0,0,0,0,0,0,0,1,0,0
bamb1262,Bambassi,Blue Nile Mao,4.0,,2,,,threatened,1,1133.88279681719,1133.88279681719,21.94129944,21.94129944,23.6222839355469,23.6222839355469,4.99846973014755,4.99846973014755,0,0,0,0,0,1,0,0,0,0,0
ganz1246,Ganza,Blue Nile Mao,4.0,,2,,,threatened,2,1133.88279681719,1059.2452314164075,21.94129944,20.270649910000003,34.8673015510839,29.2447927433154,4.99846973014755,3.005763122005195,0,0,0,0,0,1,0,0,0,0,0
seze1235,Seze,Blue Nile Mao,4.0,,2,,,threatened,1,1133.88279681719,1133.88279681719,21.94129944,21.94129944,23.6222839355469,23.6222839355469,4.99846973014755,4.99846973014755,0,0,0,0,0,1,0,0,0,0,0
hozo1236,Hozo,Blue Nile Mao,4.0,,2,,,threatened,1,1133.88279681719,1133.88279681719,21.94129944,21.94129944,23.6222839355469,23.6222839355469,4.99846973014755,4.99846973014755,0,0,0,0,0,1,0,0,0,0,0
erzy1239,Erzya,Uralic,49.0,3,0,,1,threatened,8,31428.3547816104,16782.008294842046,94.36495368,91.12997979000001,79.1551015210848,69.05694445365798,1.79385431962336,0.38523421828529164,0,1,0,0,0,0,0,1,0,0,0
moks1248,Moksha,Uralic,49.0,,0,,,at risk,1,14889.0185546875,14889.0185546875,94.36495368,94.36495368,75.1119136177067,75.1119136177067,-0.0283196242809465,-0.0283196242809465,0,1,0,0,0,0,0,1,0,0,0
sout2679,South Estonian,Uralic,49.0,1,1,,3,threatened,1,31428.3547816104,31428.3547816104,92.23796204,92.23796204,70.6981161541961,70.6981161541961,0.179708470932798,0.179708470932798,0,0,0,0,0,0,0,1,0,0,0
livv1244,Liv,Uralic,49.0,,,,,awakening,1,23409.0845154775,23409.0845154775,92.70757011,92.70757011,68.4839492628509,68.4839492628509,-0.754815284233007,-0.754815284233007,0,0,0,0,0,0,0,1,0,0,0
voti1245,Votic,Uralic,49.0,,5,5,5,critically endangered,1,14889.0185546875,14889.0185546875,94.36495368,94.36495368,75.1119136177067,75.1119136177067,-0.0283196242809465,-0.0283196242809465,0,0,0,0,0,0,0,1,0,0,0
torn1244,Meänkieli,Uralic,49.0,2,1,3,3,endangered,2,57117.4877440616,55133.62746873335,95.52930428,94.62667812000001,88.8559748346228,81.5598469404932,0.989943309479656,0.778322144719972,0,0,0,1,0,0,0,1,0,0,0
kven1236,Kven Finnish,Uralic,49.0,2,2,4,4,severely endangered,3,86785.4334489176,51608.07306567007,99.0,95.69633521333333,83.3293737928469,77.56833548563907,1.25936531988579,0.7403296683614998,0,1,0,1,0,0,0,1,0,0,0
kare1335,Karelian,Uralic,49.0,,1,,2,threatened,2,53149.7671934051,34019.3928740463,94.36495368,94.04450281999999,75.1119136177067,74.68781633203515,0.989943309479656,0.4808118425993548,0,1,0,0,0,0,0,1,0,0,0
ingr1248,Ingrian,Uralic,49.0,,3,5,4,severely endangered,2,31428.3547816104,23158.68666814895,94.36495368,93.30145786,75.1119136177067,72.9050148859514,0.179708470932798,0.07569442332592574,0,1,0,0,0,0,0,1,0,0,0
ludi1246,Ludian,Uralic,49.0,,3,,5,critically endangered,1,14889.0185546875,14889.0185546875,94.36495368,94.36495368,75.1119136177067,75.1119136177067,-0.0283196242809465,-0.0283196242809465,0,1,0,0,0,0,0,1,0,0,0
livv1243,Livvi,Uralic,49.0,4,1,,2,endangered,2,53149.7671934051,34019.3928740463,94.36495368,94.04450281999999,75.1119136177067,74.68781633203515,0.989943309479656,0.4808118425993548,0,0,0,0,0,0,0,1,0,0,0
veps1250,Veps,Uralic,49.0,5,2,4,4,severely endangered,1,14889.0185546875,14889.0185546875,94.36495368,94.36495368,75.1119136177067,75.1119136177067,-0.0283196242809465,-0.0283196242809465,0,1,0,0,0,0,0,1,0,0,0
ters1235,Ter Saami,Uralic,49.0,5,4,,3,severely endangered,1,14889.0185546875,14889.0185546875,94.36495368,94.36495368,75.1119136177067,75.1119136177067,-0.0283196242809465,-0.0283196242809465,0,0,0,0,0,0,0,1,0,0,0
kild1236,Kildin Saami,Uralic,49.0,4,3,4,,severely endangered,1,14889.0185546875,14889.0185546875,94.36495368,94.36495368,75.1119136177067,75.1119136177067,-0.0283196242809465,-0.0283196242809465,0,0,0,0,0,0,0,1,0,0,0
akka1237,Akkala Saami,Uralic,49.0,,5,,5,critically endangered,1,14889.0185546875,14889.0185546875,94.36495368,94.36495368,75.1119136177067,75.1119136177067,-0.0283196242809465,-0.0283196242809465,0,0,0,0,0,0,0,1,0,0,0
inar1241,Inari Saami,Uralic,49.0,3,3,0,3,endangered,2,86785.4334489176,69967.60032116136,99.0,96.36202598,83.3293737928469,78.79654641960525,1.25936531988579,1.124654314682723,0,0,0,0,0,0,0,1,0,0,0
skol1241,Skolt Saami,Uralic,49.0,,3,5,5,critically endangered,3,86785.4334489176,51608.07306567007,99.0,95.69633521333333,83.3293737928469,77.56833548563907,1.25936531988579,0.7403296683614998,0,0,0,0,0,0,0,1,0,0,0
nort2671,North Saami,Uralic,49.0,4,1,2,1,threatened,4,86785.4334489176,52985.426735267945,99.0,95.65457748,88.8559748346228,80.390245322885,1.25936531988579,0.6969224962611968,1,1,0,1,0,0,0,1,0,0,0
lule1254,Lule Saami,Uralic,49.0,,2,3,2,endangered,2,86785.4334489176,71951.4605964896,99.0,97.26465214000001,88.8559748346228,86.09267431373485,1.25936531988579,0.913033149923039,0,0,0,0,0,0,0,1,0,0,0
pite1240,Pite Saami,Uralic,49.0,3,4,5,5,critically endangered,2,86785.4334489176,71951.4605964896,99.0,97.26465214000001,88.8559748346228,86.09267431373485,1.25936531988579,0.913033149923039,0,0,0,0,0,0,0,1,0,0,0
sout2674,South Saami,Uralic,49.0,,3,,,endangered,2,86785.4334489176,71951.4605964896,99.0,97.26465214000001,88.8559748346228,86.09267431373485,1.25936531988579,0.913033149923039,0,0,0,0,0,0,0,1,0,0,0
umes1235,Ume Saami,Uralic,49.0,5,4,5,5,critically endangered,1,57117.4877440616,57117.4877440616,95.52930428,95.52930428,88.8559748346228,88.8559748346228,0.566700979960288,0.566700979960288,0,0,0,0,0,0,0,1,0,0,0
sout3226,Southern Khanty,Uralic,49.0,,,,,dormant,1,14889.0185546875,14889.0185546875,94.36495368,94.36495368,75.1119136177067,75.1119136177067,-0.0283196242809465,-0.0283196242809465,0,0,0,0,0,0,0,1,0,0,0
sout3253,Southern Mansi,Uralic,49.0,,,,,dormant,1,14889.0185546875,14889.0185546875,94.36495368,94.36495368,75.1119136177067,75.1119136177067,-0.0283196242809465,-0.0283196242809465,0,0,0,0,0,0,0,1,0,0,0
mans1258,Northern Mansi,Uralic,49.0,,2,4,3,endangered,1,14889.0185546875,14889.0185546875,94.36495368,94.36495368,75.1119136177067,75.1119136177067,-0.0283196242809465,-0.0283196242809465,0,0,0,0,0,0,0,1,0,0,0
cent2322,Central Mansi,Uralic,49.0,,3,4,4,severely endangered,1,14889.0185546875,14889.0185546875,94.36495368,94.36495368,75.1119136177067,75.1119136177067,-0.0283196242809465,-0.0283196242809465,0,0,0,0,0,0,0,1,0,0,0
ngan1291,Nganasan,Uralic,49.0,,3,4,4,severely endangered,1,14889.0185546875,14889.0185546875,94.36495368,94.36495368,75.1119136177067,75.1119136177067,-0.0283196242809465,-0.0283196242809465,0,0,0,0,0,0,0,1,0,0,0
nene1249,Tundra Nenets,Uralic,49.0,3,1,3,,endangered,1,14889.0185546875,14889.0185546875,94.36495368,94.36495368,75.1119136177067,75.1119136177067,-0.0283196242809465,-0.0283196242809465,0,0,0,0,0,0,0,1,0,0,0
fore1274,Forest Nenets,Uralic,49.0,,2,,3,endangered,1,14889.0185546875,14889.0185546875,94.36495368,94.36495368,75.1119136177067,75.1119136177067,-0.0283196242809465,-0.0283196242809465,0,0,0,0,0,0,0,1,0,0,0
fore1265,Forest Enets,Uralic,49.0,,4,,,severely endangered,1,14889.0185546875,14889.0185546875,94.36495368,94.36495368,75.1119136177067,75.1119136177067,-0.0283196242809465,-0.0283196242809465,0,0,0,0,0,0,0,1,0,0,0
tund1254,Tundra Enets,Uralic,49.0,5,4,5,5,critically endangered,1,14889.0185546875,14889.0185546875,94.36495368,94.36495368,75.1119136177067,75.1119136177067,-0.0283196242809465,-0.0283196242809465,0,0,0,0,0,0,0,1,0,0,0
kama1351,Kamas-Koibal,Uralic,49.0,,,,,dormant,1,14889.0185546875,14889.0185546875,94.36495368,94.36495368,75.1119136177067,75.1119136177067,-0.0283196242809465,-0.0283196242809465,0,0,0,0,0,0,0,1,0,0,0
udmu1245,Udmurt,Uralic,49.0,1,1,3,,threatened,2,14889.0185546875,14521.82552524755,94.36495368,93.87831311,75.1119136177067,68.59222260093435,1.79385431962336,0.8827673476712068,0,1,0,0,0,0,0,1,0,0,0
komi1277,Komi-Yazva,Uralic,49.0,4,3,5,5,critically endangered,1,14889.0185546875,14889.0185546875,94.36495368,94.36495368,75.1119136177067,75.1119136177067,-0.0283196242809465,-0.0283196242809465,0,0,0,0,0,0,0,1,0,0,0
komi1269,Komi-Permyak,Uralic,49.0,,0,,1,vulnerable,1,14889.0185546875,14889.0185546875,94.36495368,94.36495368,75.1119136177067,75.1119136177067,-0.0283196242809465,-0.0283196242809465,0,1,0,0,0,0,0,1,0,0,0
west2392,Western Mari,Uralic,49.0,,1,,,vulnerable,1,14889.0185546875,14889.0185546875,94.36495368,94.36495368,75.1119136177067,75.1119136177067,-0.0283196242809465,-0.0283196242809465,0,0,0,0,0,0,0,1,0,0,0
east2328,Eastern Mari,Uralic,49.0,,0,,1,vulnerable,2,14889.0185546875,14521.82552524755,94.36495368,93.87831311,75.1119136177067,68.59222260093435,1.79385431962336,0.8827673476712068,0,0,0,0,0,0,0,1,0,0,0
huic1243,Huichol,Uto-Aztecan,69.0,,1,,,vulnerable,1,14185.7812248529,14185.7812248529,83.12233799,83.12233799,79.7538805976118,79.7538805976118,1.2127000253117,1.2127000253117,0,0,0,0,0,0,0,0,1,0,0
high1278,Highland Puebla Nahuatl,Uto-Aztecan,69.0,,0,,,at risk,1,14185.7812248529,14185.7812248529,83.12233799,83.12233799,79.7538805976118,79.7538805976118,1.2127000253117,1.2127000253117,0,0,0,0,0,0,0,0,1,0,0
pipi1250,Pipil,Uto-Aztecan,69.0,5,4,5,5,critically endangered,1,5579.65969165029,5579.65969165029,66.47769928,66.47769928,75.0674905102199,75.0674905102199,1.06563734540893,1.06563734540893,0,0,0,0,0,0,0,0,1,0,0
west2624,Western Huasteca Nahuatl,Uto-Aztecan,69.0,,0,,,at risk,1,14185.7812248529,14185.7812248529,83.12233799,83.12233799,79.7538805976118,79.7538805976118,1.2127000253117,1.2127000253117,0,0,0,0,0,0,0,0,1,0,0
opat1246,Teguima,Uto-Aztecan,69.0,,,,,dormant,1,14185.7812248529,14185.7812248529,83.12233799,83.12233799,79.7538805976118,79.7538805976118,1.2127000253117,1.2127000253117,0,0,0,0,0,0,0,0,1,0,0
eude1234,Eudeve,Uto-Aztecan,69.0,,,,,dormant,1,14185.7812248529,14185.7812248529,83.12233799,83.12233799,79.7538805976118,79.7538805976118,1.2127000253117,1.2127000253117,0,0,0,0,0,0,0,0,1,0,0
pima1248,Pima Bajo,Uto-Aztecan,69.0,,3,,,endangered,1,14185.7812248529,14185.7812248529,83.12233799,83.12233799,79.7538805976118,79.7538805976118,1.2127000253117,1.2127000253117,0,0,0,0,0,0,0,0,1,0,0
toho1245,Tohono O'odham,Uto-Aztecan,69.0,,1,1,1,vulnerable,2,84534.0407841548,49359.911004503854,94.69380188,88.908069935,80.1247798047184,79.93933020116509,1.2127000253117,1.12778174669527,0,0,0,0,0,0,0,0,1,0,0
nort2959,Northern Tepehuan,Uto-Aztecan,69.0,,2,,,threatened,1,14185.7812248529,14185.7812248529,83.12233799,83.12233799,79.7538805976118,79.7538805976118,1.2127000253117,1.2127000253117,0,0,0,0,0,0,0,0,1,0,0
yaqu1251,Yaqui,Uto-Aztecan,69.0,,1,,1,vulnerable,2,84534.0407841548,49359.911004503854,94.69380188,88.908069935,80.1247798047184,79.93933020116509,1.2127000253117,1.12778174669527,0,0,0,0,0,0,0,0,1,0,0
mayo1264,Mayo,Uto-Aztecan,69.0,,1,,,vulnerable,1,14185.7812248529,14185.7812248529,83.12233799,83.12233799,79.7538805976118,79.7538805976118,1.2127000253117,1.2127000253117,0,0,0,0,0,0,0,0,1,0,0
huar1255,Huarijio,Uto-Aztecan,69.0,,2,,,threatened,1,14185.7812248529,14185.7812248529,83.12233799,83.12233799,79.7538805976118,79.7538805976118,1.2127000253117,1.2127000253117,0,0,0,0,0,0,0,0,1,0,0
hopi1249,Hopi,Uto-Aztecan,69.0,,2,,,threatened,1,84534.0407841548,84534.0407841548,94.69380188,94.69380188,80.1247798047184,80.1247798047184,1.04286346807884,1.04286346807884,0,0,0,0,0,0,0,0,1,0,0
tuba1278,Tübatulabal,Uto-Aztecan,69.0,,5,5,5,critically endangered,1,84534.0407841548,84534.0407841548,94.69380188,94.69380188,80.1247798047184,80.1247798047184,1.04286346807884,1.04286346807884,0,0,0,0,0,0,0,0,1,0,0
serr1255,Serrano,Uto-Aztecan,69.0,,,,,awakening,1,84534.0407841548,84534.0407841548,94.69380188,94.69380188,80.1247798047184,80.1247798047184,1.04286346807884,1.04286346807884,0,0,0,0,0,0,0,0,1,0,0
luis1253,Luiseno-Juaneño,Uto-Aztecan,69.0,,,,,awakening,1,84534.0407841548,84534.0407841548,94.69380188,94.69380188,80.1247798047184,80.1247798047184,1.04286346807884,1.04286346807884,0,0,0,0,0,0,0,0,1,0,0
cahu1264,Cahuilla,Uto-Aztecan,69.0,5,4,5,5,severely endangered,1,84534.0407841548,84534.0407841548,94.69380188,94.69380188,80.1247798047184,80.1247798047184,1.04286346807884,1.04286346807884,0,0,0,0,0,0,0,0,1,0,0
cupe1243,Cupeño,Uto-Aztecan,69.0,,,,,awakening,1,84534.0407841548,84534.0407841548,94.69380188,94.69380188,80.1247798047184,80.1247798047184,1.04286346807884,1.04286346807884,0,0,0,0,0,0,0,0,1,0,0
utes1238,Ute-Southern Paiute,Uto-Aztecan,69.0,,2,4,3,endangered,1,84534.0407841548,84534.0407841548,94.69380188,94.69380188,80.1247798047184,80.1247798047184,1.04286346807884,1.04286346807884,0,0,0,0,0,0,0,0,1,0,0
kawa1283,Kawaiisu,Uto-Aztecan,69.0,,5,5,5,critically endangered,1,84534.0407841548,84534.0407841548,94.69380188,94.69380188,80.1247798047184,80.1247798047184,1.04286346807884,1.04286346807884,0,0,0,0,0,0,0,0,1,0,0
coma1245,Comanche,Uto-Aztecan,69.0,,4,,,severely endangered,1,84534.0407841548,84534.0407841548,94.69380188,94.69380188,80.1247798047184,80.1247798047184,1.04286346807884,1.04286346807884,0,0,0,0,0,0,0,0,1,0,0
shos1248,Shoshoni,Uto-Aztecan,69.0,,2,,3,endangered,1,84534.0407841548,84534.0407841548,94.69380188,94.69380188,80.1247798047184,80.1247798047184,1.04286346807884,1.04286346807884,0,0,0,0,0,0,0,0,1,0,0
pana1305,Panamint,Uto-Aztecan,69.0,,4,,,severely endangered,1,84534.0407841548,84534.0407841548,94.69380188,94.69380188,80.1247798047184,80.1247798047184,1.04286346807884,1.04286346807884,0,0,0,0,0,0,0,0,1,0,0
mono1275,Mono (USA),Uto-Aztecan,69.0,,4,5,5,critically endangered,1,84534.0407841548,84534.0407841548,94.69380188,94.69380188,80.1247798047184,80.1247798047184,1.04286346807884,1.04286346807884,0,0,0,0,0,0,0,0,1,0,0
nort2954,Northern Paiute,Uto-Aztecan,69.0,,3,5,5,critically endangered,1,84534.0407841548,84534.0407841548,94.69380188,94.69380188,80.1247798047184,80.1247798047184,1.04286346807884,1.04286346807884,1,1,0,0,0,0,0,0,1,0,0
akaa1242,Aka,Eastern Jebel,4.0,,3,,,endangered,1,984.607666015625,984.607666015625,18.60000038,18.60000038,34.8673015510839,34.8673015510839,1.01305651386284,1.01305651386284,0,0,0,0,0,1,0,0,0,0,0
molo1257,Molo,Eastern Jebel,4.0,,3,,,endangered,1,984.607666015625,984.607666015625,18.60000038,18.60000038,34.8673015510839,34.8673015510839,1.01305651386284,1.01305651386284,0,0,0,0,0,1,0,0,0,0,0
kelo1246,Kelo,Eastern Jebel,4.0,,3,,,endangered,2,1080.14718624765,1032.3774261316375,18.60000038,12.635500192,34.8673015510839,28.12206029778725,5.35572566859027,3.184391091226555,0,0,0,0,0,1,0,0,0,0,0
tima1241,Tima,Katla-Tima,3.0,,2,,,threatened,1,984.607666015625,984.607666015625,18.60000038,18.60000038,34.8673015510839,34.8673015510839,1.01305651386284,1.01305651386284,0,0,0,0,0,1,0,0,0,0,0
katl1237,Katla,Katla-Tima,3.0,,1,,,vulnerable,1,984.607666015625,984.607666015625,18.60000038,18.60000038,34.8673015510839,34.8673015510839,1.01305651386284,1.01305651386284,0,0,0,0,0,1,0,0,0,0,0
mapu1245,Mapudungun,Araucanian,2.0,,0,4,,threatened,2,16709.8893972307,15339.8365288022,95.590243,92.62869764,92.2742315972952,90.6346612226074,0.739019575786262,0.58564045893309,0,0,0,0,0,0,0,0,0,0,1
huil1244,Huilliche,Araucanian,2.0,5,2,,,severely endangered,2,16709.8893972307,15339.8365288022,95.590243,92.62869764,92.2742315972952,90.6346612226074,0.739019575786262,0.58564045893309,0,0,0,0,0,0,0,0,0,0,1
bats1242,Bats,Nakh-Daghestanian,36.0,4,3,,3,severely endangered,1,9241.49122313713,9241.49122313713,83.79855689,83.79855689,61.0789605093733,61.0789605093733,0.106666251709168,0.106666251709168,0,0,0,0,0,0,0,1,0,0,0
khin1240,Khinalug,Nakh-Daghestanian,36.0,,2,1,1,threatened,1,7283.8499076179,7283.8499076179,90.43979645,90.43979645,58.573795837717,58.573795837717,0.593338193383289,0.593338193383289,0,0,0,0,0,0,0,1,0,0,0
arch1244,Archi,Nakh-Daghestanian,36.0,,2,,,threatened,1,14889.0185546875,14889.0185546875,94.36495368,94.36495368,75.1119136177067,75.1119136177067,-0.0283196242809465,-0.0283196242809465,0,0,0,0,0,0,0,1,0,0,0
udii1243,Udi,Nakh-Daghestanian,36.0,4,2,3,3,endangered,3,14889.0185546875,10471.453228480843,94.36495368,89.53443567333333,75.1119136177067,64.92155665493233,0.593338193383289,0.2238949402705035,0,0,0,0,0,0,0,1,0,0,0
taba1259,Tabasaran,Nakh-Daghestanian,36.0,,1,,,vulnerable,3,14889.0185546875,12109.166986037666,94.36495368,92.73214089,75.1119136177067,65.25274701319523,1.79385431962336,0.7862909629085676,0,0,0,0,0,0,0,1,0,0,0
aghu1253,Aghul,Nakh-Daghestanian,36.0,3,1,,,threatened,2,14889.0185546875,11086.4342311527,94.36495368,92.402375065,75.1119136177067,66.84285472771185,0.593338193383289,0.28250928455117125,0,0,0,0,0,0,0,1,0,0,0
kryt1240,Kryz,Nakh-Daghestanian,36.0,,2,3,2,endangered,1,7283.8499076179,7283.8499076179,90.43979645,90.43979645,58.573795837717,58.573795837717,0.593338193383289,0.593338193383289,0,0,0,0,0,0,0,1,0,0,0
budu1248,Budukh,Nakh-Daghestanian,36.0,4,2,,1,threatened,1,7283.8499076179,7283.8499076179,90.43979645,90.43979645,58.573795837717,58.573795837717,0.593338193383289,0.593338193383289,0,0,0,0,0,0,0,1,0,0,0
rutu1240,Rutul,Nakh-Daghestanian,36.0,,1,,1,vulnerable,2,14889.0185546875,11086.4342311527,94.36495368,92.402375065,75.1119136177067,66.84285472771185,0.593338193383289,0.28250928455117125,0,0,0,0,0,0,0,1,0,0,0
tsak1249,Tsakhur,Nakh-Daghestanian,36.0,,1,1,1,vulnerable,2,14889.0185546875,11086.4342311527,94.36495368,92.402375065,75.1119136177067,66.84285472771185,0.593338193383289,0.28250928455117125,0,1,0,0,0,0,0,1,0,0,0
hunz1247,Hunzib,Nakh-Daghestanian,36.0,,3,,3,endangered,2,14889.0185546875,12065.254888912315,94.36495368,89.081755285,75.1119136177067,68.09543706354,0.106666251709168,0.03917331371411075,0,0,0,0,0,0,0,1,0,0,0
bezh1248,Bezhta,Nakh-Daghestanian,36.0,,2,,,threatened,2,14889.0185546875,12065.254888912315,94.36495368,89.081755285,75.1119136177067,68.09543706354,0.106666251709168,0.03917331371411075,0,0,0,0,0,0,0,1,0,0,0
khva1239,Khwarshi-Inkhoqwari,Nakh-Daghestanian,36.0,,3,,1,threatened,1,14889.0185546875,14889.0185546875,94.36495368,94.36495368,75.1119136177067,75.1119136177067,-0.0283196242809465,-0.0283196242809465,0,0,0,0,0,0,0,1,0,0,0
dido1241,Tsez,Nakh-Daghestanian,36.0,,2,,,threatened,2,14889.0185546875,12065.254888912315,94.36495368,89.081755285,75.1119136177067,68.09543706354,0.106666251709168,0.03917331371411075,0,0,0,0,0,0,0,1,0,0,0
hinu1240,Hinuq,Nakh-Daghestanian,36.0,,3,,,endangered,1,14889.0185546875,14889.0185546875,94.36495368,94.36495368,75.1119136177067,75.1119136177067,-0.0283196242809465,-0.0283196242809465,0,0,0,0,0,0,0,1,0,0,0
kara1474,Karata-Tukita,Nakh-Daghestanian,36.0,,2,,,threatened,1,14889.0185546875,14889.0185546875,94.36495368,94.36495368,75.1119136177067,75.1119136177067,-0.0283196242809465,-0.0283196242809465,0,0,0,0,0,0,0,1,0,0,0
cham1309,Chamalal,Nakh-Daghestanian,36.0,2,2,1,1,threatened,1,14889.0185546875,14889.0185546875,94.36495368,94.36495368,75.1119136177067,75.1119136177067,-0.0283196242809465,-0.0283196242809465,0,0,0,0,0,0,0,1,0,0,0
andi1255,Andi,Nakh-Daghestanian,36.0,,1,,1,vulnerable,1,14889.0185546875,14889.0185546875,94.36495368,94.36495368,75.1119136177067,75.1119136177067,-0.0283196242809465,-0.0283196242809465,0,0,0,0,0,0,0,1,0,0,0
akhv1239,Northern Akhvakh,Nakh-Daghestanian,36.0,,2,,1,threatened,1,14889.0185546875,14889.0185546875,94.36495368,94.36495368,75.1119136177067,75.1119136177067,-0.0283196242809465,-0.0283196242809465,0,0,0,0,0,0,0,1,0,0,0
ghod1238,Godoberi,Nakh-Daghestanian,36.0,3,2,,2,endangered,1,14889.0185546875,14889.0185546875,94.36495368,94.36495368,75.1119136177067,75.1119136177067,-0.0283196242809465,-0.0283196242809465,0,0,0,0,0,0,0,1,0,0,0
botl1242,Botlikh,Nakh-Daghestanian,36.0,3,2,2,0,threatened,1,14889.0185546875,14889.0185546875,94.36495368,94.36495368,75.1119136177067,75.1119136177067,-0.0283196242809465,-0.0283196242809465,0,0,0,0,0,0,0,1,0,0,0
tind1238,Tindi,Nakh-Daghestanian,36.0,,2,,,threatened,1,14889.0185546875,14889.0185546875,94.36495368,94.36495368,75.1119136177067,75.1119136177067,-0.0283196242809465,-0.0283196242809465,0,0,0,0,0,0,0,1,0,0,0
bagv1239,Bagvalal,Nakh-Daghestanian,36.0,,2,,,threatened,1,14889.0185546875,14889.0185546875,94.36495368,94.36495368,75.1119136177067,75.1119136177067,-0.0283196242809465,-0.0283196242809465,0,0,0,0,0,0,0,1,0,0,0
apal1257,Apalaí,Cariban,42.0,,3,,,endangered,1,10310.5488778166,10310.5488778166,84.46347227,84.46347227,87.8958549533146,87.8958549533146,0.724401697459186,0.724401697459186,0,0,0,0,0,0,0,0,0,0,1
japr1238,Japrería,Cariban,42.0,3,4,,,severely endangered,1,4217.59102643391,4217.59102643391,76.67890167,76.67890167,89.285859883201,89.285859883201,0.409818406418075,0.409818406418075,0,0,0,0,0,0,0,0,0,0,1
yukp1241,Yukpa,Cariban,42.0,,1,,,vulnerable,2,7919.20886825345,6068.39994734368,79.34543299,78.01216733000001,89.285859883201,83.90347053490625,1.3876355674663,0.8987269869421874,0,0,0,0,0,0,0,0,0,0,1
gali1262,Galibi Carib,Cariban,42.0,,2,,,threatened,5,29675.2443873316,12791.293462799342,87.4,82.8857937575,89.285859883201,67.35590463629028,0.889793534914993,0.6606481299157755,0,0,0,0,0,0,0,0,0,0,1
cari1279,Carijona,Cariban,42.0,,5,5,5,critically endangered,1,7919.20886825345,7919.20886825345,79.34543299,79.34543299,78.5210811866115,78.5210811866115,1.3876355674663,1.3876355674663,0,0,0,0,0,0,0,0,0,0,1
trio1238,Trió,Cariban,42.0,,2,,,threatened,2,10310.5488778166,8636.16921871593,87.4,85.931736135,87.8958549533146,76.83002033670155,0.889793534914993,0.8070976161870895,0,0,0,0,0,0,0,0,0,0,1
akur1238,Akurio,Cariban,42.0,,4,,,critically endangered,1,6961.78955961526,6961.78955961526,87.4,87.4,65.7641857200885,65.7641857200885,0.889793534914993,0.889793534914993,0,0,0,0,0,0,0,0,0,0,1
maqu1238,Ye'kwana,Cariban,42.0,,2,,,threatened,2,10310.5488778166,7264.069952125255,84.46347227,80.57118697,89.285859883201,88.5908574182578,0.724401697459186,0.5671100519386305,0,0,0,0,0,0,0,0,0,0,1
waya1269,Wayana,Cariban,42.0,,2,,,threatened,3,10310.5488778166,8636.16921871593,87.4,85.931736135,87.8958549533146,76.83002033670155,0.889793534914993,0.8070976161870895,0,0,0,0,0,0,0,0,0,0,1
kaxu1237,Kaxuiâna,Cariban,42.0,,3,5,4,severely endangered,1,10310.5488778166,10310.5488778166,84.46347227,84.46347227,87.8958549533146,87.8958549533146,0.724401697459186,0.724401697459186,0,0,0,0,0,0,0,0,0,0,1
waiw1244,Waiwai,Cariban,42.0,,2,,,threatened,2,29675.2443873316,19992.8966325741,84.46347227,83.73213668,87.8958549533146,57.1867864709358,0.724401697459186,0.671490289165017,0,0,0,0,0,0,0,0,0,0,1
hixk1239,Hixkaryána,Cariban,42.0,,3,,,endangered,1,10310.5488778166,10310.5488778166,84.46347227,84.46347227,87.8958549533146,87.8958549533146,0.724401697459186,0.724401697459186,0,0,0,0,0,0,0,0,0,0,1
enap1235,Panare,Cariban,42.0,1,2,1,0,vulnerable,1,4217.59102643391,4217.59102643391,76.67890167,76.67890167,89.285859883201,89.285859883201,0.409818406418075,0.409818406418075,0,0,0,0,0,0,0,0,0,0,1
macu1259,Macushi,Cariban,42.0,,2,,,threatened,3,29675.2443873316,14734.46143052737,84.46347227,81.38105834333334,89.285859883201,67.88647760835754,0.724401697459186,0.5842663282493697,0,0,0,0,0,0,0,0,0,0,1
pemo1248,Pemon,Cariban,42.0,,1,,,vulnerable,3,29675.2443873316,14734.46143052737,84.46347227,81.38105834333334,89.285859883201,67.88647760835754,0.724401697459186,0.5842663282493697,0,0,0,0,0,0,0,0,0,0,1
mapo1246,Mapoyo,Cariban,42.0,4,5,5,5,critically endangered,2,7919.20886825345,6068.39994734368,79.34543299,78.01216733000001,89.285859883201,83.90347053490625,1.3876355674663,0.8987269869421874,0,0,0,0,0,0,0,0,0,0,1
yaba1248,Yabarana,Cariban,42.0,4,4,5,5,critically endangered,1,4217.59102643391,4217.59102643391,76.67890167,76.67890167,89.285859883201,89.285859883201,0.409818406418075,0.409818406418075,0,0,0,0,0,0,0,0,0,0,1
waim1253,Waimiri-Atroari,Cariban,42.0,,2,,,threatened,1,10310.5488778166,10310.5488778166,84.46347227,84.46347227,87.8958549533146,87.8958549533146,0.724401697459186,0.724401697459186,0,0,0,0,0,0,0,0,0,0,1
baka1277,Bakairí,Cariban,42.0,,3,,,endangered,1,10310.5488778166,10310.5488778166,84.46347227,84.46347227,87.8958549533146,87.8958549533146,0.724401697459186,0.724401697459186,0,0,0,0,0,0,0,0,0,0,1
ikpe1245,Ikpeng,Cariban,42.0,,3,,,endangered,1,10310.5488778166,10310.5488778166,84.46347227,84.46347227,87.8958549533146,87.8958549533146,0.724401697459186,0.724401697459186,0,0,0,0,0,0,0,0,0,0,1
yawi1238,Yawiyo,Walioic,4.0,,4,,,severely endangered,1,3006.70564478923,3006.70564478923,18.81159973,18.81159973,15.4061816403333,15.4061816403333,4.06785501758394,4.06785501758394,0,0,0,0,0,0,0,0,0,1,0
tuwa1242,Tuwari,Walioic,4.0,,4,,,severely endangered,1,3006.70564478923,3006.70564478923,18.81159973,18.81159973,15.4061816403333,15.4061816403333,4.06785501758394,4.06785501758394,0,0,0,0,0,0,0,0,0,1,0
peii1238,Pei,Walioic,4.0,,4,,,severely endangered,1,3006.70564478923,3006.70564478923,18.81159973,18.81159973,15.4061816403333,15.4061816403333,4.06785501758394,4.06785501758394,0,0,0,0,0,0,0,0,0,1,0
nucl1453,Walio,Walioic,4.0,,3,,,endangered,1,3006.70564478923,3006.70564478923,18.81159973,18.81159973,15.4061816403333,15.4061816403333,4.06785501758394,4.06785501758394,0,0,0,0,0,0,0,0,0,1,0
aime1238,Aimele,Bosavi,7.0,,3,,,endangered,1,3006.70564478923,3006.70564478923,18.81159973,18.81159973,15.4061816403333,15.4061816403333,4.06785501758394,4.06785501758394,0,0,0,0,0,0,0,0,0,1,0
naii1241,Nai,Kwomtari-Nai,2.0,,3,,,endangered,1,3006.70564478923,3006.70564478923,18.81159973,18.81159973,15.4061816403333,15.4061816403333,4.06785501758394,4.06785501758394,0,0,0,0,0,0,0,0,0,1,0
nucl1593,Kwomtari,Kwomtari-Nai,2.0,1,3,,,threatened,1,3006.70564478923,3006.70564478923,18.81159973,18.81159973,15.4061816403333,15.4061816403333,4.06785501758394,4.06785501758394,0,0,0,0,0,0,0,0,0,1,0
biri1259,Biritai,Lakes Plain,20.0,,3,,,endangered,1,4925.43048751861,4925.43048751861,72.78075544,72.78075544,58.7509635387997,58.7509635387997,1.89719567962498,1.89719567962498,0,0,0,0,0,0,0,0,0,1,0
obok1239,Obokuitai,Lakes Plain,20.0,,3,,,endangered,1,4925.43048751861,4925.43048751861,72.78075544,72.78075544,58.7509635387997,58.7509635387997,1.89719567962498,1.89719567962498,0,0,0,0,0,0,0,0,0,1,0
kaiy1239,Kaiy,Lakes Plain,20.0,,3,,,endangered,1,4925.43048751861,4925.43048751861,72.78075544,72.78075544,58.7509635387997,58.7509635387997,1.89719567962498,1.89719567962498,0,0,0,0,0,0,0,0,0,1,0
kwer1264,Kwerisa,Lakes Plain,20.0,,4,,,severely endangered,1,4925.43048751861,4925.43048751861,72.78075544,72.78075544,58.7509635387997,58.7509635387997,1.89719567962498,1.89719567962498,0,0,0,0,0,0,0,0,0,1,0
dout1240,Doutai,Lakes Plain,20.0,,4,,,severely endangered,1,4925.43048751861,4925.43048751861,72.78075544,72.78075544,58.7509635387997,58.7509635387997,1.89719567962498,1.89719567962498,0,0,0,0,0,0,0,0,0,1,0
wari1264,Waritai,Lakes Plain,20.0,,3,,,endangered,1,4925.43048751861,4925.43048751861,72.78075544,72.78075544,58.7509635387997,58.7509635387997,1.89719567962498,1.89719567962498,0,0,0,0,0,0,0,0,0,1,0
taus1252,Tause,Lakes Plain,20.0,,3,,,endangered,1,4925.43048751861,4925.43048751861,72.78075544,72.78075544,58.7509635387997,58.7509635387997,1.89719567962498,1.89719567962498,0,0,0,0,0,0,0,0,0,1,0
kiri1256,Kirikiri,Lakes Plain,20.0,,3,,,endangered,1,4925.43048751861,4925.43048751861,72.78075544,72.78075544,58.7509635387997,58.7509635387997,1.89719567962498,1.89719567962498,0,0,0,0,0,0,0,0,0,1,0
fayu1238,Fayu,Lakes Plain,20.0,,3,2,1,threatened,1,4925.43048751861,4925.43048751861,72.78075544,72.78075544,58.7509635387997,58.7509635387997,1.89719567962498,1.89719567962498,0,0,0,0,0,0,0,0,0,1,0
awer1241,Awera,Lakes Plain,20.0,,3,3,3,endangered,1,4925.43048751861,4925.43048751861,72.78075544,72.78075544,58.7509635387997,58.7509635387997,1.89719567962498,1.89719567962498,0,0,0,0,0,0,0,0,0,1,0
sapo1254,Saponi,Lakes Plain,20.0,,5,,,critically endangered,1,4925.43048751861,4925.43048751861,72.78075544,72.78075544,58.7509635387997,58.7509635387997,1.89719567962498,1.89719567962498,0,0,0,0,0,0,0,0,0,1,0
rasa1243,Rasawa,Lakes Plain,20.0,,3,,,endangered,1,4925.43048751861,4925.43048751861,72.78075544,72.78075544,58.7509635387997,58.7509635387997,1.89719567962498,1.89719567962498,0,0,0,0,0,0,0,0,0,1,0
foau1240,Abawiri,Lakes Plain,20.0,,3,,,endangered,1,4925.43048751861,4925.43048751861,72.78075544,72.78075544,58.7509635387997,58.7509635387997,1.89719567962498,1.89719567962498,0,0,0,0,0,0,0,0,0,1,0
tawo1244,Taworta,Lakes Plain,20.0,,3,,,endangered,1,4925.43048751861,4925.43048751861,72.78075544,72.78075544,58.7509635387997,58.7509635387997,1.89719567962498,1.89719567962498,0,0,0,0,0,0,0,0,0,1,0
odoo1238,Odoodee,East Strickland,6.0,,3,,,endangered,1,3006.70564478923,3006.70564478923,18.81159973,18.81159973,15.4061816403333,15.4061816403333,4.06785501758394,4.06785501758394,0,0,0,0,0,0,0,0,0,1,0
femb1238,Fembe,East Strickland,6.0,,3,,,endangered,1,3006.70564478923,3006.70564478923,18.81159973,18.81159973,15.4061816403333,15.4061816403333,4.06785501758394,4.06785501758394,0,0,0,0,0,0,0,0,0,1,0
quil1240,Quileute,Chimakuan,2.0,,,,,dormant,1,84534.0407841548,84534.0407841548,94.69380188,94.69380188,80.1247798047184,80.1247798047184,1.04286346807884,1.04286346807884,0,0,0,0,0,0,0,0,1,0,0
kone1241,Koneraw,Mombum-Koneraw,2.0,,2,,,threatened,1,4925.43048751861,4925.43048751861,72.78075544,72.78075544,58.7509635387997,58.7509635387997,1.89719567962498,1.89719567962498,0,0,0,0,0,0,0,0,0,1,0
nucl1452,Mombum,Mombum-Koneraw,2.0,,3,,,endangered,1,4925.43048751861,4925.43048751861,72.78075544,72.78075544,58.7509635387997,58.7509635387997,1.89719567962498,1.89719567962498,0,0,0,0,0,0,0,0,0,1,0
wano1243,Wano,Nuclear Trans New Guinea,317.0,,2,,,threatened,1,4925.43048751861,4925.43048751861,72.78075544,72.78075544,58.7509635387997,58.7509635387997,1.89719567962498,1.89719567962498,0,0,0,0,0,0,0,0,0,1,0
auye1238,Auye,Nuclear Trans New Guinea,317.0,,3,,,endangered,1,4925.43048751861,4925.43048751861,72.78075544,72.78075544,58.7509635387997,58.7509635387997,1.89719567962498,1.89719567962498,0,0,0,0,0,0,0,0,0,1,0
daoo1238,Dao,Nuclear Trans New Guinea,317.0,,3,,,endangered,1,4925.43048751861,4925.43048751861,72.78075544,72.78075544,58.7509635387997,58.7509635387997,1.89719567962498,1.89719567962498,0,0,0,0,0,0,0,0,0,1,0
biso1243,Bisorio,Nuclear Trans New Guinea,317.0,,3,,,endangered,1,3006.70564478923,3006.70564478923,18.81159973,18.81159973,15.4061816403333,15.4061816403333,4.06785501758394,4.06785501758394,0,0,0,0,0,0,0,0,0,1,0
mari1435,Maring,Nuclear Trans New Guinea,317.0,,1,,,vulnerable,1,3006.70564478923,3006.70564478923,18.81159973,18.81159973,15.4061816403333,15.4061816403333,4.06785501758394,4.06785501758394,0,0,0,0,0,0,0,0,0,1,0
diuw1238,Diuwe,Nuclear Trans New Guinea,317.0,,3,,,endangered,1,4925.43048751861,4925.43048751861,72.78075544,72.78075544,58.7509635387997,58.7509635387997,1.89719567962498,1.89719567962498,0,0,0,0,0,0,0,0,0,1,0
oksa1245,Oksapmin,Nuclear Trans New Guinea,317.0,,2,,0,vulnerable,1,3006.70564478923,3006.70564478923,18.81159973,18.81159973,15.4061816403333,15.4061816403333,4.06785501758394,4.06785501758394,0,0,0,0,0,0,0,0,0,1,0
ngal1298,Ngalum,Nuclear Trans New Guinea,317.0,,1,,,vulnerable,2,4925.43048751861,3966.06806615392,72.78075544,45.796177584999995,58.7509635387997,37.0785725895665,4.06785501758394,2.9825253486044603,0,0,0,0,0,0,0,0,0,1,0
iwur1240,Morop-Dintere,Nuclear Trans New Guinea,317.0,,2,,,threatened,1,4925.43048751861,4925.43048751861,72.78075544,72.78075544,58.7509635387997,58.7509635387997,1.89719567962498,1.89719567962498,0,0,0,0,0,0,0,0,0,1,0
mian1256,Mian,Nuclear Trans New Guinea,317.0,,2,,,threatened,1,3006.70564478923,3006.70564478923,18.81159973,18.81159973,15.4061816403333,15.4061816403333,4.06785501758394,4.06785501758394,0,0,0,0,0,0,0,0,0,1,0
suga1249,Suganga,Nuclear Trans New Guinea,317.0,,3,,,endangered,2,4925.43048751861,3966.06806615392,72.78075544,45.796177584999995,58.7509635387997,37.0785725895665,4.06785501758394,2.9825253486044603,0,0,0,0,0,0,0,0,0,1,0
bimi1240,Bimin,Nuclear Trans New Guinea,317.0,,2,,0,vulnerable,1,3006.70564478923,3006.70564478923,18.81159973,18.81159973,15.4061816403333,15.4061816403333,4.06785501758394,4.06785501758394,0,0,0,0,0,0,0,0,0,1,0
tele1256,Telefol,Nuclear Trans New Guinea,317.0,,2,,,threatened,1,3006.70564478923,3006.70564478923,18.81159973,18.81159973,15.4061816403333,15.4061816403333,4.06785501758394,4.06785501758394,0,0,0,0,0,0,0,0,0,1,0
tifa1245,Tifal,Nuclear Trans New Guinea,317.0,,2,,,threatened,1,3006.70564478923,3006.70564478923,18.81159973,18.81159973,15.4061816403333,15.4061816403333,4.06785501758394,4.06785501758394,0,0,0,0,0,0,0,0,0,1,0
urap1239,Urapmin,Nuclear Trans New Guinea,317.0,,3,,,endangered,1,3006.70564478923,3006.70564478923,18.81159973,18.81159973,15.4061816403333,15.4061816403333,4.06785501758394,4.06785501758394,0,0,0,0,0,0,0,0,0,1,0
seta1246,Setaman,Nuclear Trans New Guinea,317.0,1,3,0,,threatened,1,3006.70564478923,3006.70564478923,18.81159973,18.81159973,15.4061816403333,15.4061816403333,4.06785501758394,4.06785501758394,0,0,0,0,0,0,0,0,0,1,0
faiw1243,Faiwol,Nuclear Trans New Guinea,317.0,,2,,,threatened,2,4925.43048751861,3966.06806615392,72.78075544,45.796177584999995,58.7509635387997,37.0785725895665,4.06785501758394,2.9825253486044603,0,0,0,0,0,0,0,0,0,1,0
kopk1238,Kopkaka,Nuclear Trans New Guinea,317.0,,3,,,endangered,1,4925.43048751861,4925.43048751861,72.78075544,72.78075544,58.7509635387997,58.7509635387997,1.89719567962498,1.89719567962498,0,0,0,0,0,0,0,0,0,1,0
kwer1265,Kwer,Nuclear Trans New Guinea,317.0,,4,,,severely endangered,1,4925.43048751861,4925.43048751861,72.78075544,72.78075544,58.7509635387997,58.7509635387997,1.89719567962498,1.89719567962498,0,0,0,0,0,0,0,0,0,1,0
buru1307,Burumakok,Nuclear Trans New Guinea,317.0,,4,,,severely endangered,1,4925.43048751861,4925.43048751861,72.78075544,72.78075544,58.7509635387997,58.7509635387997,1.89719567962498,1.89719567962498,0,0,0,0,0,0,0,0,0,1,0
ning1274,Ninggerum,Nuclear Trans New Guinea,317.0,,2,,,threatened,2,4925.43048751861,3966.06806615392,72.78075544,45.796177584999995,58.7509635387997,37.0785725895665,4.06785501758394,2.9825253486044603,0,0,0,0,0,0,0,0,0,1,0
sout2940,South Muyu,Nuclear Trans New Guinea,317.0,,2,,,threatened,2,4925.43048751861,3966.06806615392,72.78075544,45.796177584999995,58.7509635387997,37.0785725895665,4.06785501758394,2.9825253486044603,0,0,0,0,0,0,0,0,0,1,0
nort2916,North Muyu,Nuclear Trans New Guinea,317.0,,2,,,threatened,1,4925.43048751861,4925.43048751861,72.78075544,72.78075544,58.7509635387997,58.7509635387997,1.89719567962498,1.89719567962498,0,0,0,0,0,0,0,0,0,1,0
yong1280,Yonggom,Nuclear Trans New Guinea,317.0,,2,,,threatened,2,4925.43048751861,3966.06806615392,72.78075544,45.796177584999995,58.7509635387997,37.0785725895665,4.06785501758394,2.9825253486044603,0,0,0,0,0,0,0,0,0,1,0
tang1353,Tangko,Nuclear Trans New Guinea,317.0,1,4,,,endangered,1,4925.43048751861,4925.43048751861,72.78075544,72.78075544,58.7509635387997,58.7509635387997,1.89719567962498,1.89719567962498,0,0,0,0,0,0,0,0,0,1,0
naka1265,Nakai,Nuclear Trans New Guinea,317.0,2,3,,,endangered,1,4925.43048751861,4925.43048751861,72.78075544,72.78075544,58.7509635387997,58.7509635387997,1.89719567962498,1.89719567962498,0,0,0,0,0,0,0,0,0,1,0
koro1312,Korowai,Nuclear Trans New Guinea,317.0,,2,,,threatened,1,4925.43048751861,4925.43048751861,72.78075544,72.78075544,58.7509635387997,58.7509635387997,1.89719567962498,1.89719567962498,0,0,0,0,0,0,0,0,0,1,0
ketu1238,Ketum,Nuclear Trans New Guinea,317.0,,3,,,endangered,1,4925.43048751861,4925.43048751861,72.78075544,72.78075544,58.7509635387997,58.7509635387997,1.89719567962498,1.89719567962498,0,0,0,0,0,0,0,0,0,1,0
uyaa1238,Uya,Nuclear Trans New Guinea,317.0,,3,,,endangered,1,3006.70564478923,3006.70564478923,18.81159973,18.81159973,15.4061816403333,15.4061816403333,4.06785501758394,4.06785501758394,0,0,0,0,0,0,0,0,0,1,0
dumu1246,Dumun,Nuclear Trans New Guinea,317.0,,4,,,severely endangered,1,3006.70564478923,3006.70564478923,18.81159973,18.81159973,15.4061816403333,15.4061816403333,4.06785501758394,4.06785501758394,0,0,0,0,0,0,0,0,0,1,0
araw1272,Arawum,Nuclear Trans New Guinea,317.0,,4,,,severely endangered,1,3006.70564478923,3006.70564478923,18.81159973,18.81159973,15.4061816403333,15.4061816403333,4.06785501758394,4.06785501758394,0,0,0,0,0,0,0,0,0,1,0
ukur1240,Ukuriguma,Nuclear Trans New Guinea,317.0,,3,,,endangered,1,3006.70564478923,3006.70564478923,18.81159973,18.81159973,15.4061816403333,15.4061816403333,4.06785501758394,4.06785501758394,0,0,0,0,0,0,0,0,0,1,0
yara1250,Yarawata,Nuclear Trans New Guinea,317.0,,3,,,endangered,1,3006.70564478923,3006.70564478923,18.81159973,18.81159973,15.4061816403333,15.4061816403333,4.06785501758394,4.06785501758394,0,0,0,0,0,0,0,0,0,1,0
bila1257,Karen,Nuclear Trans New Guinea,317.0,,4,4,2,endangered,1,3006.70564478923,3006.70564478923,18.81159973,18.81159973,15.4061816403333,15.4061816403333,4.06785501758394,4.06785501758394,0,1,0,0,0,0,0,0,0,1,0
moer1240,Moere,Nuclear Trans New Guinea,317.0,,4,,,severely endangered,1,3006.70564478923,3006.70564478923,18.81159973,18.81159973,15.4061816403333,15.4061816403333,4.06785501758394,4.06785501758394,0,0,0,0,0,0,0,0,0,1,0
bepo1240,Bepour,Nuclear Trans New Guinea,317.0,,4,5,2,severely endangered,1,3006.70564478923,3006.70564478923,18.81159973,18.81159973,15.4061816403333,15.4061816403333,4.06785501758394,4.06785501758394,0,0,0,0,0,0,0,0,0,1,0
mawa1266,Mawak,Nuclear Trans New Guinea,317.0,,4,,,severely endangered,1,3006.70564478923,3006.70564478923,18.81159973,18.81159973,15.4061816403333,15.4061816403333,4.06785501758394,4.06785501758394,0,0,0,0,0,0,0,0,0,1,0
kowa1245,Kowaki,Nuclear Trans New Guinea,317.0,,4,,,severely endangered,1,3006.70564478923,3006.70564478923,18.81159973,18.81159973,15.4061816403333,15.4061816403333,4.06785501758394,4.06785501758394,0,0,0,0,0,0,0,0,0,1,0
mosi1248,Mosimo,Nuclear Trans New Guinea,317.0,,4,,,severely endangered,1,3006.70564478923,3006.70564478923,18.81159973,18.81159973,15.4061816403333,15.4061816403333,4.06785501758394,4.06785501758394,0,0,0,0,0,0,0,0,0,1,0
wama1247,Wamas,Nuclear Trans New Guinea,317.0,,3,,,endangered,1,3006.70564478923,3006.70564478923,18.81159973,18.81159973,15.4061816403333,15.4061816403333,4.06785501758394,4.06785501758394,0,0,0,0,0,0,0,0,0,1,0
samo1306,Samosa,Nuclear Trans New Guinea,317.0,,4,,,severely endangered,1,3006.70564478923,3006.70564478923,18.81159973,18.81159973,15.4061816403333,15.4061816403333,4.06785501758394,4.06785501758394,0,0,0,0,0,0,0,0,0,1,0
mawa1267,Mawan,Nuclear Trans New Guinea,317.0,,3,,,endangered,1,3006.70564478923,3006.70564478923,18.81159973,18.81159973,15.4061816403333,15.4061816403333,4.06785501758394,4.06785501758394,0,0,0,0,0,0,0,0,0,1,0
bagu1252,Bagupi,Nuclear Trans New Guinea,317.0,,4,2,,endangered,1,3006.70564478923,3006.70564478923,18.81159973,18.81159973,15.4061816403333,15.4061816403333,4.06785501758394,4.06785501758394,0,0,0,0,0,0,0,0,0,1,0
saru1243,Saruga,Nuclear Trans New Guinea,317.0,,3,,,endangered,1,3006.70564478923,3006.70564478923,18.81159973,18.81159973,15.4061816403333,15.4061816403333,4.06785501758394,4.06785501758394,0,0,0,0,0,0,0,0,0,1,0
silo1240,Silopi,Nuclear Trans New Guinea,317.0,,3,,,endangered,1,3006.70564478923,3006.70564478923,18.81159973,18.81159973,15.4061816403333,15.4061816403333,4.06785501758394,4.06785501758394,0,0,0,0,0,0,0,0,0,1,0
nake1240,Nake,Nuclear Trans New Guinea,317.0,,3,,,endangered,1,3006.70564478923,3006.70564478923,18.81159973,18.81159973,15.4061816403333,15.4061816403333,4.06785501758394,4.06785501758394,0,0,0,0,0,0,0,0,0,1,0
fait1240,Kulsab,Nuclear Trans New Guinea,317.0,,4,5,5,critically endangered,1,3006.70564478923,3006.70564478923,18.81159973,18.81159973,15.4061816403333,15.4061816403333,4.06785501758394,4.06785501758394,0,0,0,0,0,0,0,0,0,1,0
musa1266,Aisi,Nuclear Trans New Guinea,317.0,,3,,2,endangered,1,3006.70564478923,3006.70564478923,18.81159973,18.81159973,15.4061816403333,15.4061816403333,4.06785501758394,4.06785501758394,0,0,0,0,0,0,0,0,0,1,0
payn1244,Manat,Nuclear Trans New Guinea,317.0,,4,,3,severely endangered,1,3006.70564478923,3006.70564478923,18.81159973,18.81159973,15.4061816403333,15.4061816403333,4.06785501758394,4.06785501758394,0,0,0,0,0,0,0,0,0,1,0
atem1241,Mand,Nuclear Trans New Guinea,317.0,,5,5,5,critically endangered,1,3006.70564478923,3006.70564478923,18.81159973,18.81159973,15.4061816403333,15.4061816403333,4.06785501758394,4.06785501758394,0,0,0,0,0,0,0,0,0,1,0
sile1255,Sirva,Nuclear Trans New Guinea,317.0,,3,,3,endangered,1,3006.70564478923,3006.70564478923,18.81159973,18.81159973,15.4061816403333,15.4061816403333,4.06785501758394,4.06785501758394,0,0,0,0,0,0,0,0,0,1,0
anam1247,Anam,Nuclear Trans New Guinea,317.0,,2,,,threatened,1,3006.70564478923,3006.70564478923,18.81159973,18.81159973,15.4061816403333,15.4061816403333,4.06785501758394,4.06785501758394,0,0,0,0,0,0,0,0,0,1,0
more1258,Moresada,Nuclear Trans New Guinea,317.0,,3,,,endangered,1,3006.70564478923,3006.70564478923,18.81159973,18.81159973,15.4061816403333,15.4061816403333,4.06785501758394,4.06785501758394,0,0,0,0,0,0,0,0,0,1,0
kamb1303,Kambaira,Nuclear Trans New Guinea,317.0,,3,,,endangered,1,3006.70564478923,3006.70564478923,18.81159973,18.81159973,15.4061816403333,15.4061816403333,4.06785501758394,4.06785501758394,0,0,0,0,0,0,0,0,0,1,0
abag1245,Abaga,Nuclear Trans New Guinea,317.0,,5,5,5,critically endangered,1,3006.70564478923,3006.70564478923,18.81159973,18.81159973,15.4061816403333,15.4061816403333,4.06785501758394,4.06785501758394,0,0,0,0,0,0,0,0,0,1,0
alek1238,Alekano,Nuclear Trans New Guinea,317.0,,1,,,vulnerable,1,3006.70564478923,3006.70564478923,18.81159973,18.81159973,15.4061816403333,15.4061816403333,4.06785501758394,4.06785501758394,0,0,0,0,0,0,0,0,0,1,0
sene1263,Sene,Nuclear Trans New Guinea,317.0,,4,,,severely endangered,1,3006.70564478923,3006.70564478923,18.81159973,18.81159973,15.4061816403333,15.4061816403333,4.06785501758394,4.06785501758394,0,0,0,0,0,0,0,0,0,1,0
moma1243,Momare,Nuclear Trans New Guinea,317.0,,3,,,endangered,1,3006.70564478923,3006.70564478923,18.81159973,18.81159973,15.4061816403333,15.4061816403333,4.06785501758394,4.06785501758394,0,0,0,0,0,0,0,0,0,1,0
mape1249,Mape,Nuclear Trans New Guinea,317.0,,2,,,threatened,1,3006.70564478923,3006.70564478923,18.81159973,18.81159973,15.4061816403333,15.4061816403333,4.06785501758394,4.06785501758394,0,0,0,0,0,0,0,0,0,1,0
kina1251,Kinalakna,Nuclear Trans New Guinea,317.0,,3,,,endangered,1,3006.70564478923,3006.70564478923,18.81159973,18.81159973,15.4061816403333,15.4061816403333,4.06785501758394,4.06785501758394,0,0,0,0,0,0,0,0,0,1,0
bonk1244,Bonkiman,Nuclear Trans New Guinea,317.0,,3,,,endangered,1,3006.70564478923,3006.70564478923,18.81159973,18.81159973,15.4061816403333,15.4061816403333,4.06785501758394,4.06785501758394,0,0,0,0,0,0,0,0,0,1,0
want1252,Wantoat,Nuclear Trans New Guinea,317.0,,2,,,threatened,1,3006.70564478923,3006.70564478923,18.81159973,18.81159973,15.4061816403333,15.4061816403333,4.06785501758394,4.06785501758394,0,0,0,0,0,0,0,0,0,1,0
madi1261,Madi (Papua New Guinea),Nuclear Trans New Guinea,317.0,,3,,,endangered,1,3006.70564478923,3006.70564478923,18.81159973,18.81159973,15.4061816403333,15.4061816403333,4.06785501758394,4.06785501758394,0,0,0,0,0,0,0,0,0,1,0
nukn1238,Nukna,Nuclear Trans New Guinea,317.0,1,2,,0,vulnerable,1,3006.70564478923,3006.70564478923,18.81159973,18.81159973,15.4061816403333,15.4061816403333,4.06785501758394,4.06785501758394,0,0,0,0,0,0,0,0,0,1,0
somm1240,Som,Nuclear Trans New Guinea,317.0,,4,,,severely endangered,1,3006.70564478923,3006.70564478923,18.81159973,18.81159973,15.4061816403333,15.4061816403333,4.06785501758394,4.06785501758394,0,0,0,0,0,0,0,0,0,1,0
weli1239,Weliki,Nuclear Trans New Guinea,317.0,,3,,,endangered,1,3006.70564478923,3006.70564478923,18.81159973,18.81159973,15.4061816403333,15.4061816403333,4.06785501758394,4.06785501758394,0,0,0,0,0,0,0,0,0,1,0
mung1272,Mungkip,Nuclear Trans New Guinea,317.0,,4,,,severely endangered,1,3006.70564478923,3006.70564478923,18.81159973,18.81159973,15.4061816403333,15.4061816403333,4.06785501758394,4.06785501758394,0,0,0,0,0,0,0,0,0,1,0
mama1277,Mamaa,Nuclear Trans New Guinea,317.0,,3,,,endangered,1,3006.70564478923,3006.70564478923,18.81159973,18.81159973,15.4061816403333,15.4061816403333,4.06785501758394,4.06785501758394,0,0,0,0,0,0,0,0,0,1,0
bulg1265,Bulgebi,Nuclear Trans New Guinea,317.0,,4,,,severely endangered,1,3006.70564478923,3006.70564478923,18.81159973,18.81159973,15.4061816403333,15.4061816403333,4.06785501758394,4.06785501758394,0,0,0,0,0,0,0,0,0,1,0
guya1251,Guya,Nuclear Trans New Guinea,317.0,,3,,,endangered,1,3006.70564478923,3006.70564478923,18.81159973,18.81159973,15.4061816403333,15.4061816403333,4.06785501758394,4.06785501758394,0,0,0,0,0,0,0,0,0,1,0
suen1241,Suena,Nuclear Trans New Guinea,317.0,,2,,,threatened,1,3006.70564478923,3006.70564478923,18.81159973,18.81159973,15.4061816403333,15.4061816403333,4.06785501758394,4.06785501758394,0,0,0,0,0,0,0,0,0,1,0
youn1235,Younuo Bunu,Hmong-Mien,44.0,,2,1,1,threatened,1,13303.1481543868,13303.1481543868,92.0,92.0,65.8946980998325,65.8946980998325,0.431708792065523,0.431708792065523,0,0,0,0,0,0,0,1,0,0,0
wuna1248,Wunai Bunu,Hmong-Mien,44.0,,2,,,threatened,1,13303.1481543868,13303.1481543868,92.0,92.0,65.8946980998325,65.8946980998325,0.431708792065523,0.431708792065523,0,0,0,0,0,0,0,1,0,0,0
jion1236,Jiongnai Bunu,Hmong-Mien,44.0,,2,,,threatened,1,13303.1481543868,13303.1481543868,92.0,92.0,65.8946980998325,65.8946980998325,0.431708792065523,0.431708792065523,0,0,0,0,0,0,0,1,0,0,0
shee1238,She,Hmong-Mien,44.0,,2,5,,severely endangered,1,13303.1481543868,13303.1481543868,92.0,92.0,65.8946980998325,65.8946980998325,0.431708792065523,0.431708792065523,0,0,0,0,0,0,0,1,0,0,0
kemb1250,Kembra,Lepki-Murkim-Kembra,3.0,4,4,,,severely endangered,1,4925.43048751861,4925.43048751861,72.78075544,72.78075544,58.7509635387997,58.7509635387997,1.89719567962498,1.89719567962498,0,0,0,0,0,0,0,0,0,1,0
lepk1238,Lepki,Lepki-Murkim-Kembra,3.0,,3,,,endangered,1,4925.43048751861,4925.43048751861,72.78075544,72.78075544,58.7509635387997,58.7509635387997,1.89719567962498,1.89719567962498,0,0,0,0,0,0,0,0,0,1,0
nezp1238,Nez Perce,Sahaptian,5.0,,4,5,5,critically endangered,1,84534.0407841548,84534.0407841548,94.69380188,94.69380188,80.1247798047184,80.1247798047184,1.04286346807884,1.04286346807884,0,0,0,0,0,0,0,0,1,0,0
wari1268,Wari',Chapacuran,12.0,,2,,,threatened,1,10310.5488778166,10310.5488778166,84.46347227,84.46347227,87.8958549533146,87.8958549533146,0.724401697459186,0.724401697459186,0,0,0,0,0,0,0,0,0,0,1
orow1243,Oro Win,Chapacuran,12.0,,5,5,5,critically endangered,1,10310.5488778166,10310.5488778166,84.46347227,84.46347227,87.8958549533146,87.8958549533146,0.724401697459186,0.724401697459186,0,0,0,0,0,0,0,0,0,0,1
tora1263,Torá,Chapacuran,12.0,,,,,dormant,1,10310.5488778166,10310.5488778166,84.46347227,84.46347227,87.8958549533146,87.8958549533146,0.724401697459186,0.724401697459186,0,0,0,0,0,0,0,0,0,0,1
iten1243,Itene,Chapacuran,12.0,,4,,,severely endangered,1,4421.16609889999,4421.16609889999,79.70469666,79.70469666,71.2361453773988,71.2361453773988,1.82370068528301,1.82370068528301,1,0,0,1,1,0,0,0,0,0,1
awac1239,Awa-Cuaiquer,Barbacoan,6.0,,1,,,vulnerable,2,7919.20886825345,7396.957304009726,79.34543299,78.25908207,78.5210811866115,70.87938721318585,1.3876355674663,1.2087038887622,0,0,0,0,0,0,0,0,0,0,1
colo1256,Tsafiki,Barbacoan,6.0,,2,,,threatened,1,6874.705739766,6874.705739766,77.17273115,77.17273115,63.2376932397602,63.2376932397602,1.0297722100581,1.0297722100581,0,0,0,0,0,0,0,0,0,0,1
chac1249,Cha'palaa,Barbacoan,6.0,,2,1,,threatened,1,6874.705739766,6874.705739766,77.17273115,77.17273115,63.2376932397602,63.2376932397602,1.0297722100581,1.0297722100581,0,0,0,0,0,0,0,0,0,0,1
toto1306,Totoro,Barbacoan,6.0,,,,,dormant,1,7919.20886825345,7919.20886825345,79.34543299,79.34543299,78.5210811866115,78.5210811866115,1.3876355674663,1.3876355674663,0,0,0,0,0,0,0,0,0,0,1
nucl1649,Southern-Coastal Tsimshian,Tsimshian,3.0,,4,5,5,critically endangered,2,84534.0407841548,69437.19425331405,94.69380188,94.52355194,82.7002565766633,81.41251819069086,3.17427570128175,2.108569584680295,0,0,0,0,0,0,0,0,1,0,0
gitx1241,Gitxsan,Tsimshian,3.0,,3,5,5,severely endangered,1,54340.3477224733,54340.3477224733,94.353302,94.353302,82.7002565766633,82.7002565766633,3.17427570128175,3.17427570128175,0,0,0,0,0,0,0,0,1,0,0
nisg1240,Nisga'a,Tsimshian,3.0,,2,,,severely endangered,1,54340.3477224733,54340.3477224733,94.353302,94.353302,82.7002565766633,82.7002565766633,3.17427570128175,3.17427570128175,0,0,0,0,0,0,0,0,1,0,0
west2632,Western Keres,Keresan,2.0,,2,,,threatened,1,84534.0407841548,84534.0407841548,94.69380188,94.69380188,80.1247798047184,80.1247798047184,1.04286346807884,1.04286346807884,0,0,0,0,0,0,0,0,1,0,0
east1472,Eastern Keres,Keresan,2.0,3,2,3,2,endangered,1,84534.0407841548,84534.0407841548,94.69380188,94.69380188,80.1247798047184,80.1247798047184,1.04286346807884,1.04286346807884,0,0,0,0,0,0,0,0,1,0,0
mlap1238,Mlap,Nimboranic,5.0,,3,,,endangered,1,4925.43048751861,4925.43048751861,72.78075544,72.78075544,58.7509635387997,58.7509635387997,1.89719567962498,1.89719567962498,0,0,0,0,0,0,0,0,0,1,0
high1242,Highland Oaxaca Chontal,Tequistlatecan,3.0,,2,,,threatened,1,14185.7812248529,14185.7812248529,83.12233799,83.12233799,79.7538805976118,79.7538805976118,1.2127000253117,1.2127000253117,0,0,0,0,0,0,0,0,1,0,0
lowl1260,Lowland Oaxaca Chontal,Tequistlatecan,3.0,,2,,5,severely endangered,1,14185.7812248529,14185.7812248529,83.12233799,83.12233799,79.7538805976118,79.7538805976118,1.2127000253117,1.2127000253117,0,0,0,0,0,0,0,0,1,0,0
shat1244,Shatt,Dajuic,7.0,,1,,,vulnerable,1,984.607666015625,984.607666015625,18.60000038,18.60000038,34.8673015510839,34.8673015510839,1.01305651386284,1.01305651386284,0,0,0,0,0,1,0,0,0,0,0
logo1261,Logorik,Dajuic,7.0,,2,,,threatened,1,984.607666015625,984.607666015625,18.60000038,18.60000038,34.8673015510839,34.8673015510839,1.01305651386284,1.01305651386284,0,0,0,0,0,1,0,0,0,0,0
njal1239,Njalgulgule,Dajuic,7.0,,3,,,endangered,1,1080.14718624765,1080.14718624765,6.671000004,6.671000004,21.3768190444906,21.3768190444906,5.35572566859027,5.35572566859027,0,0,0,0,0,1,0,0,0,0,0
bayg1239,Baygo,Dajuic,7.0,,,,,dormant,1,984.607666015625,984.607666015625,18.60000038,18.60000038,34.8673015510839,34.8673015510839,1.01305651386284,1.01305651386284,0,0,0,0,0,1,0,0,0,0,0
nawa1258,Nawaru,Yareban,5.0,,3,,,endangered,1,3006.70564478923,3006.70564478923,18.81159973,18.81159973,15.4061816403333,15.4061816403333,4.06785501758394,4.06785501758394,0,0,0,0,0,0,0,0,0,1,0
defa1248,Defaka,Ijoid,10.0,4,3,,,severely endangered,1,1084.16041805436,1084.16041805436,41.21139908,41.21139908,62.9755675573659,62.9755675573659,3.3628832591496,3.3628832591496,0,0,0,0,0,1,0,0,0,0,0
sout2774,Southeast Ijo,Ijoid,10.0,,1,,,vulnerable,1,1084.16041805436,1084.16041805436,41.21139908,41.21139908,62.9755675573659,62.9755675573659,3.3628832591496,3.3628832591496,0,0,0,0,0,1,0,0,0,0,0
nkor1239,Nkoroo,Ijoid,10.0,,2,,,threatened,1,1084.16041805436,1084.16041805436,41.21139908,41.21139908,62.9755675573659,62.9755675573659,3.3628832591496,3.3628832591496,0,0,0,0,0,1,0,0,0,0,0
kiri1254,Kirike,Ijoid,10.0,,0,,,at risk,1,1084.16041805436,1084.16041805436,41.21139908,41.21139908,62.9755675573659,62.9755675573659,3.3628832591496,3.3628832591496,0,0,0,0,0,1,0,0,0,0,0
kala1381,Kalabari,Ijoid,10.0,,0,,,at risk,1,1084.16041805436,1084.16041805436,41.21139908,41.21139908,62.9755675573659,62.9755675573659,3.3628832591496,3.3628832591496,0,0,0,0,0,1,0,0,0,0,0
iban1261,Ibani,Ijoid,10.0,,1,,,vulnerable,1,1084.16041805436,1084.16041805436,41.21139908,41.21139908,62.9755675573659,62.9755675573659,3.3628832591496,3.3628832591496,0,0,0,0,0,1,0,0,0,0,0
izon1238,Izon,Ijoid,10.0,,0,,,at risk,1,1084.16041805436,1084.16041805436,41.21139908,41.21139908,62.9755675573659,62.9755675573659,3.3628832591496,3.3628832591496,0,0,0,0,0,1,0,0,0,0,0
orum1241,Oruma,Ijoid,10.0,,2,,,threatened,1,1084.16041805436,1084.16041805436,41.21139908,41.21139908,62.9755675573659,62.9755675573659,3.3628832591496,3.3628832591496,0,0,0,0,0,1,0,0,0,0,0
okod1238,Okodia,Ijoid,10.0,,2,,,threatened,1,1084.16041805436,1084.16041805436,41.21139908,41.21139908,62.9755675573659,62.9755675573659,3.3628832591496,3.3628832591496,0,0,0,0,0,1,0,0,0,0,0
bise1238,Biseni,Ijoid,10.0,,2,,,threatened,1,1084.16041805436,1084.16041805436,41.21139908,41.21139908,62.9755675573659,62.9755675573659,3.3628832591496,3.3628832591496,0,0,0,0,0,1,0,0,0,0,0
awbo1238,Awbono,Bayono-Awbono,2.0,,3,,0,vulnerable,1,4925.43048751861,4925.43048751861,72.78075544,72.78075544,58.7509635387997,58.7509635387997,1.89719567962498,1.89719567962498,0,0,0,0,0,0,0,0,0,1,0
bayo1260,Bayono,Bayono-Awbono,2.0,,3,,0,vulnerable,1,4925.43048751861,4925.43048751861,72.78075544,72.78075544,58.7509635387997,58.7509635387997,1.89719567962498,1.89719567962498,0,0,0,0,0,0,0,0,0,1,0
lard1243,Lardil,Tangkic,4.0,3,4,5,5,critically endangered,1,64603.9856308464,64603.9856308464,96.13140106,96.13140106,87.6021469990446,87.6021469990446,2.12571289816265,2.12571289816265,0,0,0,0,0,0,1,0,0,0,0
gang1267,Ganggalida,Tangkic,4.0,,5,,,critically endangered,1,64603.9856308464,64603.9856308464,96.13140106,96.13140106,87.6021469990446,87.6021469990446,2.12571289816265,2.12571289816265,0,0,0,0,0,0,1,0,0,0,0
kaya1319,Kayardild,Tangkic,4.0,3,5,5,5,critically endangered,1,64603.9856308464,64603.9856308464,96.13140106,96.13140106,87.6021469990446,87.6021469990446,2.12571289816265,2.12571289816265,0,0,0,0,0,0,1,0,0,0,0
nyan1300,Yangkaal,Tangkic,4.0,,5,,,critically endangered,1,64603.9856308464,64603.9856308464,96.13140106,96.13140106,87.6021469990446,87.6021469990446,2.12571289816265,2.12571289816265,0,0,0,0,0,0,1,0,0,0,0
marg1251,Margu,Marrku-Wurrugu,2.0,5,5,5,5,critically endangered,1,64603.9856308464,64603.9856308464,96.13140106,96.13140106,87.6021469990446,87.6021469990446,2.12571289816265,2.12571289816265,0,0,0,0,0,0,1,0,0,0,0
mang1382,Mangerr,Giimbiyu,3.0,,5,5,,critically endangered,1,64603.9856308464,64603.9856308464,96.13140106,96.13140106,87.6021469990446,87.6021469990446,2.12571289816265,2.12571289816265,0,0,0,0,0,0,1,0,0,0,0
erre1238,Erre,Giimbiyu,3.0,,5,,,critically endangered,1,64603.9856308464,64603.9856308464,96.13140106,96.13140106,87.6021469990446,87.6021469990446,2.12571289816265,2.12571289816265,0,0,0,0,0,0,1,0,0,0,0
urni1239,Urningangg,Giimbiyu,3.0,,4,,,severely endangered,1,64603.9856308464,64603.9856308464,96.13140106,96.13140106,87.6021469990446,87.6021469990446,2.12571289816265,2.12571289816265,0,0,0,0,0,0,1,0,0,0,0
maca1260,Maká,Mataguayan,7.0,,2,,,threatened,1,6416.09708970845,6416.09708970845,81.57806793,81.57806793,69.8622585886961,69.8622585886961,1.97522945625298,1.97522945625298,0,0,0,0,0,0,0,0,0,0,1
niva1238,Nivaclé,Mataguayan,7.0,1,2,1,1,threatened,3,13969.7836603737,8269.01561632738,89.66715228,83.64997229,92.2742315972952,77.79087852113003,1.97522945625298,1.4103971612053028,0,0,0,0,0,0,0,0,0,0,1
cacu1241,Kakua,Kakua-Nukak,2.0,,3,,,endangered,1,7919.20886825345,7919.20886825345,79.34543299,79.34543299,78.5210811866115,78.5210811866115,1.3876355674663,1.3876355674663,0,0,0,0,0,0,0,0,0,0,1
nuka1242,Nukak Makú,Kakua-Nukak,2.0,,3,,,endangered,1,7919.20886825345,7919.20886825345,79.34543299,79.34543299,78.5210811866115,78.5210811866115,1.3876355674663,1.3876355674663,0,0,0,0,0,0,0,0,0,0,1
orej1242,Maijiki,Tucanoan,26.0,4,4,5,4,critically endangered,1,8452.37167056621,8452.37167056621,81.95705992,81.95705992,85.1912729600355,85.1912729600355,1.57651042813743,1.57651042813743,0,0,0,0,0,0,0,0,0,0,1
maca1261,Macaguaje,Tucanoan,26.0,,,,,dormant,1,7919.20886825345,7919.20886825345,79.34543299,79.34543299,78.5210811866115,78.5210811866115,1.3876355674663,1.3876355674663,0,0,0,0,0,0,0,0,0,0,1
kore1283,Koreguaje,Tucanoan,26.0,,2,,,threatened,1,7919.20886825345,7919.20886825345,79.34543299,79.34543299,78.5210811866115,78.5210811866115,1.3876355674663,1.3876355674663,0,0,0,0,0,0,0,0,0,0,1
cara1272,Carapana,Tucanoan,26.0,,3,,,endangered,2,10310.5488778166,9114.878873035024,84.46347227,81.90445263000001,87.8958549533146,83.20846806996305,1.3876355674663,1.056018632462743,0,0,0,0,0,0,0,0,0,0,1
yuru1263,Yurutí,Tucanoan,26.0,,3,,,endangered,2,10310.5488778166,9114.878873035024,84.46347227,81.90445263000001,87.8958549533146,83.20846806996305,1.3876355674663,1.056018632462743,0,0,0,0,0,0,0,0,0,0,1
tuyu1244,Tuyuca,Tucanoan,26.0,,3,,,endangered,2,10310.5488778166,9114.878873035024,84.46347227,81.90445263000001,87.8958549533146,83.20846806996305,1.3876355674663,1.056018632462743,0,0,0,0,0,0,0,0,0,0,1
guan1269,Kotiria,Tucanoan,26.0,,2,,,threatened,2,10310.5488778166,9114.878873035024,84.46347227,81.90445263000001,87.8958549533146,83.20846806996305,1.3876355674663,1.056018632462743,0,0,0,0,0,0,0,0,0,0,1
pira1254,Wa'ikhana,Tucanoan,26.0,,2,,,threatened,2,10310.5488778166,9114.878873035024,84.46347227,81.90445263000001,87.8958549533146,83.20846806996305,1.3876355674663,1.056018632462743,0,0,0,0,0,0,0,0,0,0,1
arap1275,Arapaso,Tucanoan,26.0,,,,,dormant,1,10310.5488778166,10310.5488778166,84.46347227,84.46347227,87.8958549533146,87.8958549533146,0.724401697459186,0.724401697459186,0,0,0,0,0,0,0,0,0,0,1
miri1270,Miriti,Tucanoan,26.0,,,,,dormant,1,10310.5488778166,10310.5488778166,84.46347227,84.46347227,87.8958549533146,87.8958549533146,0.724401697459186,0.724401697459186,0,0,0,0,0,0,0,0,0,0,1
tuca1252,Tucano,Tucanoan,26.0,,1,,,vulnerable,2,10310.5488778166,9114.878873035024,84.46347227,81.90445263000001,87.8958549533146,83.20846806996305,1.3876355674663,1.056018632462743,0,0,0,0,0,0,0,0,0,0,1
waim1255,Waimaha,Tucanoan,26.0,,3,,,endangered,2,10310.5488778166,9114.878873035024,84.46347227,81.90445263000001,87.8958549533146,83.20846806996305,1.3876355674663,1.056018632462743,0,0,0,0,0,0,0,0,0,0,1
tatu1247,Tatuyo,Tucanoan,26.0,,3,,,endangered,1,7919.20886825345,7919.20886825345,79.34543299,79.34543299,78.5210811866115,78.5210811866115,1.3876355674663,1.3876355674663,0,0,0,0,0,0,0,0,0,0,1
cube1242,Cubeo,Tucanoan,26.0,1,2,1,1,threatened,3,10310.5488778166,7482.4495908346535,84.46347227,80.16260231,89.285859883201,85.23426534104236,1.3876355674663,0.8406185571145203,0,0,0,0,0,0,0,0,0,0,1
desa1247,Desano,Tucanoan,26.0,,3,,,endangered,2,10310.5488778166,9114.878873035024,84.46347227,81.90445263000001,87.8958549533146,83.20846806996305,1.3876355674663,1.056018632462743,0,0,0,0,0,0,0,0,0,0,1
siri1274,Siriano,Tucanoan,26.0,,3,,,endangered,2,10310.5488778166,9114.878873035024,84.46347227,81.90445263000001,87.8958549533146,83.20846806996305,1.3876355674663,1.056018632462743,0,0,0,0,0,0,0,0,0,0,1
macu1260,Macuna,Tucanoan,26.0,,2,,,threatened,2,10310.5488778166,9114.878873035024,84.46347227,81.90445263000001,87.8958549533146,83.20846806996305,1.3876355674663,1.056018632462743,0,0,0,0,0,0,0,0,0,0,1
bara1380,Barasana-Eduria,Tucanoan,26.0,,2,,,threatened,2,10310.5488778166,9114.878873035024,84.46347227,81.90445263000001,87.8958549533146,83.20846806996305,1.3876355674663,1.056018632462743,0,0,0,0,0,0,0,0,0,0,1
tani1257,Tanimuca-Retuarã,Tucanoan,26.0,,2,,,threatened,1,7919.20886825345,7919.20886825345,79.34543299,79.34543299,78.5210811866115,78.5210811866115,1.3876355674663,1.3876355674663,0,0,0,0,0,0,0,0,0,0,1
yahu1241,Yahuna,Tucanoan,26.0,,,,,dormant,1,7919.20886825345,7919.20886825345,79.34543299,79.34543299,78.5210811866115,78.5210811866115,1.3876355674663,1.3876355674663,0,0,0,0,0,0,0,0,0,0,1
guer1243,Guerrero Amuzgo,Otomanguean,181.0,,1,,,vulnerable,1,14185.7812248529,14185.7812248529,83.12233799,83.12233799,79.7538805976118,79.7538805976118,1.2127000253117,1.2127000253117,0,0,0,0,0,0,0,0,1,0,0
mixt1425,Mixtepec Mixtec,Otomanguean,181.0,,2,,,threatened,2,84534.0407841548,49359.911004503854,94.69380188,88.908069935,80.1247798047184,79.93933020116509,1.2127000253117,1.12778174669527,0,0,0,0,0,0,0,0,1,0,0
chia1262,Chiapanec,Otomanguean,181.0,,,,,dormant,1,14185.7812248529,14185.7812248529,83.12233799,83.12233799,79.7538805976118,79.7538805976118,1.2127000253117,1.2127000253117,0,0,0,0,0,0,0,0,1,0,0
zenz1235,Zenzontepec Chatino,Otomanguean,181.0,,2,,,threatened,1,14185.7812248529,14185.7812248529,83.12233799,83.12233799,79.7538805976118,79.7538805976118,1.2127000253117,1.2127000253117,0,0,0,0,0,0,0,0,1,0,0
west2644,Western Highland Chatino,Otomanguean,181.0,,1,,,vulnerable,1,14185.7812248529,14185.7812248529,83.12233799,83.12233799,79.7538805976118,79.7538805976118,1.2127000253117,1.2127000253117,0,0,0,0,0,0,0,0,1,0,0
zaca1242,Zacatepec Chatino,Otomanguean,181.0,,2,,,threatened,1,14185.7812248529,14185.7812248529,83.12233799,83.12233799,79.7538805976118,79.7538805976118,1.2127000253117,1.2127000253117,0,0,0,0,0,0,0,0,1,0,0
elot1235,Elotepec Zapotec,Otomanguean,181.0,,2,,,threatened,1,14185.7812248529,14185.7812248529,83.12233799,83.12233799,79.7538805976118,79.7538805976118,1.2127000253117,1.2127000253117,0,0,0,0,0,0,0,0,1,0,0
yaut1235,Yautepec Zapotec,Otomanguean,181.0,,3,,,endangered,1,14185.7812248529,14185.7812248529,83.12233799,83.12233799,79.7538805976118,79.7538805976118,1.2127000253117,1.2127000253117,0,0,0,0,0,0,0,0,1,0,0
sana1286,San Agustín Mixtepec Zapotec,Otomanguean,181.0,,4,,,severely endangered,1,14185.7812248529,14185.7812248529,83.12233799,83.12233799,79.7538805976118,79.7538805976118,1.2127000253117,1.2127000253117,0,0,0,0,0,0,0,0,1,0,0
ayoq1235,Ayoquesco Zapotec,Otomanguean,181.0,,3,,,endangered,1,14185.7812248529,14185.7812248529,83.12233799,83.12233799,79.7538805976118,79.7538805976118,1.2127000253117,1.2127000253117,0,0,0,0,0,0,0,0,1,0,0
teja1235,Tejalapan Zapotec,Otomanguean,181.0,,3,,,endangered,1,14185.7812248529,14185.7812248529,83.12233799,83.12233799,79.7538805976118,79.7538805976118,1.2127000253117,1.2127000253117,0,0,0,0,0,0,0,0,1,0,0
asun1236,Asunción Mixtepec Zapotec,Otomanguean,181.0,,4,,,severely endangered,1,14185.7812248529,14185.7812248529,83.12233799,83.12233799,79.7538805976118,79.7538805976118,1.2127000253117,1.2127000253117,0,0,0,0,0,0,0,0,1,0,0
isth1244,Isthmus Zapotec,Otomanguean,181.0,,1,,,vulnerable,1,14185.7812248529,14185.7812248529,83.12233799,83.12233799,79.7538805976118,79.7538805976118,1.2127000253117,1.2127000253117,0,0,0,0,0,0,0,0,1,0,0
mixt1426,Mixtepec Zapotec,Otomanguean,181.0,,2,,,threatened,1,14185.7812248529,14185.7812248529,83.12233799,83.12233799,79.7538805976118,79.7538805976118,1.2127000253117,1.2127000253117,0,0,0,0,0,0,0,0,1,0,0
sanv1242,San Vicente Coatlán Zapotec,Otomanguean,181.0,,,,1,vulnerable,1,14185.7812248529,14185.7812248529,83.12233799,83.12233799,79.7538805976118,79.7538805976118,1.2127000253117,1.2127000253117,0,0,0,0,0,0,0,0,1,0,0
tlac1240,Tlacolulita Zapotec,Otomanguean,181.0,,3,,,endangered,1,14185.7812248529,14185.7812248529,83.12233799,83.12233799,79.7538805976118,79.7538805976118,1.2127000253117,1.2127000253117,0,0,0,0,0,0,0,0,1,0,0
chiq1250,Chiquihuitlán Mazatec,Otomanguean,181.0,,2,,,threatened,1,14185.7812248529,14185.7812248529,83.12233799,83.12233799,79.7538805976118,79.7538805976118,1.2127000253117,1.2127000253117,0,0,0,0,0,0,0,0,1,0,0
ixca1245,Ixcatec,Otomanguean,181.0,,5,,,critically endangered,1,14185.7812248529,14185.7812248529,83.12233799,83.12233799,79.7538805976118,79.7538805976118,1.2127000253117,1.2127000253117,0,0,0,0,0,0,0,0,1,0,0
choc1279,Chochotec,Otomanguean,181.0,,3,,,endangered,1,14185.7812248529,14185.7812248529,83.12233799,83.12233799,79.7538805976118,79.7538805976118,1.2127000253117,1.2127000253117,0,0,0,0,0,0,0,0,1,0,0
vall1253,Valle Nacional Chinantec,Otomanguean,181.0,,2,,,threatened,1,14185.7812248529,14185.7812248529,83.12233799,83.12233799,79.7538805976118,79.7538805976118,1.2127000253117,1.2127000253117,0,0,0,0,0,0,0,0,1,0,0
ozum1235,Ozumacín Chinantec,Otomanguean,181.0,1,2,,1,threatened,1,14185.7812248529,14185.7812248529,83.12233799,83.12233799,79.7538805976118,79.7538805976118,1.2127000253117,1.2127000253117,0,0,0,0,0,0,0,0,1,0,0
tepi1241,Tepinapa Chinantec,Otomanguean,181.0,,1,0,,vulnerable,1,14185.7812248529,14185.7812248529,83.12233799,83.12233799,79.7538805976118,79.7538805976118,1.2127000253117,1.2127000253117,0,0,0,0,0,0,0,0,1,0,0
lala1270,Lalana Chinantec,Otomanguean,181.0,,1,,,vulnerable,1,14185.7812248529,14185.7812248529,83.12233799,83.12233799,79.7538805976118,79.7538805976118,1.2127000253117,1.2127000253117,0,0,0,0,0,0,0,0,1,0,0
ojit1237,Ojitlán Chinantec,Otomanguean,181.0,,1,,,vulnerable,1,14185.7812248529,14185.7812248529,83.12233799,83.12233799,79.7538805976118,79.7538805976118,1.2127000253117,1.2127000253117,0,0,0,0,0,0,0,0,1,0,0
soch1239,Sochiapam Chinantec,Otomanguean,181.0,,2,,,threatened,1,14185.7812248529,14185.7812248529,83.12233799,83.12233799,79.7538805976118,79.7538805976118,1.2127000253117,1.2127000253117,0,0,0,0,0,0,0,0,1,0,0
usil1237,Usila Chinantec,Otomanguean,181.0,,2,,,threatened,1,14185.7812248529,14185.7812248529,83.12233799,83.12233799,79.7538805976118,79.7538805976118,1.2127000253117,1.2127000253117,0,0,0,0,0,0,0,0,1,0,0
tlac1239,Tlacoatzintepec Chinantec,Otomanguean,181.0,,2,,,threatened,1,14185.7812248529,14185.7812248529,83.12233799,83.12233799,79.7538805976118,79.7538805976118,1.2127000253117,1.2127000253117,0,0,0,0,0,0,0,0,1,0,0
chic1272,Chichimeca-Jonaz,Otomanguean,181.0,,2,,,threatened,1,14185.7812248529,14185.7812248529,83.12233799,83.12233799,79.7538805976118,79.7538805976118,1.2127000253117,1.2127000253117,0,0,0,0,0,0,0,0,1,0,0
nort2984,Northern Pame,Otomanguean,181.0,,2,,,threatened,1,14185.7812248529,14185.7812248529,83.12233799,83.12233799,79.7538805976118,79.7538805976118,1.2127000253117,1.2127000253117,0,0,0,0,0,0,0,0,1,0,0
atzi1235,Atzingo Matlatzinca,Otomanguean,181.0,,3,,,endangered,1,14185.7812248529,14185.7812248529,83.12233799,83.12233799,79.7538805976118,79.7538805976118,1.2127000253117,1.2127000253117,0,0,0,0,0,0,0,0,1,0,0
sanf1262,San Francisco Matlatzinca,Otomanguean,181.0,,2,,,threatened,1,14185.7812248529,14185.7812248529,83.12233799,83.12233799,79.7538805976118,79.7538805976118,1.2127000253117,1.2127000253117,0,0,0,0,0,0,0,0,1,0,0
ixte1237,Ixtenco Otomi,Otomanguean,181.0,,3,,,endangered,1,14185.7812248529,14185.7812248529,83.12233799,83.12233799,79.7538805976118,79.7538805976118,1.2127000253117,1.2127000253117,0,0,0,0,0,0,0,0,1,0,0
tila1239,Tilapa Otomi,Otomanguean,181.0,,3,,,endangered,1,14185.7812248529,14185.7812248529,83.12233799,83.12233799,79.7538805976118,79.7538805976118,1.2127000253117,1.2127000253117,0,0,0,0,0,0,0,0,1,0,0
mezq1235,Mezquital Otomi,Otomanguean,181.0,,0,,,at risk,2,84534.0407841548,49359.911004503854,94.69380188,88.908069935,80.1247798047184,79.93933020116509,1.2127000253117,1.12778174669527,0,0,0,0,0,0,0,0,1,0,0
laek1243,Laeko-Libuat,Nuclear Torricelli,55.0,1,3,,,threatened,1,3006.70564478923,3006.70564478923,18.81159973,18.81159973,15.4061816403333,15.4061816403333,4.06785501758394,4.06785501758394,0,0,0,0,0,0,0,0,0,1,0
womp1235,Wom (Papua New Guinea),Nuclear Torricelli,55.0,,2,,,threatened,1,3006.70564478923,3006.70564478923,18.81159973,18.81159973,15.4061816403333,15.4061816403333,4.06785501758394,4.06785501758394,0,0,0,0,0,0,0,0,0,1,0
urim1252,Urim,Nuclear Torricelli,55.0,,2,,,threatened,1,3006.70564478923,3006.70564478923,18.81159973,18.81159973,15.4061816403333,15.4061816403333,4.06785501758394,4.06785501758394,0,0,0,0,0,0,0,0,0,1,0
beli1258,Beli (Papua New Guinea),Nuclear Torricelli,55.0,1,2,0,0,vulnerable,1,3006.70564478923,3006.70564478923,18.81159973,18.81159973,15.4061816403333,15.4061816403333,4.06785501758394,4.06785501758394,0,0,0,0,0,0,0,0,0,1,0
seta1245,Seta,Nuclear Torricelli,55.0,,3,,,endangered,1,3006.70564478923,3006.70564478923,18.81159973,18.81159973,15.4061816403333,15.4061816403333,4.06785501758394,4.06785501758394,0,0,0,0,0,0,0,0,0,1,0
seti1248,Seti,Nuclear Torricelli,55.0,,3,,,endangered,1,3006.70564478923,3006.70564478923,18.81159973,18.81159973,15.4061816403333,15.4061816403333,4.06785501758394,4.06785501758394,0,0,0,0,0,0,0,0,0,1,0
sili1247,Siliput,Nuclear Torricelli,55.0,3,3,,,endangered,1,3006.70564478923,3006.70564478923,18.81159973,18.81159973,15.4061816403333,15.4061816403333,4.06785501758394,4.06785501758394,0,0,0,0,0,0,0,0,0,1,0
heyo1240,Heyo,Nuclear Torricelli,55.0,2,2,,,threatened,1,3006.70564478923,3006.70564478923,18.81159973,18.81159973,15.4061816403333,15.4061816403333,4.06785501758394,4.06785501758394,0,0,0,0,0,0,0,0,0,1,0
yaha1247,Yahang,Nuclear Torricelli,55.0,3,2,,,endangered,1,3006.70564478923,3006.70564478923,18.81159973,18.81159973,15.4061816403333,15.4061816403333,4.06785501758394,4.06785501758394,0,0,0,0,0,0,0,0,0,1,0
buna1277,Buna,Nuclear Torricelli,55.0,,2,,,threatened,1,3006.70564478923,3006.70564478923,18.81159973,18.81159973,15.4061816403333,15.4061816403333,4.06785501758394,4.06785501758394,0,0,0,0,0,0,0,0,0,1,0
bung1270,Bungain,Nuclear Torricelli,55.0,,2,,,threatened,1,3006.70564478923,3006.70564478923,18.81159973,18.81159973,15.4061816403333,15.4061816403333,4.06785501758394,4.06785501758394,0,0,0,0,0,0,0,0,0,1,0
kama1367,Kamasau,Nuclear Torricelli,55.0,,3,,,endangered,1,3006.70564478923,3006.70564478923,18.81159973,18.81159973,15.4061816403333,15.4061816403333,4.06785501758394,4.06785501758394,0,0,0,0,0,0,0,0,0,1,0
elep1240,Elepi,Nuclear Torricelli,55.0,,3,,,endangered,1,3006.70564478923,3006.70564478923,18.81159973,18.81159973,15.4061816403333,15.4061816403333,4.06785501758394,4.06785501758394,0,0,0,0,0,0,0,0,0,1,0
urim1251,Urimo,Nuclear Torricelli,55.0,,3,,,endangered,1,3006.70564478923,3006.70564478923,18.81159973,18.81159973,15.4061816403333,15.4061816403333,4.06785501758394,4.06785501758394,0,0,0,0,0,0,0,0,0,1,0
juwa1238,Juwal,Nuclear Torricelli,55.0,,3,,,endangered,1,3006.70564478923,3006.70564478923,18.81159973,18.81159973,15.4061816403333,15.4061816403333,4.06785501758394,4.06785501758394,0,0,0,0,0,0,0,0,0,1,0
wiar1238,Wiarumus,Nuclear Torricelli,55.0,,3,,4,severely endangered,1,3006.70564478923,3006.70564478923,18.81159973,18.81159973,15.4061816403333,15.4061816403333,4.06785501758394,4.06785501758394,0,0,0,0,0,0,0,0,0,1,0
gnau1240,Gnau,Nuclear Torricelli,55.0,,3,,,endangered,1,3006.70564478923,3006.70564478923,18.81159973,18.81159973,15.4061816403333,15.4061816403333,4.06785501758394,4.06785501758394,0,0,0,0,0,0,0,0,0,1,0
urat1244,Urat,Nuclear Torricelli,55.0,,2,,1,threatened,1,3006.70564478923,3006.70564478923,18.81159973,18.81159973,15.4061816403333,15.4061816403333,4.06785501758394,4.06785501758394,0,0,0,0,0,0,0,0,0,1,0
bumb1241,Bumbita Arapesh,Nuclear Torricelli,55.0,,2,,3,endangered,1,3006.70564478923,3006.70564478923,18.81159973,18.81159973,15.4061816403333,15.4061816403333,4.06785501758394,4.06785501758394,0,0,0,0,0,0,0,0,0,1,0
mufi1238,Mufian,Nuclear Torricelli,55.0,,1,,,vulnerable,1,3006.70564478923,3006.70564478923,18.81159973,18.81159973,15.4061816403333,15.4061816403333,4.06785501758394,4.06785501758394,0,0,0,0,0,0,0,0,0,1,0
buki1249,Bukiyip,Nuclear Torricelli,55.0,,1,3,3,endangered,1,3006.70564478923,3006.70564478923,18.81159973,18.81159973,15.4061816403333,15.4061816403333,4.06785501758394,4.06785501758394,0,0,0,0,0,0,0,0,0,1,0
yamb1254,Yambes,Nuclear Torricelli,55.0,,3,,,endangered,1,3006.70564478923,3006.70564478923,18.81159973,18.81159973,15.4061816403333,15.4061816403333,4.06785501758394,4.06785501758394,0,0,0,0,0,0,0,0,0,1,0
eiti1240,Eitiep,Nuclear Torricelli,55.0,,3,,,endangered,1,3006.70564478923,3006.70564478923,18.81159973,18.81159973,15.4061816403333,15.4061816403333,4.06785501758394,4.06785501758394,0,0,0,0,0,0,0,0,0,1,0
komb1272,Kombio,Nuclear Torricelli,55.0,,2,4,2,endangered,1,3006.70564478923,3006.70564478923,18.81159973,18.81159973,15.4061816403333,15.4061816403333,4.06785501758394,4.06785501758394,0,0,0,0,0,0,0,0,0,1,0
torr1259,Aro-Mukweym-Orok,Nuclear Torricelli,55.0,,3,,,endangered,1,3006.70564478923,3006.70564478923,18.81159973,18.81159973,15.4061816403333,15.4061816403333,4.06785501758394,4.06785501758394,0,0,0,0,0,0,0,0,0,1,0
arue1240,Aruek,Nuclear Torricelli,55.0,,3,,,endangered,1,3006.70564478923,3006.70564478923,18.81159973,18.81159973,15.4061816403333,15.4061816403333,4.06785501758394,4.06785501758394,0,0,0,0,0,0,0,0,0,1,0
wana1268,Wanap,Nuclear Torricelli,55.0,,3,,,endangered,1,3006.70564478923,3006.70564478923,18.81159973,18.81159973,15.4061816403333,15.4061816403333,4.06785501758394,4.06785501758394,0,0,0,0,0,0,0,0,0,1,0
nabi1239,Nabi-Metan,Nuclear Torricelli,55.0,,3,,,endangered,1,3006.70564478923,3006.70564478923,18.81159973,18.81159973,15.4061816403333,15.4061816403333,4.06785501758394,4.06785501758394,0,0,0,0,0,0,0,0,0,1,0
mini1253,Minidien,Nuclear Torricelli,55.0,,3,,5,critically endangered,1,3006.70564478923,3006.70564478923,18.81159973,18.81159973,15.4061816403333,15.4061816403333,4.06785501758394,4.06785501758394,0,0,0,0,0,0,0,0,0,1,0
diaa1238,Alu-Sinagen,Nuclear Torricelli,55.0,,2,,,threatened,1,3006.70564478923,3006.70564478923,18.81159973,18.81159973,15.4061816403333,15.4061816403333,4.06785501758394,4.06785501758394,0,0,0,0,0,0,0,0,0,1,0
sina1269,Galu,Nuclear Torricelli,55.0,,3,,,endangered,1,3006.70564478923,3006.70564478923,18.81159973,18.81159973,15.4061816403333,15.4061816403333,4.06785501758394,4.06785501758394,0,0,0,0,0,0,0,0,0,1,0
auuu1241,Au,Nuclear Torricelli,55.0,,2,,,threatened,1,3006.70564478923,3006.70564478923,18.81159973,18.81159973,15.4061816403333,15.4061816403333,4.06785501758394,4.06785501758394,0,0,0,0,0,0,0,0,0,1,0
oloo1241,Olo,Nuclear Torricelli,55.0,,1,,,vulnerable,1,3006.70564478923,3006.70564478923,18.81159973,18.81159973,15.4061816403333,15.4061816403333,4.06785501758394,4.06785501758394,0,0,0,0,0,0,0,0,0,1,0
elke1240,Elkei,Nuclear Torricelli,55.0,,2,,,threatened,1,3006.70564478923,3006.70564478923,18.81159973,18.81159973,15.4061816403333,15.4061816403333,4.06785501758394,4.06785501758394,0,0,0,0,0,0,0,0,0,1,0
yaus1235,Yau (Sandaun Province),Nuclear Torricelli,55.0,,3,,,endangered,1,3006.70564478923,3006.70564478923,18.81159973,18.81159973,15.4061816403333,15.4061816403333,4.06785501758394,4.06785501758394,0,0,0,0,0,0,0,0,0,1,0
yiss1240,Yis,Nuclear Torricelli,55.0,,3,,,endangered,1,3006.70564478923,3006.70564478923,18.81159973,18.81159973,15.4061816403333,15.4061816403333,4.06785501758394,4.06785501758394,0,0,0,0,0,0,0,0,0,1,0
ning1273,Ningil,Nuclear Torricelli,55.0,,3,,,endangered,1,3006.70564478923,3006.70564478923,18.81159973,18.81159973,15.4061816403333,15.4061816403333,4.06785501758394,4.06785501758394,0,0,0,0,0,0,0,0,0,1,0
yill1241,Yil,Nuclear Torricelli,55.0,,2,,,threatened,1,3006.70564478923,3006.70564478923,18.81159973,18.81159973,15.4061816403333,15.4061816403333,4.06785501758394,4.06785501758394,0,0,0,0,0,0,0,0,0,1,0
brag1240,Bragat,Nuclear Torricelli,55.0,,3,,,endangered,1,3006.70564478923,3006.70564478923,18.81159973,18.81159973,15.4061816403333,15.4061816403333,4.06785501758394,4.06785501758394,0,0,0,0,0,0,0,0,0,1,0
amol1235,Mol,Nuclear Torricelli,55.0,,3,,2,endangered,1,3006.70564478923,3006.70564478923,18.81159973,18.81159973,15.4061816403333,15.4061816403333,4.06785501758394,4.06785501758394,0,0,0,0,0,0,0,0,0,1,0
aruo1240,Srenge,Nuclear Torricelli,55.0,,3,,2,endangered,1,3006.70564478923,3006.70564478923,18.81159973,18.81159973,15.4061816403333,15.4061816403333,4.06785501758394,4.06785501758394,0,0,0,0,0,0,0,0,0,1,0
yang1296,Yangum Mon,Nuclear Torricelli,55.0,,3,,,endangered,1,3006.70564478923,3006.70564478923,18.81159973,18.81159973,15.4061816403333,15.4061816403333,4.06785501758394,4.06785501758394,0,0,0,0,0,0,0,0,0,1,0
valm1241,Walman,Nuclear Torricelli,55.0,4,2,4,3,severely endangered,1,3006.70564478923,3006.70564478923,18.81159973,18.81159973,15.4061816403333,15.4061816403333,4.06785501758394,4.06785501758394,0,0,0,0,0,0,0,0,0,1,0
agii1245,Agi,Nuclear Torricelli,55.0,,3,,,endangered,1,3006.70564478923,3006.70564478923,18.81159973,18.81159973,15.4061816403333,15.4061816403333,4.06785501758394,4.06785501758394,0,0,0,0,0,0,0,0,0,1,0
yapu1240,Yeri,Nuclear Torricelli,55.0,4,4,4,4,severely endangered,1,3006.70564478923,3006.70564478923,18.81159973,18.81159973,15.4061816403333,15.4061816403333,4.06785501758394,4.06785501758394,0,0,0,0,0,0,0,0,0,1,0
nort2971,Enlhet Norte,Lengua-Mascoy,6.0,,2,,,threatened,1,6416.09708970845,6416.09708970845,81.57806793,81.57806793,69.8622585886961,69.8622585886961,1.97522945625298,1.97522945625298,0,0,0,0,0,0,0,0,0,0,1
sout2989,Enxet Sur,Lengua-Mascoy,6.0,3,2,2,1,threatened,1,6416.09708970845,6416.09708970845,81.57806793,81.57806793,69.8622585886961,69.8622585886961,1.97522945625298,1.97522945625298,0,0,0,0,0,0,0,0,0,0,1
toba1268,Toba-Enenlhet,Lengua-Mascoy,6.0,,2,,,threatened,2,10310.5488778166,8363.322983762526,84.46347227,83.0207701,87.8958549533146,78.87905677100534,1.97522945625298,1.3498155768560829,0,0,0,0,0,0,0,0,0,0,1
guan1268,Guaná (Paraguay),Lengua-Mascoy,6.0,,5,5,5,critically endangered,2,10310.5488778166,8363.322983762526,84.46347227,83.0207701,87.8958549533146,78.87905677100534,1.97522945625298,1.3498155768560829,0,0,0,0,0,0,0,0,0,0,1
sana1298,Sanapaná,Lengua-Mascoy,6.0,,2,3,1,threatened,1,6416.09708970845,6416.09708970845,81.57806793,81.57806793,69.8622585886961,69.8622585886961,1.97522945625298,1.97522945625298,0,0,0,0,0,0,0,0,0,0,1
anga1316,Angaité,Lengua-Mascoy,6.0,4,3,4,3,severely endangered,1,6416.09708970845,6416.09708970845,81.57806793,81.57806793,69.8622585886961,69.8622585886961,1.97522945625298,1.97522945625298,0,0,0,0,0,0,0,0,0,0,1
gily1242,Amur Nivkh,Nivkh,2.0,,3,5,3,severely endangered,1,14889.0185546875,14889.0185546875,94.36495368,94.36495368,75.1119136177067,75.1119136177067,-0.0283196242809465,-0.0283196242809465,0,0,0,0,0,0,0,1,0,0,0
sakh1247,Nighvng,Nivkh,2.0,,3,5,3,severely endangered,1,14889.0185546875,14889.0185546875,94.36495368,94.36495368,75.1119136177067,75.1119136177067,-0.0283196242809465,-0.0283196242809465,0,0,0,0,0,0,0,1,0,0,0
